entry_number,first_author_or_label,year,printed_page_start,printed_page_end,pdf_page_start,pdf_page_end,reference
1,Adams,1997,331,331,342,342,"Adams, D. Q. (ed.) (1997). Festschrift for Eric P. Hamp. Washington, D.C.: Institute for the Study of Man."
2,Agbayani,2010,331,331,342,342,"Agbayani, B., and Golston, C. (2010). ‘Phonological movement in Classical Greek’, Language 86: 133–67."
3,Anthony,2007,331,331,342,342,"Anthony, D. (2007). The horse, the wheel, and language. Princeton: Princeton University Press."
4,Anthony,2015,331,331,342,342,"Anthony, D. and Ringe, D. (2015). ‘The Indo-European homeland from linguistic and archaeological perspectives’, Annual Review of Linguistics 1: 199–219."
5,Antonsen,1975,331,331,342,342,"Antonsen, E. (1975). A concise grammar of the Older Runic inscriptions. Tübingen: Niemeyer."
6,Aronoff,1994,331,331,342,342,"Aronoff, M. (1994). Morphology by itself. Cambridge, Mass.: MIT Press."
7,Austin,1946,331,331,342,342,"Austin, W. (1946). ‘A corollary to the Germanic Verschärfung’, Language 22: 109–11."
8,Bammesberger,1976,331,331,342,342,"Bammesberger, A. (1976). ‘Altenglisch sneowan/snowan und gotisch sniwan’, Zeitschrift für vergleichende Sprachforschung 90: 258–61."
9,Bammesberger,1980,331,331,342,342,"Bammesberger, A. (1980). ‘Das Präteritalparadigma einiger “reduplizierender” Verben im Urgermanischen’, in Mayrhofer et al. (edd.) 1980: 1–21."
10,Bammesberger,1981,331,331,342,342,"Bammesberger, A. (1981). ‘Two notes on the present optative in Germanic’, General Linguistics 21: 79–84."
11,Bammesberger,1986,331,331,342,342,"Bammesberger, A. (1986). Der Aufbau des germanischen Verbalsystems. Heidelberg: Winter."
12,Bammesberger,1988,331,331,342,342,"Bammesberger, A. (ed.) (1988). Die Laryngaltheorie und die Rekonstruktion des indogermanischen Laut- und Formensystems. Heidelberg: Winter."
13,Bammesberger,1990,331,331,342,342,"Bammesberger, A. (1990). Die Morphologie des urgermanischen Nomens. Heidelberg: Winter."
14,Bammesberger,2000,331,331,342,342,"Bammesberger, A. (2000). ‘Altenglisch earð/eart “(thou) art” und Johannes Schmidts Beitrag zur Erklärung des Verbum substantivum im Germanischen’, in Ofitsch, M., and Zinko, C. (edd.), 125 Jahre Indogermanistik in Graz (Graz: Leykam) 11–19."
15,Barber,2013,331,331,342,342,"Barber, P. (2013). Sievers’ law and the history of semivowel syllabicity in Indo-European and Ancient Greek. Oxford: Oxford University Press."
16,Bazell,1937,331,331,342,342,"Bazell, C. E. (1937). ‘IE final unaccented ē in Germanic’, Journal of English and Germanic Philology 36: 1–9."
17,Beekes,1969,331,331,342,342,"Beekes, R. S. P. (1969). The development of the Proto-Indo-European laryngeals in Greek. The Hague: Mouton."
18,Beekes,1972,331,331,342,342,"Beekes, R. S. P. (1972). ‘H₂O’, Die Sprache 18: 117–31."
19,Beekes,2011,331,331,342,342,"Beekes, R. S. P. (2011). Comparative Indo-European linguistics: an introduction. 2nd ed. Amsterdam: Benjamins."
20,Bennett,1960,331,331,342,342,"Bennett, W. H. (1960). The Gothic commentary on the gospel of John. New York: Modern Language Association of America."
21,Bennett,1962,331,331,342,342,"Bennett, W. H. (1962). ‘The parent suffix in Germanic weak verbs of class III’, Language 38: 135–41."
22,Bennett,1978,331,331,342,342,"Bennett, W. H. (1978). ‘The Germanic reflex of Indo-European /ə/ in originally medial syllables’, in Jazayery, M. A., Polomé, E., and Winter, W. (edd.), Linguistic and literary studies in honor of Archibald A. Hill. III: Historical and comparative linguistics (The Hague: Mouton) 13–8."
23,Benveniste,1949,332,332,343,343,"Benveniste, É. (1949). ‘Sur quelques développements du parfait indo-européen’, Archivum Linguisticum 1: 16–22."
24,Benveniste,1951,332,332,343,343,"Benveniste, É. (1951). ‘Prétérit et optatif en indo-européen, Bulletin de la Société de Linguistique de Paris 47: 11–20."
25,Bernhardsson,2001,332,332,343,343,"Bernhardsson, H. (2001). Verner’s Law in Gothic. Ph.D. dissertation, Cornell."
26,Birkmann,1987,332,332,343,343,"Birkmann, T. (1987). Präteritopräsentia. Tübingen: Niemeyer."
27,Björkman,1900,332,332,343,343,"Björkman, E. (1900). Scandinavian loan-words in Middle English. Halle: Niemeyer."
28,Bloomfield,1911,332,332,343,343,"Bloomfield, L. (1911). Review of Wood, F. A. (1905), Indo-European ax: axi: axu. A study in ablaut and word-formation (Strassburg: Dissertation), Journal of English and Germanic Philology 10: 628–31."
29,Bloomfield,1933,332,332,343,343,"Bloomfield, L. (1933). Language. Chicago: University of Chicago Press."
30,Blust,1974,332,332,343,343,"Blust, R. (1974). ‘A double counter-universal in Kelabit’, University of Hawaii Working Papers in Linguistics 5: 49–56."
31,Braune,2004,332,332,343,343,"Braune, W., and Heidermanns, F. (2004). Gotische Grammatik. 20th edn. Tübingen: Niemeyer."
32,Braune,2004,332,332,343,343,"Braune, W., and Reiffenstein, I. (2004). Althochdeutsche Grammatik I. Laut- und Formenlehre. 15th edn. Tübingen: Niemeyer."
33,Brixhe,2004,332,332,343,343,"Brixhe, C. (2004). ‘Phrygian’, in Woodard, R. D. (ed.), The Cambridge encyclopaedia of the world’s ancient languages (Cambridge: Cambridge University Press) 777–88."
34,Brugmann,1897,332,332,343,343,"Brugmann, K. (1897). Grundriß der vergleichenden Grammatik der indogermanischen Sprachen, Vol. I, 2nd ed. Straßburg: Trübner."
35,Brugmann,1906,332,332,343,343,"Brugmann, K. (1906). Grundriß der vergleichenden Grammatik der indogermanischen Sprachen, Vol. II, Part 1, 2nd ed. Straßburg: Trübner."
36,Brugmann,1911,332,332,343,343,"Brugmann, K. (1911). Grundriß der vergleichenden Grammatik der indogermanischen Sprachen, Vol. II, Part 2, 2nd ed. Straßburg: Trübner."
37,Brunner,1965,332,332,343,343,"Brunner, K. (1965). Altenglische Grammatik, 3rd ed. Tübingen: Niemeyer."
38,Byrd,2015,332,332,343,343,"Byrd, A. M. (2015). The Indo-European syllable. Leiden: Brill."
39,Campbell,1962,332,332,343,343,"Campbell, A. (1962). Old English grammar. Revised ed. Oxford: Oxford University Press."
40,Cardona,1960,332,332,343,343,"Cardona, G. (1960). The Indo-European thematic aorists. Ph.D. dissertation, Yale."
41,Cardona,1965,332,332,343,343,"Cardona, G. (1965). ‘Vedic imperatives in -si’, Language 41: 1–18."
42,Carstairs,1987,332,332,343,343,"Carstairs, A. (1987). Allomorphy in inflection. London: Croom Helm."
43,Carstairs-McCarthy,1991,332,332,343,343,"Carstairs-McCarthy, A. (1991). ‘Inflection classes: two questions with one answer’, in Plank, F. (ed.), Paradigms: the economy of inflection (Berlin: Mouton de Gruyter) 213–53."
44,Cercignani,1984,332,332,343,343,"Cercignani, F. (1984). ‘The enfants terribles of Gothic “breaking”: hiri, aiþþau, etc.’, Journal of Indo-European Studies 12: 315–44."
45,Chang,2015,332,332,343,343,"Chang, W., Cathcart, C., Hall, D., and Garrett, A. (2015). ‘Ancestry-constrained phylogenetic analysis supports the Indo-European steppe hypothesis’, Language 91: 194–244."
46,Chantraine,1927,332,332,343,343,"Chantraine, P. (1927). Histoire du parfait grec. Paris: Champion."
47,Chantraine,1973,332,332,343,343,"Chantraine, P. (1973). Grammaire homérique, Tome I, Phonétique et morphologie, 5th printing, corrected. Paris: Klincksieck."
48,Clackson,2007,332,332,343,343,"Clackson, J. (2007). Indo-European linguistics: an introduction. Cambridge: Cambridge University Press."
49,Comrie,1976,332,332,343,343,"Comrie, B. (1976). Aspect. Cambridge: Cambridge University Press."
50,Cooper,2015,332,332,343,343,"Cooper, A. I. (2015). Reconciling Indo-European syllabification. Leiden: Brill."
51,Corbett,2000,332,332,343,343,"Corbett, G. G. (2000). Number. Cambridge: Cambridge University Press."
52,Cowgill,1959,333,333,344,344,"Cowgill, W. (1959). ‘The inflection of the Germanic ō-presents’, Language 35: 1–15."
53,Cowgill,1960,333,333,344,344,"Cowgill, W. (1960). ‘Gothic iddja and Old English ēode’, Language 36: 483–501."
54,Cowgill,1965,333,333,344,344,"Cowgill, W. (1965). ‘Evidence in Greek’, in Winter (ed.) 1965: 142–80."
55,Cowgill,1974,333,333,344,344,"Cowgill, W. (1974). ‘Indo-European languages’, The New Encyclopædia Britannica: Macropædia (15th ed.) 9: 431–8."
56,Cowgill,1973,333,333,344,344,"Cowgill, W. (1973). ‘The source of Latin stāre, with notes on comparable forms elsewhere in Indo-European’, Journal of Indo-European Studies 1: 271–303."
57,Cowgill,1979,333,333,344,344,"Cowgill, W. (1979). ‘Anatolian hi-conjugation and Indo-European perfect: instalment II’, in Neu and Meid (edd.) 1979: 25–39. Cowgill, W. (1985a). ‘Loss of morphophonemic alternation in moribund categories, as exemplified in the Gothic verb’, in Pieper, U., and Stickel, G. (edd.), Studia linguistica diachronica et synchronica Werner Winter sexagenario anno MCMLXXXIII (Berlin: Mouton de Gruyter) 145–9. Cowgill, W. (1985b). ‘PIE *duṷo ‘2’ in Germanic and Celtic, and the nom.-acc. dual of nonneuter o-stems’, Münchener Studien zur Sprachwissenschaft 46: 13–28."
58,Cowgill,1986,333,333,344,344,"Cowgill, W. (1986). ‘Einleitung’, in Cowgill and Mayrhofer 1986: 9–71. Cowgill, W. (2006a). The collected writings of Warren Cowgill, ed. Jared Klein. Ann Arbor: Beech Stave Press. Cowgill, W. (2006b). ‘The z-cases of Germanic pronouns and strong adjectives’, in Cowgill 2006a: 519–34."
59,Cowgill,1986,333,333,344,344,"Cowgill, W., and Mayrhofer, M. (1986). Indogermanische Grammatik. Band I. Heidelberg: Winter."
60,Darms,1978,333,333,344,344,"Darms, G. (1978). Schwäher und Schwager, Hahn und Huhn: die Vr̥ddhi-Ableitung im Germanischen. Munich: Kitzinger."
61,de Vaan,2008,333,333,344,344,"de Vaan, M. (2008). Etymological dictionary of Latin and the other Italic languages. Leiden: Brill."
62,Delfs,2006,333,333,344,344,"Delfs, L. C. S. (2006). ‘Evidence for the origin of the augment’, paper read at the 25th East Coast Indo-European Conference, Columbus, Ohio."
63,Dishington,1976,333,333,344,344,"Dishington, J. (1976). ‘Functions of the Germanic ē-verbs: a clue to their formal prehistory’, Language 52: 851–65."
64,Dishington,1978,333,333,344,344,"Dishington, J. (1978). ‘Arguments for an ai/ja-paradigm in the 3rd weak class of ProtoGermanic’, Indogermanische Forschungen 83: 301–23."
65,Eichner,1973,333,333,344,344,"Eichner, H. (1973). ‘Die Etymologie von heth. mehur’, Münchener Studien zur Sprachwissenschaft 31: 53–107."
66,Ermisch,2007,333,333,344,344,"Ermisch, S. (2007). Issues in the left periphery. A typological approach to topic and focus constructions. Frankfurt: Peter Lang."
67,Eska,1989,333,333,344,344,"Eska, J. F. (1989). Towards an interpretation of the Hispano-Celtic inscription of Botorrita. Innsbruck: Institut für Sprachwissenschaft der Universität Innsbruck."
68,Euler,2009,333,333,344,344,"Euler, W. (2009). Sprache und Herkunft der Germanen. With K. Badenheuer. Hamburg: Inspiration Un Limited."
69,Eyþórsson,1995,333,333,344,344,"Eyþórsson, Þ. (1995). Verbal syntax in the early Germanic languages. Ph.D. dissertation, Cornell University."
70,Feist,1939,333,333,344,344,"Feist, S. (1939). Vergleichendes Wörterbuch der gotischen Sprache. Leiden: Brill."
71,Ferraresi,2005,333,333,344,344,"Ferraresi, G. (2005). Word order and phrase structure in Gothic. Orbis Supplementa 25. Leuven: Peeters."
72,Forssman,1966,334,334,345,345,"Forssman, B. (1966). Untersuchungen zur Sprache Pindars. Wiesbaden: Harrassowitz."
73,Forssman,1999,334,334,345,345,"Forssman, B. (1999). ‘schwören, schwur, geschworen’, in Schindler, W., and Untermann, J. (edd.), Grippe, Kamm und Eulenspiegel: Festschrift für Elmar Seebold zum 65. Geburtstag (Berlin: de Gruyter) 77–91."
74,Fortson,2009,334,334,345,345,"Fortson, B. W. IV. (2009). Indo-European Language and Culture. 2nd ed. Oxford: Blackwell."
75,Fortson,2012,334,334,345,345,"Fortson, B. W. IV. (2012). ‘Latin -rier and its Indo-Iranian congeners’, Indogermanische Forschungen 117: 75–118."
76,Gallée,1993,334,334,345,345,"Gallée, J. H. (1993). Altsächsische Grammatik. 3rd ed., rev. H. Tiefenbach. Tübingen: Niemeyer."
77,Gamkrelidze,1973,334,334,345,345,"Gamkrelidze, T., and Ivanov, V. (1973). ‘Sprachtypologie und die Rekonstruktion der gemeinindogermanischen Verschlüsse’, Phonetica 27: 150–6."
78,Gamkrelidze,1984,334,334,345,345,"Gamkrelidze, T., and Ivanov, V. (1984). Indoevropejskij jazyk i indoevropejcy. Tbilisi: University of Tbilisi Press."
79,Gippert,2004,334,334,345,345,"Gippert, J. (2004). ‘Ein Problem der indogermanischen Pronominalflexion’, in Hyllested, A., et al. (edd.) 2004: 155–65."
80,Goedegebuure,2009,334,334,345,345,"Goedegebuure, P. (2009). ‘Focus structure and Q-word questions in Hittite’, Linguistics 47: 945–69."
81,Goering,2012,334,334,345,345,"Goering, N. (2012). Reconstruction and background of the Germanic class III weak verbs. M.Phil. thesis, Oxford."
82,Goossens,1977,334,334,345,345,"Goossens, J. (1977). ‘De tweede nederlandse auslautverscherping’, Tijdschrift voor Nederlandse Taal- en Letterkunde 93: 3–23."
83,Gorbachov,2007,334,334,345,345,"Gorbachov, Y. (2007). Indo-European origins of the nasal inchoative class in Germanic, Baltic, and Slavic. Ph.D. dissertation, Harvard."
84,Gorbachov,2014,334,334,345,345,"Gorbachov, Y. (2014). ‘The origin of the Baltic inchoative in -sta-: an overlooked Proto-Baltic sound law’, Indogermanische Forschungen 119: 21–53."
85,Gordon,1962,334,334,345,345,"Gordon, E. V. (1962). An introduction to Old Norse, revised by A. R. Taylor, 2nd, corrected ed. Oxford: Clarendon Press."
86,Gray,2003,334,334,345,345,"Gray, R. D., and Atkinson, Q. D. (2003). ‘Language-tree divergence times support the Anatolian theory of Indo-European origin’, Nature 426: 435–9."
87,Gress-Wright,2010,334,334,345,345,"Gress-Wright, J. (2010). Opacity and transparency in phonological change. Ph.D. dissertation, University of Pennsylvania."
88,Griepentrog,1995,334,334,345,345,"Griepentrog, W. (1995). Die Wurzelnomina des Germanischen und ihre Vorgeschichte. Innsbruck: Institut für Sprachwissenschaft der Universität Innsbruck."
89,Gunkel,2016,334,334,345,345,"Gunkel, D., Katz, J. T., Vine, B., and Weiss, M. (edd.) (2016). Sahasram ati srajas: Indo-Iranian and Indo-European studies in honor of Stephanie W. Jamison. Ann Arbor: Beech Stave Press."
90,Haak,2015,334,334,345,345,"Haak, W., Lazaridis, I., Reich, D., et al. (2015). ‘Massive migration from the steppe was a source for Indo-European languages in Europe’, Nature 522: 207–11."
91,Haas,1966,334,334,345,345,"Haas, O. (1966). Die phrygischen Sprachdenkmäler. (= Linguistique balkanique X.) Sofia: Académie Bulgare des Sciences."
92,Hackstein,1993,334,334,345,345,"Hackstein, O. (1993). ‘Osttocharische Reflexe grundsprachlicher Präsensbildungen von idg. *g̑neh3- ‘erkennen’ ’, in Meiser, G. (ed.), Indogermanica et Italica, Festschrift für Helmut Rix zum 65. Geburtstag (Innsbruck: Institut für Sprachwissenschaft der Universität Innsbruck) 148–58."
93,Hackstein,2002,334,334,345,345,"Hackstein, O. (2002). ‘Uridg. *CH.CC > *C.CC’, Historische Sprachforschung 115: 1–22."
94,Hackstein,2005,335,335,346,346,"Hackstein, O. (2005). ‘Archaismus oder historischer Sprachkontakt’, in Meiser, G., and Hackstein, O. (edd.), Sprachkontakt und Sprachwandel (Wiesbaden: Reichert) 169–84."
95,Haegeman,1991,335,335,346,346,"Haegeman, L. (1991). Introduction to government and binding theory. Oxford: Blackwell."
96,Hajnal,1995,335,335,346,346,"Hajnal, I. (1995). Studien zum mykenischen Kasussystem. Berlin: de Gruyter."
97,Hale,1987,335,335,346,346,"Hale, M. (1987). Studies in the comparative syntax of the oldest Indo-Iranian languages. Ph.D. dissertation, Harvard."
98,Hale,1994,335,335,346,346,"Hale, M. (1994). ‘Rigvedic prosodic structure’, paper read at the 13th East Coast Indo-European Conference, Austin, Texas, May 29, 1994."
99,Hall,1946,335,335,346,346,"Hall, R. (1946). ‘Classical Latin noun inflection’, Classical Philology 41: 84–90."
100,Hansen,2014,335,335,346,346,"Hansen, B. S. S. (2014). ‘The outcome of PIE *-ēi̭(C)# and *-ēṷ(C)# in Germanic’, North-Western European Language Evolution 67: 149–72."
101,Harðarson,1993,335,335,346,346,"Harðarson, J. A. (1993). Studien zum urindogermanischen Wurzelaorist. Innsbruck: Institut für Sprachwissenschaft der Universität Innsbruck."
102,Harðarson,1995,335,335,346,346,"Harðarson, J. A. (1995). ‘Griechisch τῆλε’, Historische Sprachforschung 108: 205–6."
103,Harðarson,2001,335,335,346,346,"Harðarson, J. A. (2001). Das Präteritum der schwachen Verba auf -ýia im Altisländischen und verwandte Probleme der altnordischen und germanischen Sprachwissenschaft. Innsbruck: Institut für Sprachwissenschaft der Universität Innsbruck."
104,Heidermanns,1986,335,335,346,346,"Heidermanns, F. (1986). ‘Zur primären Wortbildung im germanischen Adjektivsystem’, Zeitschrift für vergleichende Sprachforschung 99: 278–307."
105,Heidermanns,1993,335,335,346,346,"Heidermanns, F. (1993). Etymologisches Wörterbuch der germanischen Primäradjektive. Berlin: de Gruyter."
106,Heidermanns,1996,335,335,346,346,"Heidermanns, F. (1996). ‘Der Ursprung der gotischen Adverbien auf -ba’, Historische Sprachforschung 109: 257–75."
107,Heidermanns,2007,335,335,346,346,"Heidermanns, F. (2007). ‘Zum Präteritum der starken Verben im Gotischen’, in Fix, H. (ed.), Beiträge zur Morphologie: Germanisch, Baltisch, Ostseefinnisch (Odense: University Press of Southern Denmark) 57–67."
108,Helten,1906,335,335,346,346,"Helten, W. van. (1906). ‘Zum germanischen Zahlwort’, Indogermanische Forschungen 18: 84–126."
109,Heubeck,1956,335,335,346,346,"Heubeck, A. (1956). ‘῎Αρτεμις ἰοχέαιρα’, Beiträge zur Namenforschung 7: 275–9."
110,Hill,2003,335,335,346,346,"Hill, E. (2003). Untersuchungen zum inneren Sandhi des Indogermanischen. Bremen: Hempen."
111,Hill,2004,335,335,346,346,"Hill, E. (2004). ‘Das germanische Verb für “tun” und die Ausgänge des germanischen schwachen Präteritums’, Sprachwissenschaft 29: 257–303."
112,Hill,2006,335,335,346,346,"Hill, E. (2006). ‘Ein germanisch-keltisches Suffix für Nominalabstrakta’, Münchener Studien zur Sprachwissenschaft 62: 39–70."
113,Hill,2010,335,335,346,346,"Hill, E. (2010). ‘A case study in grammaticalized inflectional morphology: origin and development of the Germanic weak preterite’, Diachronica 27: 411–58."
114,Hill,2012,335,335,346,346,"Hill, E. (2012). ‘Die Entwicklung von *u vor unsilbischem *i in den indogermanischen Sprachen Nord- und Mitteleuropas: die Stammsuppletion by u-Adjektiven und das Präsens von ‘sein’, North-Western European Language Evolution 64/65: 5–36."
115,Hock,1973,335,335,346,346,"Hock, H. H. (1973). ‘On the phonemic status of Germanic e and i’, in Kachru, B. B. et al. (edd.), Issues in linguistics: papers in honor of Henry and Renée Kahane (Urbana: University of Illinois Press) 319–51."
116,Hoenigswald,1960,335,335,346,346,"Hoenigswald, H. M. (1960). Language change and linguistic reconstruction. Chicago: University of Chicago Press."
117,Hoenigswald,1985,336,336,347,347,"Hoenigswald, H. M. (1985). ‘From plain to worse’, in Ölberg, H., Schmidt, G., and Bothien, H. (edd.), Sprachwissenschaftliche Forschungen. Festschrift für Johann Knobloch (Innsbruck: Institut für Sprachwissenschaft der Universität Innsbruck) 167–70. Hoffmann, K. (1955a). ‘Ein grundsprachliches Possessivsuffix’, Münchener Studien zur Sprachwissenschaft 6: 35–40. (= Hoffmann 1976: 378–83.) Hoffmann, K. (1955b). ‘Vedisch “gamati” ’, Münchener Studien zur Sprachwissenschaft 7: 89–92. (= Hoffmann 1976: 384–6.)"
118,Hoffmann,1967,336,336,347,347,"Hoffmann, K. (1967). ‘Der vedische Prekativtyp yeṣam, jeṣma’, Münchener Studien zur Sprachwissenschaft 20: 25–37. (= Hoffmann 1976: 465–74.)"
119,Hoffmann,1976,336,336,347,347,"Hoffmann, K. (1976). Aufsätze zur Indoiranistik. Band 2. Ed. J. Narten. Wiesbaden: Reichert."
120,Hoffner,2008,336,336,347,347,"Hoffner, H. A., and Melchert, H. C. (2008). A grammar of the Hittite language. Winona Lake: Eisenbrauns."
121,Hollifield,1980,336,336,347,347,"Hollifield, P. H. (1980). ‘The phonological development of final syllables in Germanic’, Die Sprache 26: 19–53, 145–78."
122,Holthausen,1963,336,336,347,347,"Holthausen, F. (1963). Altenglisches etymologisches Wörterbuch, 2nd ed. Heidelberg: Winter."
123,Householder,1947,336,336,347,347,"Householder, F. (1947). ‘A descriptive analysis of Latin declension’, Word 3: 48–58."
124,Huld,1988,336,336,347,347,"Huld, M. (1988). ‘Homeric δᾱήρ’, American Journal of Philology 109: 424–30."
125,Hyllested,2004,336,336,347,347,"Hyllested, A., Jørgensen, A. R., Larsson, J. H., and Olander, T. (edd.) (2004). Per Aspera ad Asteriscos: Studia Indogermanica in honorem Jens Elmegård Rasmussen. Innsbruck: Innsbrucker Beiträge zur Sprachwissenschaft."
126,Jamison,1979,336,336,347,347,"Jamison, S. (1979). ‘The case of the agent in Indo-European’, Die Sprache 25: 129–42."
127,Jasanoff,1975,336,336,347,347,"Jasanoff, J. H. (1975). ‘Class III presents in Tocharian.’ In Watkins, C. (ed.) 1975: 1–15."
128,Jasanoff,1976,336,336,347,347,"Jasanoff, J. H. (1976). ‘Gr. ἄμφω, lat. ambō et le mot indoeuropéen pour ‘l’un et l’autre’’, Bulletin de la Société de Linguistique 71: 123–31."
129,Jasanoff,1979,336,336,347,347,"Jasanoff, J. H. (1979). ‘The position of the hi-conjugation’, in Neu and Meid (edd.) 1979: 79–90."
130,Jasanoff,1980,336,336,347,347,"Jasanoff, J. H. (1980). ‘The nominative singular of n-stems in Germanic’, in Klar, K., Langdon, M., and Silver, S. (edd.), American Indian and Indoeuropean studies. Papers in honor of Madison S. Beeler (The Hague: Mouton) 375–82."
131,Jasanoff,1986,336,336,347,347,"Jasanoff, J. H. (1986). ‘Old Irish tair “come!” ’, Transactions of the Philological Society 84: 132–41."
132,Jasanoff,1987,336,336,347,347,"Jasanoff, J. H. (1987). ‘Some irregular imperatives in Tocharian’, in Watkins (ed.) 1987: 92–112. Jasanoff, J. H. (1988a). ‘PIE *g̑nē- ‘recognize, know’’, in Bammesberger (ed.) 1988: 227–39. Jasanoff, J. H. (1988b). ‘The sigmatic aorist in Tocharian and Indo-European’, Tocharian and Indo-European Studies 2: 52–76."
133,Jasanoff,1989,336,336,347,347,"Jasanoff, J. H. (1989). ‘Old Irish bé ‘woman’’, Ériu 40: 135–41."
134,Jasanoff,1994,336,336,347,347,"Jasanoff, J. H. (1994). ‘The Brittonic subjunctive and future’, in Rasmussen, J. E., and Nielsen, B. (edd.), In honorem Holger Pedersen (Wiesbaden: Reichert) 199–220."
135,Jasanoff,1995,336,336,347,347,"Jasanoff, J. H. (1995). ‘The origin of the Germanic weak preterite’. Paper presented at the 14th East Coast Indo-European Conference, Harvard U."
136,Jasanoff,1996,336,336,347,347,"Jasanoff, J. H. (1996). ‘A boy’s guide to Balto-Slavic accentuation (version 2.1)’, manuscript."
137,Jasanoff,1997,336,336,347,347,"Jasanoff, J. H. (1997). ‘An Italo-Celtic isogloss: the 3pl. mediopassive in *-ntro’, in Adams (ed.) 1997: I.146–61."
138,Jasanoff,1998,337,337,348,348,"Jasanoff, J. H. (1998). ‘The thematic conjugation revisited’, in Jasanoff, J., Melchert, H. C., and Oliver, L. (edd.), Mír curad: studies in honor of Calvert Watkins (Innsbruck: Institut für Sprachwissenschaft der Universität Innsbruck) 301–16."
139,Jasanoff,2002,337,337,348,348,"Jasanoff, J. H. (2002). ‘The nom. sg. of Germanic n-stems’, in Wedel, A., and Busch, H.-J. (edd.), Verba et litteræ: explorations in Germanic languages and German literature (Newark, DE: Linguatext) 31–46. Jasanoff, J. H. (2003a). Hittite and the Indo-European verb. Oxford: Oxford University Press. Jasanoff, J. H. (2003b). ‘A new Indo-Hittite isogloss’, paper read at the 22nd East Coast Indo-European Conference, Harvard, June 12, 2003."
140,Jasanoff,2004,337,337,348,348,"Jasanoff, J. H. (2004). ‘Acute vs. circumflex: some notes on PIE and post-PIE prosodic phonology’, in Hyllested et al. (edd.) 2004: 247–55."
141,Jasanoff,2008,337,337,348,348,"Jasanoff, J. H. (2008). ‘From reduplication to ablaut: the class VII strong verbs of northwest Germanic’, Historische Sprachforschung 120: 241–84."
142,Jasanoff,2009,337,337,348,348,"Jasanoff, J. H. (2009). ‘*-bhi, *-bhis, *-ōis: following the trail of the PIE instrumental plural’, in Rasmussen, J. E., and Olander, T. (edd.), Internal reconstruction in Indo-European: methods, results, and problems (Copenhagen: Museum Tusculanum) 137–49."
143,Katz,1998,337,337,348,348,"Katz, J. (1998). Topics in Indo-European personal pronouns. Ph.D. dissertation, Harvard."
144,Keiling,1976,337,337,348,348,"Keiling, H. (1976). ‘Die Entstehung der Jastorfkultur und zeitgleicher Kulturen im RheinWeser-Gebiet und deren geographische Verbreitung’, in Krüger, B. et al., Die Germanen, Band I (Berlin: Akademie-Verlag) 83–102."
145,Kellens,1984,337,337,348,348,"Kellens, J. (1984). Le verbe avestique. Wiesbaden: Reichert. Kim, R. (2000a). ‘ “To drink” in Anatolian, Tocharian, and Proto-Indo-European’, Historische Sprachwissenschaft 113: 151–70. Kim, R. (2000b). ‘Reexamining the prehistory of Tocharian B “ewe” ’, Tocharian and Indo-European Studies 9: 37–43."
146,Kim,2001,337,337,348,348,"Kim, R. (2001). ‘Tocharian B śem ≈ Latin vēnit? Szemerényi’s Law and *ē in PIE root aorists’, Münchener Studien zur Sprachwissenschaft 61: 119–47."
147,Kim,2002,337,337,348,348,"Kim, R. (2002). Topics in the reconstruction and development of Indo-European accent. Ph.D. dissertation, University of Pennsylvania."
148,Kim,2007,337,337,348,348,"Kim, R. (2007). ‘The Tocharian subjunctive in the light of the h₂e-conjugation model’, in Nussbaum (2007) 185–200."
149,Kim,2008,337,337,348,348,"Kim, R. (2008). ‘An individual twist on the individualizing suffix: definite n-stem nouns in Pontic Greek’, Glotta 84: 72–113."
150,Kim,2009,337,337,348,348,"Kim, R. (2009). ‘On the prehistory of Old English dyde’, in Krygier, M., and Sikorska, L. (edd.), Þe comoun peplis language (= Mediaeval English Mirror 6; Frankfurt am Main: Peter Lang) 9–22. Kim, R. (2012a). ‘The Indo-European, Anatolian, and Tocharian “secondary” cases in typological perspective’, in Cooper, A. I., Rau, J., and Weiss, M., Multi nominis grammaticus: studies in Classical and Indo-European linguistics in honor of Alan J. Nussbaum (Ann Arbor: Beech Stave Press) 121–42. Kim, R. (2012b). ‘The PIE thematic animate accusative plural revisited’, in Sukač and Šefčík (edd.) 2012: 144–58."
151,Kim,2014,337,337,348,348,"Kim, R. (2014). ‘A tale of two suffixes: *-h₂-, *-ih₂-, and the evolution of feminine gender in Indo-European’, in Neri and Schuhmann (edd.) 2014: 115–36."
152,Kim,2010,338,338,349,349,"Kim, R., Oettinger, N., Rieken, E., and Weiss, M. (edd.) (2010). Ex Anatolia lux: Anatolian and Indo-European studies in honor of H. Craig Melchert. Ann Arbor: Beech Stave Press."
153,Kimball,1987,338,338,349,349,"Kimball, S. (1987). ‘*H₃ in Anatolian’, in Cardona, G., and Zide, N., Festschrift for Henry Hoenigswald (Tübingen: Narr) 185–92."
154,Kimball,1988,338,338,349,349,"Kimball, S. (1988). ‘Analogy, secondary ablaut and *OH₂ in Common Greek’, in Bammesberger (ed.) 1988: 241–56."
155,Kiparsky,1995,338,338,349,349,"Kiparsky, P. (1995). ‘The Indo-European origins of Germanic syntax’, in Battye, A., and I. Roberts, Clause structure and language change (Oxford: Oxford University Press) 140–69."
156,Kiparsky,2009,338,338,349,349,"Kiparsky, P. (2009). ‘The Old High German weak preterite’, in Steinkrüger, P. O., and Krifka, M. (edd.), On inflection (Berlin: Mouton de Gruyter) 107–24."
157,Klingenschmitt,1975,338,338,349,349,"Klingenschmitt, G. (1975). ‘Tocharisch und Urindogermanisch’, in Rix (ed.) 1975: 148–63."
158,Kloekhorst,2008,338,338,349,349,"Kloekhorst, A. (2008). Etymological dictionary of the Hittite inherited lexicon. Leiden: Brill."
159,Kluge,1884,338,338,349,349,"Kluge, F. (1884). ‘Die germanische Consonantendehnung’, Beiträge zur Geschichte der deutschen Sprache und Literatur 9: 149–86."
160,Kluge,1995,338,338,349,349,"Kluge, F., and Seebold, E. (1995). Etymologisches Wörterbuch der deutschen Sprache. 23rd edn. Berlin: de Gruyter."
161,Kölligan,2004,338,338,349,349,"Kölligan, C. (2004). ‘Wenn zwei dasselbe tun: Iterativa und Kausativa’, in Kozianka, M., Lühr, R., and Zielfelder, S. (edd.), Indogermanistik—Germanistik—Linguistik. Akten der Arbeitstagung der Indogermanischen Gesellschaft, Jena 18.–20.09.2002 (Hamburg: Dr. Kovač) 193–247."
162,Krause,1968,338,338,349,349,"Krause, W. (1968). Handbuch des Gotischen, 3rd ed. Munich: Beck."
163,Krause,1971,338,338,349,349,"Krause, W. (1971). Die Sprache der urnordischen Runeninschriften. Heidelberg: Winter."
164,Kroonen,2012,338,338,349,349,"Kroonen, G. (2012). Etymological dictionary of Proto-Germanic. Leiden: Brill."
165,Kuiper,1947,338,338,349,349,"Kuiper, F. B. J. (1947). ‘Traces of laryngeals in Vedic Sanskrit’, in India antiqua (no ed.; Leiden: Instituut Kern) 198–212."
166,Kuiper,1961,338,338,349,349,"Kuiper, F. B. J. (1961). ‘Zur kompositionellen Kürzung im Sanskrit’, Die Sprache 7: 14–31."
167,Kümmel,1998,338,338,349,349,"Kümmel, M. J. (1998). ‘Wurzelpräsens neben Wurzelaorist im Indogermanischen’, Historische Sprachforschung 111: 191–208."
168,Kümmel,2007,338,338,349,349,"Kümmel, M. J. (2007). Konsonantenwandel. Wiesbaden: Reichert."
169,Labov,1994,338,338,349,349,"Labov, W. (1994). Principles of language change. Vol. 1: Internal factors. Oxford: Blackwell."
170,Lambert,2002,338,338,349,349,"Lambert, P.-Y. (2002). Recueil des inscriptions gauloises. Vol. II, fasc. 2. Textes gallo-latins sur instrumentum. Paris: CNRS."
171,Lehmann,1965,338,338,349,349,"Lehmann, W. (1965). ‘Germanic evidence’, in Winter (ed.) 1965: 212–23."
172,Lejeune,1988,338,338,349,349,"Lejeune, M. (1988). Recueil des inscriptions gauloises 2.1: Textes gallo-étrusques, Textes gallolatins sur pierre. Paris: Centre National de la Recherche Scientifique."
173,Lid,1952,338,338,349,349,"Lid, H. (1952). ‘Den nordiske nominativ singularis av maskuline an-stammer’, Norsk Tidsskrift for Sprogvidenskap 16: 237–40."
174,Liddell,1940,338,338,349,349,"Liddell, H. G., and Scott, R. (1940). A Greek-English lexicon. 9th ed., revised by Sir H. S. Jones and R. McKenzie. Oxford: Clarendon Press."
175,Liebermann,1903,338,338,349,349,"Liebermann, F. (1903). Die Gesetze der Angelsachsen. Halle: Niemeyer."
176,Lindeman,1965,338,338,349,349,"Lindeman, F. O. (1965). ‘La loi de Sievers et le début du mot en indo-européen’, Norsk Tidsskrift for Sprogvidenskap 20: 38–108."
177,Lipp,2009,338,338,349,349,"Lipp, R. (2009). Die indogermanischen und einzelsprachlichen Palatale im Indoiranischen. Band II. Thorn-Problem, indogermanische Laryngalvokalisation. Heidelberg: Winter."
178,Lloyd,1961,339,339,350,350,"Lloyd, A. L. (1961). ‘Indo-European unstressed short e in Germanic’, Modern Language Notes 76: 847–51."
179,Loewe,1894,339,339,350,350,"Loewe, R. (1894). ‘Das schwache Präteritum des Germanischen’, Indogermanische Forschungen 4: 365–79."
180,Lubotsky,1989,339,339,350,350,"Lubotsky, A. (1989). ‘Against a Proto-Indo-European phoneme *a’, in Vennemann, T. (ed.), The new sound of Indo-European (Berlin: de Gruyter) 53–66."
181,Lühr,1980,339,339,350,350,"Lühr, R. (1980). ‘Zu einem urgermanischen Lautgesetz’, in Mayrhofer et al. (edd.) 1980: 248–59."
182,Lühr,1984,339,339,350,350,"Lühr, R. (1984). ‘Reste der athematischen Konjugation in den germanischen Sprachen’, in Untermann, J., and Brogyanyi, B. (edd.), Das Germanische und die Rekonstruktion der indogermanischen Grundsprache (Amsterdam: Benjamins) 25–90. Luick, K. (1914–1940). Historische Grammatik der englischen Sprache. Band 1. Stuttgart: Tauchnitz."
183,Lundquist,2015,339,339,350,350,"Lundquist, J. (2015). ‘On the accentuation of Vedic -ti-abstracts: evidence for accentual change’, Indo-European Linguistics (Leiden: Brill) 3: 42–72."
184,Mair,1998,339,339,350,350,"Mair, V. (ed.) (1998). The Bronze Age and early Iron Age peoples of eastern Central Asia. Washington, D.C.: Institute for the Study of Man."
185,Mallory,1989,339,339,350,350,"Mallory, J. P. (1989). In search of the Indo-Europeans. London: Thames & Hudson."
186,Mallory,2006,339,339,350,350,"Mallory, J. P. and Adams, D. Q. (2006). The Oxford introduction to Proto-Indo-European and the Proto-Indo-European world. Oxford: Oxford University Press."
187,Matzel,1983,339,339,350,350,"Matzel, K. (1983). ‘Zum gotischen Interrogativ- und Indefinitpronomen ƕo.’ Zeitschrift für vergleichende Sprachforschung 96: 119–26. (= Gesammelte Schriften [ed. Rosemarie Lühr et al.; Heidelberg 1990: Winter] 170–7.)"
188,Matzel,1989,339,339,350,350,"Matzel, K. (1989). ‘Urgerm. *arjan, ahd. erien, erren ‘pflügen’, in Tauber, W. (ed.), Aspekte der Germanistik: Festschrift für Hans-Friedrich Rosenfeld zum 90. Geburtstag (Göppingen: Kümmerle) 455–68."
189,Mayrhofer,1970,339,339,350,350,"Mayrhofer, M. (1970). ‘Germano-Iranica’, Zeitschrift für vergleichende Sprachforschung 84: 224–30."
190,Mayrhofer,1981,339,339,350,350,"Mayrhofer, M. (1981). ‘Laryngalreflexe im Indo-Iranischen’, Zeitschrift für Phonetik, Sprachwissenschaft und Kommunikationsforschung 34: 427–38."
191,Mayrhofer,1983,339,339,350,350,"Mayrhofer, M. (1983). ‘Ergebnisse einer Überprüfung des indogermanischen Ansatzes “Thorn” ’, Anzeiger der phil.-hist. Klasse der Österreichischen Akademie der Wissenschaften 119: 240–55."
192,Mayrhofer,1986,339,339,350,350,"Mayrhofer, M. (1986). ‘Lautlehre (segmentale Phonologie des Indogermanischen)’, in Cowgill and Mayrhofer 1986: 73–216. Mayrhofer, M. (1986–2001). Etymologisches Wörterbuch des Altindoarischen. Heidelberg: Winter."
193,Mayrhofer,1989,339,339,350,350,"Mayrhofer, M. (1989). ‘Vorgeschichte der iranischen Sprachen; Uriranisch’, in Schmidt, R. (ed.), Compendium linguarum iranicarum (Wiesbaden: Reichert) 4–24."
194,Mayrhofer,1980,339,339,350,350,"Mayrhofer, M., Peters, M., and Pfeiffer, O. E. (edd.) (1980). Lautgeschichte und Etymologie. Wiesbaden: Reichert."
195,McCone,1991,339,339,350,350,"McCone, K. (1991). The Indo-European origins of the Old Irish nasal presents, subjunctives, and futures. Innsbruck: Institut für Sprachwissenschaft der Universität Innsbruck."
196,McFadden,2003,339,339,350,350,"McFadden, T. (2003). ‘On the pronominal origins of the Germanic strong adjective inflection’, Münchener Studien zur Sprachwissenschaft 63: 53–82."
197,McKay,1965,340,340,351,351,"McKay, K. L. (1965). ‘The use of the Ancient Greek perfect down to the second century A.D.’, Bulletin of the Institute of Classical Studies 12: 1–21."
198,McKay,1980,340,340,351,351,"McKay, K. L. (1980). ‘On the perfect and other aspects in the Greek non-literary papyri’, Bulletin of the Institute of Classical Studies 27: 23–49."
199,Meid,1967,340,340,351,351,"Meid, W. (1967). Germanische Sprachwissenschaft. III. Wortbildungslehre. Berlin: de Gruyter."
200,Meid,1971,340,340,351,351,"Meid, W. (1971). Das germanische Präteritum: indogermanische Grundlagen und Ausbreitung im Germanischen. Innsbruck: Institut für Sprachwissenschaft der Universität Innsbruck."
201,Meid,1987,340,340,351,351,"Meid, W. (1987). ‘Germanische oder indogermanische Lautverschiebung?’, in Bergmann, R., Tiefenbach, H., and Voetz, L., Althochdeutsch, Band I (Heidelberg: Winter) 3–11."
202,Meier-Brügger,2010,340,340,351,351,"Meier-Brügger, M. (2010). Indogermanische Sprachwissenschaft. 9th ed. Berlin: de Gruyter."
203,Melchert,1977,340,340,351,351,"Melchert, H. C. (1977). ‘Tocharian verb stems in -tk-’, Zeitschrift für vergleichende Sprachforschung 91: 93–130."
204,Melchert,1987,340,340,351,351,"Melchert, H. C. (1987). ‘PIE velars in Luvian’, in Watkins (ed.) 1987: 182–204. Melchert, H. C. (1994a). Anatolian historical phonology. Amsterdam: Rodopi. Melchert, H. C. (1994b). ‘The feminine gender in Anatolian’, in Dunkel, G. E. et al. (edd), Früh-, Mittel-, Spätindogermanisch (Wiesbaden: Reichert) 231–44. Melchert, H. C. (1997a). ‘Denominative verbs in Anatolian’, in Disterheft, D., Huld, M., and Greppin, J. (edd.), Studies in honor of Jaan Puhvel. Part One: ancient languages and philology (Washington: Institute for the Study of Man) 131–8. Melchert, H. C. (1997b). ‘Traces of a PIE aspectual contrast in Anatolian?’, Incontri linguistici 20: 83–92."
205,Melchert,2003,340,340,351,351,"Melchert, H. C. (2003). ‘PIE “thorn” in Cuneiform Luvian?’, in Jones-Bley, K. et al. (edd.), Proceedings of the Fourteenth Annual UCLA Indo-European Conference (Washington, DC: Institute for the Study of Man) 145–61."
206,Melchert,2005,340,340,351,351,"Melchert, H. C. (2005). ‘Latin īnsolēscō, Hittite šulle(šš)-, and PIE statives in -ē-’, in Kazansky, N. et al. (edd.), Hr̥dā ́ mánasā: studies presented to Professor Leonard G. Herzenberg (St. Petersburg: Nauka) 90–8."
207,Melchert,2009,340,340,351,351,"Melchert, H. C. (2009). ‘Local adverbs in Hittite: synchrony and diachrony’, Language and Linguistics Compass 3: 607–20."
208,Melchert,2011,340,340,351,351,"Melchert, H. C. (2011). ‘The PIE verb for ‘to pour’ and medial *h3 in Anatolian’, in Jamison, S. W., Melchert, H. C., and Vine, B. (edd.), Proceedings of the 22nd Annual UCLA Indo-European Conference (Bremen: Hempen) 127–32. Melchert, H. C. (2012a). ‘Genitive case and possessive adjective in Anatolian’, in Orioles, V. (ed.), Per Roberto Gusmani: linguistica storica e teorica (Udine: Forum) 273–86. Melchert, H. C. (2012b). ‘Luvo-Lycian dorsal stops revisited’, in Sukač and Šefčik (edd.) 2012: 206–18. Melchert, H. C. (2014a). ‘ “Narten formations” versus “Narten roots” ’, Indogermanische Forschungen 119: 251–8. Melchert, H. C. (2014b). ‘PIE *-eh2 as an “individualizing” suffix and the feminine gender’, in Neri and Schuhmann (edd.) 2014: 257–71."
209,Melchert,2016,340,340,351,351,"Melchert, H. C. (2016). ‘The case of the agent in Anatolian and Proto-Indo-European’, in Gunkel et al. 2016: 239–49."
210,Melchert,2009,340,340,351,351,"Melchert, H. C., and Oettinger, N. (2009). ‘Ablativ und Instrumental im Hethitischen und Indogermanischen: ein Beitrag zur relativen Chronologie’, Incontri linguistici 32: 53–73."
211,Merlingen,1957,341,341,352,352,"Merlingen, W. (1957). ‘Idg. “þ” und Verwandtes’, in Μνήμης χάριν: Gedenkschrift Paul Kretschmer (Vienna: Wiener Sprachgesellschaft) 49–61."
212,Merlingen,1962,341,341,352,352,"Merlingen, W. (1962). ‘Zu idg. “þ” ’, Die Sprache 8: 74–6."
213,Mottausch,2003,341,341,352,352,"Mottausch, K.-H. (2003). ‘Das thematische Verb im Indogermanischen und seine Verwandten’, Historische Sprachforschung 116: 1–34."
214,Mottausch,2011,341,341,352,352,"Mottausch, K.-H. (2011). Der Nominalakzent im Frühurgermanischen. Hamburg: Verlag Dr. Kovač."
215,Mottausch,2013,341,341,352,352,"Mottausch, K.-H. (2013). Untersuchungen zur Vorgeschichte der germanischen starken Verbs. Die Rolle des Aorists. Hamburg: Verlag Dr. Kovač."
216,Narten,1964,341,341,352,352,"Narten, J. (1964). Die sigmatischen Aoriste im Veda. Wiesbaden: Harrassowitz."
217,Narten,1968,341,341,352,352,"Narten, J. (1968). ‘Zum “proterodynamischen” Wurzelpräsens’, in Heesterman, J. C., Schokker, G. H., and Subramoniam, V. I. (edd.), Pratidānam (The Hague: Mouton) 9–19."
218,Nedoma,2005,341,341,352,352,"Nedoma, R. (2005). ‘Urnordisch -a im Nominativ Singularis der maskulinen n-Stämme’, North-Western European Language Evolution 46/47: 155–91."
219,Neri,2003,341,341,352,352,"Neri, S. (2003). I sostantivi in -u del gotico. Innsbruck: Institut für Sprachen und Literaturen der Universität Innsbruck."
220,Neri,2009,341,341,352,352,"Neri, S. (2009). Review of Ringe, D., From Proto-Indo-European to Proto-Germanic (1st ed., 2006), Kratylos 54: 1–13."
221,Neri,2014,341,341,352,352,"Neri, S., and Schuhmann, R. (edd.) (2014). Studies on the collective and feminine in Indo-European from a diachronic and typological perspective. Leiden: Brill."
222,Neu,1979,341,341,352,352,"Neu, E., and Meid, W. (edd.) (1979). Hethitisch und Indogermanisch. Innsbruck: Institut für Sprachwissenschaft der Universität Innsbruck."
223,Newton,2005,341,341,352,352,"Newton, G. (2005). ‘The contribution of the Old Irish verbal system to the reconstruction of Proto-Indo-European syntax’, Papers in Linguistics from the University of Manchester 2005: 95–112."
224,Nielsen,1985,341,341,352,352,"Nielsen, H. F. (1985). Old English and the continental Germanic languages. Innsbruck: Institut für Sprachwissenschaft der Universität Innsbruck."
225,[No ed.],1926,341,341,352,352,[No ed.] (1926). Festschrift für Paul Kretschmer. Vienna: Deutscher Verlag für Jugend und Volk.
226,Noreen,1923,341,341,352,352,"Noreen, A. (1923). Altnordische Grammatik I: altisländische und altnorwegische Grammatik, 4th ed. Halle: Niemeyer."
227,Normier,1977,341,341,352,352,"Normier, R. (1977). ‘Idg. Konsonantismus, germ. “Lautverschiebung”, und Vernersches Gesetz’, Zeitschrift für vergleichende Sprachforschung 91: 171–218."
228,Normier,1980,341,341,352,352,"Normier, R. (1980). ‘Tocharisch ñkät/ñakte ‘Gott’’, Zeitschrift für vergleichende Sprachforschung 94: 251–81."
229,Noske,2012,341,341,352,352,"Noske, R. (2012). ‘The Grimm-Verner chain shift and contrast preservation theory’, in Botma, B., and Noske, R. (edd.), Phonological explorations: empirical, theoretical and diachronic issues (Berlin: de Gruyter) 63–86."
230,Noyer,1997,341,341,352,352,"Noyer, R. R. (1997). Features, positions, and affixes in autonomous morphology. New York: Garland."
231,Nussbaum,1975,341,341,352,352,"Nussbaum, A. (1975). ‘-ī- in Latin denominative derivation’, in Watkins (ed.) 1975: 116–61."
232,Nussbaum,1986,341,341,352,352,"Nussbaum, A. (1986). Head and horn in Indo-European. Berlin: de Gruyter."
233,Nussbaum,1997,341,341,352,352,"Nussbaum, A. (1997). ‘The “Saussure effect” in Latin and Italic’, in Lubotsky, A. (ed.), Sound law and analogy (Amsterdam: Rodopi) 181–203."
234,Nussbaum,2007,342,342,353,353,"Nussbaum, A. (ed.) (2007). Verba docenti: studies in historical and Indo-European linguistics presented to Jay H. Jasanoff. Ann Arbor: Beech Stave Press."
235,Nussbaum,2010,342,342,353,353,"Nussbaum, A. (2010). ‘PIE -Cmn- and Greek τρᾱνής “clear” ’, in Kim et al. (edd.) 2010: 269–77."
236,Nussbaum,2014,342,342,353,353,"Nussbaum, A. (2014). ‘Feminine, abstract, collective, neuter plural: some remarks on each (expanded handout)’, in Neri and Schuhmann (edd.) 2014: 273–306."
237,Oettinger,1979,342,342,353,353,"Oettinger, N. (1979). Die Stammbildung des hethitischen Verbums. Nürnberg: Hans Carl."
238,Peters,1980,342,342,353,353,"Peters, M. (1980). Untersuchungen zur Vertretung der indogermanischen Laryngale im Griechischen. Vienna: Österreichische Akademie der Wissenschaften."
239,Peters,1989,342,342,353,353,"Peters, M. (1989). ‘Indogermanische Chronik 33. G. Altgriechisch’, Die Sprache 33: 227–329."
240,Peters,1991,342,342,353,353,"Peters, M. (1991). ‘Ein tocharisches Auslautproblem’, Die Sprache 34: 242–4."
241,Pinault,1982,342,342,353,353,"Pinault, G.-J. (1982). ‘A neglected phonetic law: the reduction of the Indo-European laryngeals in internal syllables before yod’, in Ahlqvist, A. (ed.), Papers from the Fifth International Conference on Historical Linguistics (Amsterdam: Benjamins) 265–72. Pinault, G.-J. (2006a). ‘Retour sur le numéral “un” en tokharien’, Indogermanische Forschungen 111: 71–97. Pinault, G.-J. (2006b). ‘Sur l’évolution phonétique tsk > tk en tokharien commun’, Münchener Studien zur Sprachwissenschaft 62: 103–56."
242,Piwowarczyk,2015,342,342,353,353,"Piwowarczyk, D. (2015). ‘The Proto-Indo-European *-Vts# clusters and the formulation of Szemerényi’s Law’, Indogermanische Forschungen 120: 269–78."
243,Pohl,2000,342,342,353,353,"Pohl, W. (2000). Die Germanen. Munich: R. Oldenbourg."
244,Pokorny,1959,342,342,353,353,"Pokorny, J. (1959). Indogermanisches etymologisches Wörterbuch. Bern: Francke."
245,Probert,2006,342,342,353,353,"Probert, P. (2006). ‘Clause boundaries in Old Hittite relative sentences’, Transactions of the Philological Society 104: 17–83."
246,Prokosch,1939,342,342,353,353,"Prokosch, E. (1939). A comparative Germanic grammar. Philadelphia: Linguistic Society of America."
247,Radford,2004,342,342,353,353,"Radford, A. (2004). Minimalist syntax. Cambridge: Cambridge University Press."
248,Randall,2015,342,342,353,353,"Randall, W., and Jones, H. (2015). ‘On the early origins of the Germanic preterite presents’, Transactions of the Philological Society 113: 137–76."
249,Rasmussen,1983,342,342,353,353,"Rasmussen, J. E. (1983). ‘Two phonological issues in Germanic’, Acta Linguistica Hafniensia 18: 201–19. [Reprinted in Rasmussen 1999: 82–99.]"
250,Rasmussen,1996,342,342,353,353,"Rasmussen, J. E. (1996). ‘On the origin of the Germanic weak preterite’, Copenhagen Working Papers in Linguistics 4: 161–8. [Reprinted in Rasmussen 1999: 597–603.]"
251,Rasmussen,1999,342,342,353,353,"Rasmussen, J. E. (1999). Selected papers on Indo-European linguistics, with a section on comparative Eskimo linguistics. Copenhagen: Museum Tusculanum."
252,Ratkus,2015,342,342,353,353,"Ratkus, A. (2015). ‘Gothic possessives, adjectives, and other modifiers in -ata’, Journal of Germanic Linguistics 27: 238–307."
253,Renfrew,1987,342,342,353,353,"Renfrew, C. (1987). Archaeology and language: the puzzle of Indo-European origins. London: Jonathan Cape. Rieken, E. (1999a). Untersuchungen zur nominalen Stammbildung des Hethitischen. Wiesbaden: Harrassowitz. Rieken, E. (1999b). ‘Zur Verwendung der Konjunktion ta in den hethitischen Texten’, Münchener Studien zur Sprachwissenschaft 59: 63–88. Ringe, D. (1984a). ‘Germanic “ē2” and *r’, Die Sprache 30: 138–55. Ringe, D. (1984b). The perfect tenses in Greek inscriptions. Ph.D. dissertation, Yale."
254,Ringe,1991,343,343,354,354,"Ringe, D. (1991). ‘Evidence for the position of Tocharian in the Indo-European family?’, Die Sprache 34: 59–123."
255,Ringe,1996,343,343,354,354,"Ringe, D. (1996). On the chronology of sound changes in Tocharian. Vol. 1. New Haven: American Oriental Society."
256,Ringe,1997,343,343,354,354,"Ringe, D. (1997). ‘On the origin of 3pl. imperative -ντον’, in Adams (ed.) 1997: II.129–43."
257,Ringe,2000,343,343,354,354,"Ringe, D. (2000). ‘Tocharian class II presents and subjunctives and the reconstruction of the Proto-Indo-European verb’, Tocharian and Indo-European Studies 9: 121–42."
258,Ringe,2001,343,343,354,354,"Ringe, D. (2001). Review of Rix et al. 2001, Diachronica 18: 184–7."
259,Ringe,2002,343,343,354,354,"Ringe, D. (2002). ‘Tocharian B ṣp ‘and’ ’, in Southern, M. (ed.), Indo-European perspectives (Washington, DC: Institute for the Study of Man) 265–6."
260,Ringe,2006,343,343,354,354,"Ringe, D. (2006). ‘A sociolinguistically informed solution to an old historical problem: the Gothic genitive plural’, Transactions of the Philological Society 104: 167–206."
261,Ringe,2007,343,343,354,354,"Ringe, D. (2007). ‘Old Latin -minō and “analogy” ’, in Nussbaum (ed.) 2007: 301–6."
262,Ringe,2010,343,343,354,354,"Ringe, D. (2010). ‘ “Thorn” clusters and Indo-European subgrouping’, in Kim et al. (edd.) 2010: 330–8."
263,Ringe,2012,343,343,354,354,"Ringe, D. (2012). ‘The hi-conjugation as a PIE subjunctive’, in Hackstein, O., and Kim, R. (edd.), Linguistic developments along the silkroad: archaism and innovation in Tocharian (Vienna: Österreichische Akademie der Wissenschaften) 121–40."
264,Ringe,2013,343,343,354,354,"Ringe, D., and Eska, J. F. (2013). Historical linguistics: toward a twenty-first century reintegration. Cambridge: Cambridge University Press."
265,Ringe,2014,343,343,354,354,"Ringe, D., and Taylor, A. (2014). The development of Old English. Oxford: Oxford University Press."
266,Ringe,2002,343,343,354,354,"Ringe, D., Warnow, T., and Taylor, A. (2002). ‘Indo-European and computational cladistics’, Transactions of the Philological Society 100: 59–129."
267,Ringe,1998,343,343,354,354,"Ringe, D., Warnow, T., Taylor, A., Michailov, A., and Levison, L. (1998). ‘Computational cladistics and the position of Tocharian’, in Mair (ed.) 1998: 391–414."
268,Risch,1962,343,343,354,354,"Risch, E. (1962). ‘Das indogermanische Word für “hundert” ’, Indogermanische Forschungen 67: 129–41."
269,Rix,1975,343,343,354,354,"Rix, H. (ed.) (1975). Flexion und Wortbildung. Wiesbaden: Reichert. Rix, H. (1976a). Historische Grammatik des Griechischen. Darmstadt: Wissenschaftliche Buchgesellschaft. Rix, H. (1976b). ‘Die umbrischen Infinitive auf -fi und die urindogermanische Infinitivendung -dhi̭ōi’, in Davies, A. M., and Meid, W. (edd.), Studies in Greek, Italic, and Indo-European linguistics offered to Leonard R. Palmer on the occasion of his seventieth birthday (Innsbruck: Institut für Sprachwissenschaft der Universität Innsbruck) 319–31."
270,Rix,1977,343,343,354,354,"Rix, H. (1977). ‘Das keltische Verbalsystem auf dem Hintergrund des indo-iranisch-griechischen Rekonstruktionsmodells’, in Schmidt, K. H. (ed.), Indogermanisch und Keltisch (Wiesbaden: Reichert) 132–58."
271,Rix,1992,343,343,354,354,"Rix, H. (1992). ‘Zur Entstehung des lateinischen Perfektparadigmas’, in Panagl, O., and Krisch, T. (edd.), Latein und Indogermanisch (Innsbruck: Institut für Sprachwissenschaft der Universität Innsbruck) 221–40."
272,Rix,2001,343,343,354,354,"Rix, H. et al. (2001). Lexikon der indogermanischen Verben, 2nd ed. Wiesbaden: Reichert."
273,Ross,1992,343,343,354,354,"Ross, A. S. C., and Berns, J. (1992). ‘Germanic’, in Gvozdanović (ed.), Indo-European numerals (Berlin: Mouton de Gruyter) 555–715."
274,Schaffner,2000,344,344,355,355,"Schaffner, S. (2000). ‘Altindisch amnás, urgermanisch *eƀna-, keltisch *eμno-’, in Forssman, B., and Plath, R. (edd.), Indoarisch, Iranisch und die Indogermanistik (Wiesbaden: Reichert) 491–505."
275,Schaffner,2001,344,344,355,355,"Schaffner, S. (2001). Das Vernersche Gesetz und der innerparadigmatische grammatische Wechsel des Urgermanischen im Nominalbereich. Innsbruck: Institut für Sprachwissenschaft der Universität Innsbruck. Schindler, J. (1967a). ‘Das idg. Wort für “Erde” und die dentalen Spiranten’, Die Sprache 13: 191–205. Schindler, J. (1967b). ‘Tocharische Miszellen’, Indogermanische Forschungen 72: 239–49. Schindler, J. (1967c). ‘Zu hethitisch nekuz’, Zeitschrift für vergleichende Sprachforschung 81: 290–303. Schindler, J. (1972a). ‘L’apophonie des noms-racines indo-européens’, Bulletin de la Société de Linguistique 67: 31–8. Schindler, J. (1972b). Das Wurzelnomen im Arischen und Griechischen. Dissertation, University of Würzburg. Schindler, J. (1975a). ‘L’apophonie des thèmes indo-européens en -r/n’, Bulletin de la Société de Linguistique 70: 1–10. Schindler, J. (1975b). ‘Zum ablaut der neutralen s-Stämme des Indogermanischen’, in Rix (ed.) 1975: 259–67. Schindler, J. (1977a). ‘Notizien zum Sieversschen Gesetz’, Die Sprache 23: 56–65. Schindler, J. (1977b). ‘A thorny problem’, Die Sprache 23: 25–35."
276,Schindler,1980,344,344,355,355,"Schindler, J. (1980). ‘Zur Herkunft der altindischen cvi-Bildungen’, in Mayrhofer et al. (edd.) 1980: 386–93."
277,Schmidt,1973,344,344,355,355,"Schmidt, G. (1973). ‘Die iranischen Wörter für “Tochter” und “Vater” und die Reflexe des interkonsonantischen H (ə) in den idg. Sprachen’, Zeitschrift für vergleichende Sprachforschung 87: 36–83."
278,Schmidt,1992,344,344,355,355,"Schmidt, K. T., and Winter, W. (1992). ‘Die Formen der 1. Singular Aktiv der unerweiterten Präterita in Tocharisch B’, Historische Sprachforschung 105: 50–6."
279,Schrijver,1995,344,344,355,355,"Schrijver, P. (1995). Studies in British Celtic historical phonology. Amsterdam: Rodopi."
280,Schrijver,2006,344,344,355,355,"Schrijver, P. (2006). Review of Meiser, G., Veni vidi vici (Munich 2003: Beck), Kratylos 51: 46–54."
281,Schuhmann,2016,344,344,355,355,"Schuhmann, R. (2016). ‘Zur Endung der 3.Sg.Ind.Prät. der schwachen Verben in den Runeninschriften im älteren Futhark’, in Neri, S., Schuhmann, R., and Zeilfelder, S. (edd.), “dat ih dir it nu bi huldi gibu”: Linguistische, germanistische, und indogermanistische Studien Rosemarie Lühr gewidmet (Wiesbaden: Reichert) 407–18."
282,Schulte,2007,344,344,355,355,"Schulte, M. (2007). Review of Ringe, D., From Proto-Indo-European to Proto-Germanic (1st ed., 2006), Journal of Indo-European Studies 35: 399–410."
283,Schwyzer,1939,344,344,355,355,"Schwyzer, E. (1939). Griechische Grammatik. I. Band. Munich: Beck. Seebold, E. (1967a). ‘Sind got. nawis und sutis i-stämmige Adjektive?’, Beiträge zur Geschichte der deutschen Sprache und Literatur (Tübingen) 89: 42–53. Seebold, E. (1967b). ‘Die Vertretung von idg. gʷʰ im Germanischen’, Zeitschrift für vergleichende Sprachforschung 81: 104–33."
284,Seebold,1968,344,344,355,355,"Seebold, E. (1968). ‘Ae. twegen und ahd. zwēne ‘zwei’ ’, Anglia 86: 417–36."
285,Seebold,1970,344,344,355,355,"Seebold, E. (1970). Vergleichendes und etymologisches Wörterbuch der germanischen starken Verben. The Hague: Mouton."
286,Seebold,1972,345,345,356,356,"Seebold, E. (1972). Das System der indogermanischen Halbvokale. Heidelberg: Winter."
287,Sievers,1876,345,345,356,356,"Sievers, E. (1876). ‘Kleine Beiträge zur deutschen Grammatik. III. Die starke adjectivdeclination’, Beiträge zur Geschichte der deutschen Sprache und Literatur 2: 98–124."
288,Sihler,1995,345,345,356,356,"Sihler, A. (1995). New comparative grammar of Greek and Latin. Oxford: Oxford University Press."
289,Snædal,1998,345,345,356,356,"Snædal, M. (1998). A Concordance to Biblical Gothic. Reykjavík: University of Iceland Press."
290,Sommer,1948,345,345,356,356,"Sommer, F. (1948). Handbuch der lateinischen Laut- und Formenlehre. 2nd and 3rd ed. Heidelberg: Winter."
291,Sowa,2007,345,345,356,356,"Sowa, W. (2007). ‘Anmerkungen zum Verbalsystem des Phrygischen’, Indogermanische Forschungen 112: 69–95."
292,Stang,1966,345,345,356,356,"Stang, C. (1966). Vergleichende Grammatik der baltischen Sprachen. Oslo: Universitetsforlaget."
293,Stang,1974,345,345,356,356,"Stang, C. (1974). ‘Ieur. *swad-/*swād-’, Norsk Tidsskrift for Sprogvidenskap 28: 99–101. Stiles, P. V. (1984a). ‘On the interpretation of Older Runic swestar on the Opedal Stone’, North-Western European Language Evolution 3: 3–48. Stiles, P. V. (1984b). Studies in the history of the Germanic r-stems. Dissertation, University of Oxford. Stiles, P. V. (1985–6). ‘The fate of the numeral “4” in Germanic’, North-Western European Language Evolution 6: 81–104, 7: 3–27, 8: 3–25."
294,Stiles,1988,345,345,356,356,"Stiles, P. V. (1988). ‘Gothic nominative singular brōþar ‘brother’ and the reflexes of Indo-European long vowels in the final syllables of Germanic polysyllables’, Transactions of the Philological Society 86: 115–43."
295,Stiles,2010,345,345,356,356,"Stiles, P. V. (2010). ‘The Gothic extended forms of the dental preterite endings’, North-Western European Language Evolution 58/59: 343–66."
296,Stiles,2013,345,345,356,356,"Stiles, P. V. (2013). ‘The pan-West Germanic isoglosses and the sub-relationships of West Germanic to other branches’, North-Western European Language Evolution 66: 5–38."
297,Streitberg,1896,345,345,356,356,"Streitberg, W. (1896). Urgermanische Grammatik. Heidelberg: Winter."
298,Strunk,1985,345,345,356,356,"Strunk, K. (1985). ‘Flexionskategorien mit akrostatischem Akzent und die sigmatischen Aoriste’, in Schlerath, B., and Rittner, V. (edd.), Grammatische Kategorien: Funktion und Geschichte (Wiesbaden: Reichert) 490–514."
299,Sukač,2012,345,345,356,356,"Sukač, R., and Šefčík, O. (edd.) (2012). The sound of Indo-European 2. Munich: Lincom Europa."
300,Syrett,1994,345,345,356,356,"Syrett, M. (1994). The unaccented vowels of Proto-Norse. Odense: Odense U. Press."
301,Szemerényi,1956,345,345,356,356,"Szemerényi, O. (1956). ‘Latin rēs and the Indo-European long-diphthong stem nouns’, Zeitschrift für vergleichende Sprachforschung 73: 167–202."
302,Szemerényi,1960,345,345,356,356,"Szemerényi, O. (1960). Studies in the Indo-European system of numerals. Heidelberg: Winter."
303,Szemerényi,1966,345,345,356,356,"Szemerényi, O. (1966). ‘The origin of the Vedic “imperatives” in -si’, Language 42: 1–6."
304,Szemerényi,1967,345,345,356,356,"Szemerényi, O. (1967). ‘The history of Attic οὖς and some of its compounds’, Studi Micenei ed Egeo-Anatolici 3: 47–88."
305,Szemerényi,1973,345,345,356,356,"Szemerényi, O. (1973). ‘Marked-unmarked and a problem of Latin diachrony’, Transactions of the Philological Society 72: 55–74."
306,Szemerényi,1996,345,345,356,356,"Szemerényi, O. (1996). Introduction to Indo-European linguistics. Oxford: Oxford University Press."
307,Tanaka,2011,345,345,356,356,"Tanaka, T. (2011). A morphological conflation approach to the historical development of preterite-present verbs. Fukuoka: Hana-Shoin."
308,Taylor,1990,346,346,357,357,"Taylor, A. (1990). Clitics and configurationality in Ancient Greek. Ph.D. dissertation, University of Pennsylvania."
309,Tichy,2006,346,346,357,357,"Tichy, E. (2006). A survey of Proto-Indo-European. Bremen: Hempen."
310,Tops,1974,346,346,357,357,"Tops, G. (1974). The origin of the Germanic dental preterit. Leiden: Brill."
311,Tops,1978,346,346,357,357,"Tops, G. (1978). ‘The origin of the Germanic dental preterit: Von Friesen revisited’, Fisiak, J. (ed.), Recent developments in historical phonology (The Hague: Mouton) 349–71."
312,Trubetzkoy,1926,346,346,357,357,"Trubetzkoy, N. (1926). ‘Gedanken über den lateinischen a-Konjunktiv’, in [No ed.] 1926: 267–74."
313,Tucker,1981,346,346,357,357,"Tucker, E. (1981). ‘Greek factitive verbs in -οω, -αινω and -υνω’, Transactions of the Philological Society 79: 15–34."
314,Þórhallsdóttir,1993,346,346,357,357,"Þórhallsdóttir, G. (1993). The Development of Intervocalic *j in Proto-Germanic. Ph.D. dissertation, Cornell."
315,Ulff-Møller,1991,346,346,357,357,"Ulff-Møller, J. (1991). ‘The higher numerals in early Nordic texts, and the duodecimal system of calculation’, in The audience of the sagas: the Eighth International Saga Conference (Gothenburg University: preprints) 323–30."
316,Vennemann,1985,346,346,357,357,"Vennemann, T. (1985). ‘The bifurcation theory of the Germanic and German consonant shifts: synopsis and some further thoughts’, in Fisiak, J. (ed.), Papers from the 6th International Conference on Historical Linguistics (Amsterdam: Benjamins) 527–47."
317,Vine,1988,346,346,357,357,"Vine, B. (1988). Review of Gamkrelidze and Ivanov 1984, Language 64: 396–402."
318,Vries,1960,346,346,357,357,"Vries, J. de. (1960). Kelten und Germanen. Munich: Francke."
319,Wackernagel,1904,346,346,357,357,"Wackernagel, J. (1904). Studien zum griechischen Perfektum. Programm zur akademischen Preisverteilung. Göttingen: Universität Göttingen. (= Kleine Schriften (Göttingen 1953: Vandenhoeck & Ruprecht) 1000–21.)"
320,Walde,1900,346,346,357,357,"Walde, A. (1900). Die germanischen Auslautgesetze. Halle: Niemeyer."
321,Walkden,2014,346,346,357,357,"Walkden, G. (2014). Syntactic reconstruction and Proto-Germanic. Oxford: Oxford University Press."
322,Watkins,1962,346,346,357,357,"Watkins, C. (1962). Indo-European origins of the Celtic verb. I. The sigmatic aorist. Dublin: Institute for Advanced Studies."
323,Watkins,1969,346,346,357,357,"Watkins, C. (1969). Indogermanische Grammatik. Band III: Formenlehre. Erster Teil: Geschichte der indogermanischen Verbalflexion. Heidelberg: Winter."
324,Watkins,1975,346,346,357,357,"Watkins, C. (ed.) (1975). Indo-European Studies II. Cambridge (Mass.): Harvard Dept. of Linguistics."
325,Watkins,1987,346,346,357,357,"Watkins, C. (ed.) (1987). Studies in Memory of Warren Cowgill. Berlin: de Gruyter."
326,Weiss,1993,346,346,357,357,"Weiss, M. (1993). Studies in Italic nominal morphology. Ph.D. dissertation, Cornell."
327,Weiss,1994,346,346,357,357,"Weiss, M. (1994). ‘Life everlasting: Latin iūgis “everflowing”, Greek ὑγιής “healthy”, Gothic ajukdūþs “eternity” and Avestan yauuaēȷ̌ ī- “living forever”, Münchener Studien zur Sprachwissenschaft 55: 131–56."
328,Weiss,2006,346,346,357,357,"Weiss, M. (2006). ‘Latin orbis and its cognates’, Historische Sprachforschung 119: 250–72."
329,Weiss,2007,346,346,357,357,"Weiss, M. (2007). ‘Cui bono? The beneficiary phrases of the third Iguvine table’, in Nussbaum (ed.) 2007: 365–78."
330,Weiss,2012,346,346,357,357,"Weiss, M. (2012). ‘Italo-Celtica: linguistic and cultural points of contact between Italic and Celtic’, in Jamison, S. W., Melchert, H. C., and Vine, B. (edd.), Proceedings of the 23rd Annual UCLA Indo-European Conference (Bremen: Hempen) 151–73."
331,Weiss,2016,346,346,357,357,"Weiss, M. (2016). ‘ “Sleep” in Latin and Indo-European: on the non-verbal origin of Latin sōpiō’, in Gunkel et al. 2016: 470–85."
332,Weiss,Forthcoming,347,347,358,358,"Weiss, M. (Forthcoming). ‘The Proto-Indo-European laryngeals and the name of Cilicia in the Iron Age’, to appear in a Festschrift."
333,Winter,1965,347,347,358,358,"Winter, W. (ed.) (1965). Evidence for Laryngeals. The Hague: Mouton."
334,Winter,1998,347,347,358,358,"Winter, W. (1998). ‘Lexical Archaisms in the Tocharian Languages’, in Mair (ed.) 1998: 347–57."
335,Witczak,2012,347,347,358,358,"Witczak, K. T. (2012). ‘Indo-European *gʷʰ in Germanic’, Lingua Posnaniensis 54: 83–90."
336,Wodtko,2008,347,347,358,358,"Wodtko, D. S., Irslinger, B., and Schneider, C. (2008). Nomina im indogermanischen Lexikon. Heidelberg: Winter."
337,Wolfram,2004,347,347,358,358,"Wolfram, H. (2004). Die Germanen. Munich: Beck."
338,Yakubovich,2009,347,347,358,358,"Yakubovich, I. (2009). Sociolinguistics of the Luvian language. Leiden: Brill."
339,Yoshida,1990,347,347,358,358,"Yoshida, K. (1990). The Hittite mediopassive endings in -ri. Berlin: de Gruyter."
