author	year	entry_text	pdf_page
Adams, Douglas Q.	1985a	Sanskritρύπιση, Latin ^pubes, and related words. Die Sprache 31, 1-16.	708
	1985b	Latin mas and masturbari. Glotta 63,241-247,	708
		1997	708
Adams, J.N.		1992 The origin and meaning of Lat. veterimts, veterinarius. ZF 97, 70-95.	708
Adiego Lajara, Ignacio-Javier		2001 Osco TRIBUF PLIFRIKS. Glotta 77, 1-6.	708
Adrados, Francisco		2007 Must we again postulate a unitary and uniform Indo-European? IF 112, 1-25.	708
Andre, Jacques		1984 Lat vesica. Revue de Thilologie, de Litterature et d'Histoire Anciennes 58, 175-179.	708
Bader, Fran^oise		1962	708
La formation des composes nominaux du latin. Paris: Belles Lettres.		1983	708
Hommages a Jean Cousin: rencontres avec VAntiquite classique, ed. L.		Lerat, Paris: Les Belles Lettres, 27-60,	708
Baldi, Philip		1999	708
Balles, Irene		1999 Lateinisch sanguis £Blut\ In: Eichner / Luschutzky 1999,3-17.	708
Bammesberger, Alfred		1980 Zur Bildungsweise des indogermanischen Kausativs. ZVS 94,4-9.	708
		1990 Lateinisch finis und urgerrnanisch *baina-. HS 103,264-268.	708
		2003 Review of: Hill 2003. HS 116,314-317.	708
Bartalucci, Aldo		1963	708
I desiderativi in -esso. Rendiconti Accademia dei Lincei. Scienze morali,		storiche efilologiche 18,345-372.	708
Bartholomae, Christian		1904	708
Barton, Charles		1987 Greek ΕϋΡΩ, Latin sew, Armenian yerum. AJPh 108, 672-674.	708
Beckwith, Miles		2005 Volscian sistiatiens and the Oscan -«- perfect. //5118, 145459.	709
Beekes, Robert		1969	709
Hague - Paris: Mouton.		1972 H2o. Die Sprache 18,117-131.	709
		1975	709
Two notes on PIE stems in dentals. In: Flexion und Wortbildimg: Akten der		Fochtagung der indogermanischen Gesellschaft Regensburg, 9-14 September 1973, ed. H. Rix, Wiesbaden: Reichert, 9-14.	709
		1976 Uncle and Nephew, J1ES 4,43-63.	709
		1984 PIE'sun'. MSS, 43 5-8.	709
	1987a	The PIE words for 'name' and 4me\ Die Sprache 33, 1-6.	709
	1987b	On Indo-European 'wine*. MSS 48, 21-26.	709
		1989 Review of: Nussbaum 1986. Kratylos 34, 55-59.	709
		1990 Bloem en blad. In: 700 jaar etymologisch woordenboek van het Nederlands. 's-Gravenhage, 1990, eds. A. Moerdijk, W. Pijnenburg and P. van Sterkenburg, 375-382.	709
		1992 Widow. HS105, 17M87.	709
		1994 cRight', 'left' and 'naked' in Proto-Indo-European. Orbis 37, 87-96.	709
		1995	709
Comparative Indo-European Linguistics. Amsterdam - Philadelphia: Benjamins.		1996 Ancient European loanwords. HS 109, 215-236.	709
		1998 The origin of Lat aqua, and of *teuta 'people'. JIES 26,459-466.	709
		1999 The Greek word for 'lead', MSS 59, 7-14.	709
		2003 Historical Phonology of Classical Armenian. In: Kortlandt 2003, 133-211.	709
		2004	709
Armenian giser and the Indo-European word for 'evening'. In: Hyllested et		al. 2004, 59-62.	709
		fthc:	709
Benedetti, Marina		1988	709
Benediktsson, Hreinn		1960 The vowel syncope in Oscan-Umbrian. NTS 19, 157-295.	709
Benveniste, Emile		1931 Trois etymologies latines. BSL 32, 68-85.	709
		1951	709
Sur Thistoire du mot latin negotium. Annali della Scuola Normale		Superiore di Pisa. Lettere, storia efilosofia, Serie II - Vol. 20,21-25.	709
		1962	709
Hittite et indo-europeen: etudes comparatives. Paris: Maisonneuve.		1969 'Le vocabulaire des institutions indo-europeennes. Two volumes. Paris: Les editions de minuit	709
Berenguer Sanchez, Jose and Eugenio Lujan Martinez		2004	709
La nueva inscripcion falisca de Cavios Frenaios. Zeitschrift fur		Papyrologie undEpigraphik 149, 213-226.	709
Bettini, Maurizio		2000 The origin of Latin mustela. Glotta 76, 1-19.	710
Biville, Frederique		1990	710
Les emprunts du latin au grec. Approche phonetique. Tome I: Introduction et		consonantisme, Tome II: Vocalistne et conclusions. Louvain - Paris: Peeters.	710
Boutkan, Dirk and Sjoerd Siebinga		2005	710
Boutkan, Dirk and Maarten Kossmann		1999 Some Berber parallels of European substratum words. JIES 27, 87-100.	710
Bracchi, Remo		1999	710
"Turdus e i suoi corrispondenti: Tuccello ""che cova nel fango inaridito""."		Athenaeum 87, 79-92.	710
Brachet, Jean-Paul		1999 Latin proelium: poetique et etymologic HS 112,286-298.	710
Breal, Maurice		1894	710
Etymologies latines et grecques. Memoires de la Societe de Linguistique de		Paris 8,45-52 [8. La preposition AB devenue AF et A, p. 48-49]	710
Breyer, Gertraud		1993	710
Etruskisches Sprachgut im Lateinischen unter Ausschluss des spezifisch		onomastischen Bereichs = Orientalia Lovaniensia Analecta 53- Leuven:	710
Briquel, Dominique		1999	710
Les emprunts du latin a Petrusque: Tapproche de la question chez les		auteurs anciens. Studi Etruschi 63,291-313.	710
Campanile, Enrico		1969	710
Studia classica et orientalia Antonino Pagliaro oblata, vol. I, eds. V.		Abaev et aL, 293-322.	710
Chanut, Pierre-Yves		"1980 Les ""tesca"" du capitole. Revue de Philologie 54,295-304."	710
Cheung, J.		2002	710
Reichert		2007	710
Cohen, Paul S.		2004	710
A new etymology for Latin aquila. In: Indo-European word formation:		proceedings of the conference held at the University of Copenhagen October 20th - 22nd 2000, eds, James Clackson and Birgit Anette Olsen, Copenhagen: Museum Tusculaneum Press, 25-35.	711
Coleman, Robert		1992	711
Italic. In: Indo-European Numerals, ed. J. Gvozdanovic, Berlin - New		York: Mouton de Gruyter, 389-445.	711
Cotticelli Kuras, Paola		1993 Latino sonticus: una nota tra filologia e linguistica. Athenaeum 81,622-631.	711
Cowgill, Warren		1970	711
Indo-European and the Indo-JEuropeans, ed. G. Cardona e.a., Philadelphia:		University of Pennsylvania Press, 113-153.	711
		1973 The source of Latin stare, JIES 1, 271 -303.	711
		1974	711
More evidence for Indo-Hittite: the tense-aspect systems. In: Proceedings		of the Eleventh International Congress of Linguists, Ed. L. Heilmann, Bologna, 557-570.	711
		1978 The source of Latin vis cthou wilt'. Die Sprache 24, 25-44.	711
		1985 PIE *duuo '2* in Germanic and Celtic, and the nom.-acc. dual of non-neuter ^-sterns. A4SS 46, 13-28.	711
Cuesta Pastor, Jose Manuel		1996 Gr. γαλέη 'comadreja' y la glosa γάλις · yolxio^Emerita 64, 325-331.	711
Cuny, Albert		y	711
		1910	711
Les mots du fonds prehellenique en grec, latin, et semitique occidental.		Revue des Etudes Anciennes 12, 154-164.	711
Demiraj, Bardhyl		1997	711
Derksen, Rick		1996	711
Metatony in Baltic. Amsterdam - Atlanta: Rodopi.		2008	711
Etymological dictionary of the Slavic inherited, lexicon, Leiden: Brill,		fthc.:	711
Devoto, Giacomo \		1967	711
Lat imago. In: Beitrage zur Indogermanistik una, Keltologie: Julius Pokonry		zum 80. Geburtstag gewidmet, ed, W. Meid, Innsbruck: Universitat Innsbruck, 25-28.	711
Diehl, Ernst		1964	711
Driessen, Michiel		2001 On the etymology of Lat. urbs. JIES 29,41-67.	711
	2003a	Evidence for *ghelh2-, a new Indo-European root JIES31,279-305.	711
	2003b	*h2e-h2us-o-, the Proto-Indo-European term for 'gold\ JIES 31,347-362.	711
		2004 Indo-European 'felt*. JIES 32,25-42.	711
		2005	711
Akten der XI. Fachtagung der IndogermanischenGesellschafi, eds. G.		Meiser and O. Hackstein. Wiesbaden: Reichert, 39-64.	712
Duhoux, Yves		1973	712
Indo-europeen *el-eu-dh I l-eu-dh-, *l-eu-dh-; grec έλεύύερος, latin liber.		Folio Linguistica 6, 146-151.	712
Dunkel, George		1979 reciprocus und Verwandtes. IF 84, 184-195,	712
		1980 Ennian atque atque; prope. Glotta 58.	712
		1987 hires, χηρωσταί: Indogermanische Richtersprache. In: Festschrifi for	712
Henry Hoenigswaldc on the occasion of his seventieth birthday, eds- G.		Cardona and N. Zide, Tubingen: Gunter Narr, 91-100.	712
		1997 Latin iubar and fas: sound-law and analogy. In: Lubotsky 1997, 27-36.	712
		1998	712
"On the ""Thematisation"" of Latin sum, volo, eo and edo and the system of"		endings in the IE subjunctive active. In: Jasanoff / Melchert / Oliver 1998, 83-100.	712
	2000a	"Latin verbs in -igare and -igare. In: Festband 125 Jahre Indogermanistik in Graz. Arbeiten cms der Abteilung ""Vergleichende Sprachwissenschqfi Graz"", eds. Μ Ofitsch and C. Zinko, Graz: Leykam, 87-99."	712
	2000b	The common origin of conjunctive *-h?e and of adverbial *-s. In: Anusantatyai. Festschrift fur Johanna Narten zum 70. Geburtstag, eds. A. Hintze and E. Tichy, Dettelbach: Roll, 11-29.	712
		2005	712
Proceedings of the Sixteenth Annual UCLA Indo-European Conference. Los		Angeles, November 5-6> 2004, eds. K. Jones-Bley e.a., Washington DC: Institute for the Study of Man (= JIES Monograph Series 50), 173-189.	712
Ebbinghaus, Ernst		1979 Gotica XVI. General Linguistics 19, 188-192.	712
Edgeworth, Robert		1985 Luteus: Pink or Yellow? Glotta 63,212-220.	712
Eichner, Heiner		1978 Die urindogermanische Wurzel *H2reu 'hell machen'. Die Sprache 24, 144- 162.	712
		1982	712
In: Investigationes philologicae et		comparativae: Gedenkschrift fur Heinz Kronasser^ ed. E. Neu, Wiesbaden: Harrassowitz, 16-28.	712
		1992	712
Indogermanisches Phonemsystem und lateinische Lautgeschichte. In:		PanagI / Krisch 1992, 55-79.	712
	1993a	Reklameiamben aus Roms Konigszeit Die Sprache 34 [1991], 207-238.	712
	1993	b 1919 oder 1991? Zur Entwicklung der oskisch-umbrischen Studien nebst einer neuen Interpretation des Textes von Fonte Romito (Vetter Nr. 147). In:	712
Oslosch-Umbrisch: Texte		und	712
Arbeitstagung der		Indogermanischen Gesellschaft undder Societa Italiona di Glottologia vom 25. bis 28. September 1991 in Freiburg,, ed. H. Rix, Wiesbaden: Reichert, 46-95.	713
		1995 Zu fruhiateinischen Wortformen auf dem Forumscippus CIL I2,L In:	713
Studio onomastica et indogermanica. Festschrift fur Fritz Lochner von		Huttenbach zum 65. Geburtstag, eds. M. Ofitsch and C. Zinko, Graz: Leykam, 65-73.	713
		2002	713
Lateinisch hostia, hostus, hostire und die stellvertretende Tiertotung der		Hethiter. In: Fritz / Zeilfelder 2002, 101-156.	713
Eichner, Heiner and Hans Christian Luschutzky (eds.)		1999	713
Emout, Alfred		1937 avtvmare* Latomus 1, 75-79.	713
Emout, Alfred and Antoine Meillet		1979 Dictionnaire etymologique de la langue latine, 4™ edition. Troisieme tirage, par Jacques Andre. Paris: Klincksieck.	713
Fischer, Helmut		"1982 Lateinisch gravis ""schwer"". MSS 41, 33-34."	713
		1991 Nachtrag zu 'Lateinisch gravw' (MSS 41,1982, 33f.). MSS 52,7.	713
Fischer, Helmut and Ralf-Peter Ritter		"1991 Zu Bartholomaes (jungavest.) aeta- ""das gebtihrende Teii"". MSS 52, 9-13."	713
Flobert, Pierre		1975	713
Forbes, Kathleen		1958 The relations of the particle άΰν with κε(ν) κα καν. Glotta 37, 179-182.	713
Forssman, Bernhard		1965 Gr, πρύμνη, ai, nimna- und Verwandtes. ZVS 79, 11-18.	713
		1972 Review of: X. Mignot, Les verbes denominatifs latins. Paris 1969. Gnomon 44,666-672.	713
		1983	713
Aufgaben. In: Das etymologische Worterbuck Fragen der Konzeption und		Gestaltung, ed. A. Bammesberger, Regensburg: Pustet, 49-73.	713
		1992 Die etymologische Erforschung des Lateinischen. In: Panagl / Krisch 1992, 295-310.	713
		1993 Lateinisch ieiunus und ieientare. In: Meiser et al. 1993, 95-105.	713
		1998 Vedisch atithipati-, lateinisch hospes. In: Jasanoff / Melchert / Oliver 1998, 115-126.	713
		1999 Lateinisch permities und pernicies. In: Eichner / Luschutzky 1999, 69-76.	713
		2002 Etymologie im Thesaurus Linguae Latinae. Museum Helveticum 59, 172-187.	713
		2004 Lateinisch proprius, propriare. In: Hyllested et al. 2004, 131-138.	714
Fortson, Benjamin		2002	714
M. Southern, Washington DC: Institute		for the Study of Man, 61-77.	714
Fraenkel, Eduard		1948	714
Zur griechischen und lateinischen Grammatik und Wortforschung.		/%//o/ogus 97, 161-176.	714
	1955-1965	Litauisches etymologisches Worterbuch. Two vols. Heidelberg: Winter.	714
Fritz, Matthias		1996	714
Das uridg. Wort fur 'Nase' und das grundsprachliche Lautgesetz *RHV >		*RV.flS 109, 1-20.	714
Fritz, Matthias and Susanne Zeilfelder (eds*)		2002 Novalis Indogermanica. Festschrift fur Gtinther Neumann zum 80.	714
Fruyt, Michele		1986	714
Problemes methodologiques de derivation a propos des suffixes latins en		...cus. Paris: Klincksieck.	714
Garcia-Ramon, Jose-Luis	1993a	Latin ciere, citus, IE *kei-/ki- 'ponerse en movimiento' y Causat. tkoi-eie-ti. In: Heidermanns / Rix / Seebold 1993, 125-139.	714
	1993b	Lat. censere, got. hazjan und das idg. Prasens *kens-e-ti (und *kns-ije-tft) 'verkiindigt, schatzt', Stativ *kns-ehr 'verkiindigt, geschatzt sein / werden\ In; Meiser et al 1993, 106-130.	714
		1996 Lat. auere, {actyiuuare and IE *h2euh1. In: Akten des VIII	714
Kolloquiums zur lateinischen Linguistik, eds. A. Bammesberger and F.		Heberlein, Heidelberg: Winter, 32-49.	714
		1997	714
Lat prae, gr. παραί, παρά und Verwandtes: idg. *pxhr und */?/■- 'vorn		daneben, vor' gegenuber *pro(h{) *vor(n), vorwarts\ In: Lubotsky 1997, 47-62,	714
		2006	714
Petymologie		du vieil irlandais gus.	714
In: La		langue poetique indo-europienne, eds. G,-J. Pinault and D, Petit, Leuven: Peeters, 79-93.	714
Gamier, Romain	2004	Vapophonie radicale dans le verbe latin. Etude synchronique et diachronique. Doctoral diss. EPHE, Paris»	714
Gavoille, Laurent		2001	714
"Orare signifie-t-il ""parler""? In : De lingva latina novae qvaestiones. Actes"		du X* Colloque International de Linguistique Latine, ed. C Moussy, Louvain: Peeters, 787-800.	715
Georgiev, Vladimir		1962 Lateinisch crus and clunis : Reste eines r/w-Stammes. Die Sprache 8, 1-3.	715
Gerow, Edwin		1973 'Frost' in the Rgveda. J1ES 1, 224-231.	715
Gerschner, Robert		2002	715
Giacomelli, Gabriella		1963	715
Giacomelli, Roberto		1994	715
Lingua quotidiana e grecismo nel lessico culinario latino. ACME (Annali di		lettere efilosofia dell'Universita degli Studi di Mlano) 47,2,29-49.	715
Goto, Toshifumi		1985 Altindisch randhra- und uridg. *fendV MSS 44, 77-91.	715
Guasparri, Andrea		2000 Acipenser. Glotta 76, 50-52.	715
Guiraud, Charles		1975 Les mots latins a prefixe ue-. Revue des etudes anciennes 77, 80-87.	715
Gusmani, Roberto		2002 Althochdeutsch (hari)slk, lateinisch (st)lts. HS 115,111-116.	715
Hackstein, Olav		1993	715
Eine weitere griechisch-tocharische Gleichung: Griechisch πτηξαι und		tocharisch Bpyaktsi. Glotta 70,136-165.	715
		1995	715
Tocharischen. Gottingen: Vandenhoeck & Ruprecht.		1997 Probleme der homerischen Formenlehre I. MSS 57, 19-46.	715
	2002a	Uridg. *CH.CC > *C.CC. //5115,1-22.	715
	2002b	Die Sprachform der homerischen Epen. Wiesbaden: Reichert.	715
Hamp, Eric	1960-61	Notulae. ttudes Celtiques 9, 139-140.	715
		1972 Latin dacrima, lacruma and Indo-European 'tear'. Glotta 50,291-299.	715
		1973 Another lesson from 'frost'. J1ES 1,215-223.	715
		1974 Palat[al]ized */ in Umbrian. Glotta 52,231-233.	715
		1977 Some Italic and Celtic correspondences. ZVS 77,240-245.	715
		1978	715
Sound change and the etymological lexicon. In: Papers from the		'Parasession on the lexicon', Chicago Linguistic Society, 184-195.	715
		1980 Latin volup(e). ZVS 94, 158.	715
	1981	a IE *(He)op-. MSS 40, 39-60.	715
	1981b	Refining Indo-European lexical entries. ZVS 95, 81 -83.	715
		1982 Dulcis. Folia Linguistica Historica 3,133-134.	716
		1982-I983a Some Italic and Celtic Correspondences. ZVS 96,95-100.	716
		1982-1983b Indo-European substantives in *-mo- and *-ma-. ZVS 96, 170-177.	716
		1983	716
Further on Latin Capillus and Pullus and Lautgesetze. Folia Linguistica		Historical, 133-135.	716
	1984a	On the Meaning of Latin uoltus and IE 'face*. In: Papers from the Regional Meetings, Chicago Linguistic Society 20, 149-153.	716
	1984b	Some Italic and Celtic correspondences. ZVS 97,265-266.	716
	1985a	Latin callum, callis, Indie kina-. ZVS 98,59.	716
	1985b	Indo-European *bhetti-, Latin foedus, and Balto-Slavic. IF 90, 66-69.	716
		1988 Miscellanea. IF 93, 121-123.	716
		1990 aestumo. Glotta 68, 119.	716
		1992 focus. Glotta 70, 82.	716
		1993 The text of CIL I29 (son of Barbatus). In: Heidermanns / Rix / Seebold	716
	1993,	157-163.	716
		1997	716
Part one: Ancient languages and philology, eds. D. Disterheft, M. Huld		and J. Greppin, Washington DC: Institue for the Study of Man, 123-130.	716
	1999	fides and the Latin 5th declension. Glotta 74, 54-56.	716
Haroarson, Jon Axel		1994	716
Der Verlust zweier wichtiger Flexionskategorien im Uranatolischen. HS		107,30-41.	716
Haug, Dag		2004 Lateinisch concinnus und concinnare. Glotta 80, 24-45.	716
Heidermanns, Frank		1993 bonus, beatus und ein altes Praverb des Lateinischen. In: Heidermanns / Rix/Seebold 1993, 165-173.	716
		2002 Nomina] composition in Sabellic and Proto-Italic. TPS 100, 185-202.	716
Heidermanns, Frank, Helmut Rix and Elmar Seebold		1993	716
Sprachen undi Schriften des antiken Mittelmeerraums. Festschrift fiir		Jurgen Untermann zum 65. Geburtstag, Innsbruck: IBS^	716
Heiermeier, A.		1980	716
Die indogermanische orientierte ursprachliche Konzepiion *kuendhro- /		*kuondhro- / *kuondhna. Dublin University Press.	716
Hill, Eugen		2003	716
Italischen und Keltischen. Bremen: Hempen.		2006 Lateinisch cresco 'wachsen* etymologisch: urslavisch *krejQ 'genesen3, litauisch seriu 'futtern* oder armenisch serem 'erzeugen'? IJDLLR 3, 187-209.	717
Hilmarsson, Jorundur		1993 The fate of TTR/RTT in Indo-European. In: Meiser et al 1993,209-222.	717
Hiltbrunner, Otto		1958	717
Hirt, Hermann	1916-17Etymologien.	IF31, 227-236. Hyllested, Adam, Anders J0rgensen, Jenny Larsson and Thomas Olander (eds.)	717
		2004	717
Isebaert, Lambert		1988	717
Ben Schwartz: Studies in Anatolian, Italic, and Other Indo-European		Languages, ed. Y. Arbeitman, Louvain-la-Neuve: Peeters, 349-359.	717
		1992	717
Spuren akrostatischer Piasensflexion im Lateinischen. In: Panagl / Knsch	1992,	193-205.	717
		1995 Lat. crepare. MSS 55,41-43.	717
Isebaert, Lambert and Herman Seldeslachts		,	717
		1994 Tokharisch *twanka- 'einzwangen' und Verwandtes. HS 107,172-177.	717
Janda, Michael		i	717
		1998	717
Die hohle und geschlossene Hand im Urindogermanischen. Die Sprache		40, 1-25.	717
		1999 Ένοσίχΰων 'Erderschiitterer'. In: Eichner / Luschutzky 1999, 183-203.	717
		2000	717
Jasanoff, Jay		1976 Gr. αμφω, lat. ambo et le mot indo-europeen pour Tun et Fautre\ BSL 71, 123-131.	717
	1988-1990	Tl^e origin of the Celtic comparative type Olr. tressa, MW trech 'stronger*. Die Sprache 34, 171-189.	717
		2004 Plus ςα change...: Lachmann's Law in Latin. In: Penney 2004,405-416.	717
Jasanoff, Jay, H. Craig Melchert and Lisi Oliver (eds.)		1998	717
Jimenez Samudio		1989 La forma pronominal latina ipse: Su origen. Emerita 57, 119-127.	717
Job, Michael		1999	717
Zur Etymologie von lat. invitare. In: Studia Celtica et Indogermanica.		Festschrift fiir Wolfgang Meidzum 70. Geburtstag, eds. P, Anreiter and E. Jerem, Budapest: Archaeolingua Alapitvany, 151-155.	718
Joseph, Lionel		1986 A survival from the Italo-Celtic legal vocabulary. Eriu 37, 119-125.	718
Joseph, Brian and Rex Wallace		1987 Latin sum I Oscan sum, sim, esum. AJPh 108,675-693.	718
Juret, A.		1942	718
Kallio, Petri		2004	718
Tocharian loanwords in Samoyed? In: Etymologie, Entiehrmngen und		Entwicklungen: Festschrift fur Jorma Koivulehto zum 70. Geburtstag, eds.	718
P. Kallio		and	718
Societe		Neophilologique, 129-137.	718
Katz, Joshua	1998a	Testimonia Ritus Italici. HSCP 98, 183-217.	718
	1998b	How to be a dragon in Indo-European. In: Jasanoff / Melchert / Oliver	718
		1998,317-334.	718
		"2006 The uUrbi et Ofr-Rule"" Revisited. JIES 34, 319-361."	718
Keller, Madeleine		1980 Latin expergiscor. BSL 75, 309-324.	718
		1982 Latin vescor. Revue de philologie, de litterature et d' histoire anciennes 56, 81-93.	718
		1992	718
Klingenschinitt, Gert		1972	718
Die mittelpersischen Pronomina lyn und h '«, neupersisch in und an. MSS		30,93-102.	718
		1978 Zum Ablaut des indogermanischen Kausativs. ZVS 92, 1-13.	718
		1980	718
Zur Etymologie des Lateinischen. In: Lautgeschichte und Etymologie:		Akten der VI: Fachtagung der Indogermanischen Gesellschaft, Wien, 24.- 29. September 1978, eds. M. Mayrhofer, M. Peters and O. Pfeiffer, Wiesbaden: Reichert, 208-222.	718
		1982	718
Das altarmenische Verbum. Wiesbaden: Reichert.		1987	718
Erbe		und	718
Neuerung		beim germanischen	718
Althochdeutsck Band I: Grammatik, Glossen und Texte, eds. R.		Bergmann, H. Tiefenbach and L. Voetz, Heidelberg: Winter, 169-189.	718
		1989 Altlateinisch expretus (Plaut. Bacch. 446), In: Indogermanica Europaea: Festschrift fur Wolfgang Meidzum 60. Geburtstag am 12Λ 1.1989, eds. K.	718
Heller, O. Panagl and J. Tischler, Graz: Institut fur Sprachwissenschaft,		79-100.	718
		1992 Die lateinische Nominalflexion. In: Panagl / Krisch 1992, 89-135.	718
		2004	718
Zur Etymologie der klassischen Sprachen. In: Artes et Scientia: Festschrift		fur Half Peter Ritter zum 65. Geburtstag, eds, P. Anreiter, M. Haslinger and H.D. Pohl, Wien: Praesens, 239-252.	719
		2005	719
Kloekhorst, Alwin	2006a	Hittitepai-/pi- 'to give'. IF 111, 110-119.	719
	2006b	Initial laryngeals in Anatolian. HS 119,77-108.	719
		2008	719
Kluge, Friedrich and Elmar Seebold		1999 Etymologisches Worterbuch der deutschen Sprache. 23., erweiterte	719
Rnobloch, Johann		1973 Lat helluor -onis m. 4 Prasser'. Die Sprache 19, 63.	719
		1977 Lat fenus, pignus und die Viehverstellung. Rheinisches Museum 120, 92-93.	719
		1978 Untersuchungen zur umbrischen Wortkunde. Rheinisches h/kiseum 121, 161-163.	719
Kolligan, Daniel		2005 Lat. lugere 'trauern'. IJDLLR 2, 169-175.	719
Kortlandt, Frederik		i	719
	1980a	More evidence for Italo-Celtic. Eriu 32,1 -2%	719
	1980b	H20 and oH2. Lingua Posnaniensis 23, 127-128.	719
	1983a	Greek numerals and PIE glottalic consonants. A4SS 42,97-104.	719
	1983b	Demonstrative pronouns in Balto-Slavic, Armenian and Tocharian. Studies in Slavic and General Linguistics 3, 311-322.	719
	1983c	Notes on Armenian historical phonology III: /?-. Studia Caucasica 5, 9-16.	719
	1985a	Long vowels in Balto-Slavic. Baltistica 21/2, 112-124.	719
	1985b	Arm, artawsr *tear\ Annual of Armenian Linguistics 6, 59-61.	719
		1986 Posttonic *w in Old Irish. Eriu 37, 89-92.	719
		1989 Lachinann's Law. In: 7he new sound of Indo-European: Essays in phonological reconstruction, ed. T. Vennemann, Berlin - New York: Mouton de Gruyter, 103-105.	719
		1992 The Germanic fifth class of strong verbs. NOWELE 19, 101-107.	719
		1993	719
Proto-Armenian numerals. In: In honorem Holger Pedersen: Kolloquium		der Indogermanischen Gesellschafi vom 26. bis 28. Marz 1993 in Kopenhagen, ed. J.E. Rasmussen, Wiesbaden: Reichert, 253-257.	719
		1996 Old irish ol 'inquit'. Etudes celtiques 32,143-145.	719
	1997a	Arm. ner4 sister-in-law \ Annual of Armenian Linguistics 18,7-9.	719
	1997b	Baltic e- and l/ja-stems. Baltistica 32, 157-163.	719
		1999	719
Lachmann's law again. In: Language change and typological variation: in		honor of Winfred P. Lehmann on the occasion of 83rd birthday. Vol I:	719
Language change and phonology, ed. E. Polome and C. Justus,		Washington DC: Institute for the Study of Man, 246-248.	720
		2000 Old Norse taka, Gothic tekan, Greek τεταγών. NOWELE 36,59-65.	720
		2003	720
Armeniaca: comparative notes. With an appendix on the historical		phonology of Classical Armenian by Robert S.P. Beekes. Ann Arbor:	720
Caravan.		2005 Lithuanian teketi and related formations. Baltistica 40, 167-170.	720
		2007	720
Kroonen, Guus		2006	720
Gemination and allomorphy in the Proto-Germanic /ra-stems: bottom and		rime.ABAG 61,17-25.	720
Kuiper, Franciscus		1995 Gothic bagms and Old Icelandic ylgr. NOWELE 25, 63-88.	720
Kummel, Martin		2000	720
Das Perfekt im Indoiranischen. Wiesbaden: Reichert.	2004a	Das Wort fur 'Biber' und einige Probleme der altgermanischen	720
Historisch-vergleichende Sprachwissenschaft und		germanische	720
Akten		der 4,	720
Neulandtagung		der Historisch-Vergleichenden Sprachwissenschafi in Potsdam 2001, eds. M. Fritz and I. Wischer, Innsbruck: IBS, 105-117.	720
	2004b	Zu einigen seltenen W6rtem in der Cistellaria. In: Studien zu Plautus'	720
Cistellaria, eds. R. Hartkamp and F. Hurka, Tubingen: Gunter Narr,		347-362.	720
		2005	720
Ved. tandt- und ein neues indoiranisches Lautgesetz. In: Indogermanica.		Festschrift fur Gert Klingenschmitt, ed. G. Schweiger, Taimering, 321-332. de Lamberterie, Charles	720
		1990	720
Louvain-la-Neuve: Peeters.		1994	720
L'adverbe grec ύπέρφευ. In: Melanges Frangois Kerlouegany eds. D.		Conso, N. Fick and B. Poulle. Paris: Les Belles Lettres, 321-340	720
		1996	720
Latin pignus et la theorie glottalique. In: Aspects of Latin: papers from the		seventh International Colloquium on Latin linguistics, Jerusalem, April	720
	1993,	ed. H. Rosen, Innsbruck: IBS, 135-152.	720
Lazzarini, Maria Letizia and Paolo Poccetti		2001 77 mondo enotrio tra VI e Κ secolo a.C Atti dei seminari napoletani (1996-1998). L'iscrizionepaleoitalicada Tortora. Napoli: Lofredo.	720
Ledo-Lemos, Francisco Jose		2002	720
The etymology of Latin uirgo and the Latin evolution of the consonantal		group *-rgw-. IF 107,219-239.	720
Lee, D.J.N.		1967 The modal particles fiv, κε(ν), κα. AJPh 88,45-56.	721
Lejeune, Michel		1974	721
Manuel de la langue venete. Heidelberg: Winter.		1990 Notes de linguistique italique XL. Revue des etudes latines 68,28-30.	721
Leumann, Manu		1940 Literaturbericht fur das Jahr 1937, Glotta 28, 1 -21.	721
		1959	721
Kleine Schrifien. Zurich - Stuttgart: Artemis.		1960 Zwei lateinischen Wortbedeutungen: Lucina und bubo. Die Sprache 6, 156-161.	721
		1977	721
Levin, Saul		1983	721
Hebrew pi(y)lsg£s> Greek παλλακη, Latin paelex: the origin of		intermarriage among the Early Indo-Europeans and Semites. General Linguistics 2i, 191-197.	721
Lindeman, Frederik Otto		1965 La loi de Sievers et le debut du mot en indo-europeen. NTS 20, 38-108.	721
Lindner, Thomas		2002	721
Studien. Innsbruck: IBS.		Lexikon der indogermanischen Verben2. Die Wurzeln und ihre Primarstammbildungen	721
Unter Leitung von H. Rix ... bearbeitet von M. Kummel, Th, Zehnder, R*		Lipp, B. Schirmer Wiesbaden: Reichert. 200 L	721
Livingston, Ivy		2004	721
Lloyd, Albert and Otto Springer		1988	721
Lockwood, William B.		1990 Latin columba, palumbes, Greek κόλυμβος. HS 103,261-263.	721
		2001 On the origin of Lat hirundo and Gr. χελιδών. Glotta 77,217-218.	721
Lubotsky, Alexander		1981	721
Gr πήγνυμι : Skt pajra- and loss of laryngeals before mediae in		Indo-Iranian.MSS40, 133-138.	721
		1985 The PIE word for 'dry'. ZVS 98, 1-10.	721
		1988	721
Leiden etc.: Brill.		1989	721
Indo-European: Essays in phonological reconstruction^ ed. T. Vennemann,		Berlin - New York: Mouton de Gruyter, 53-66.	721
		1990	721
La loi de Brugmann et *H$e-. La reconstruction des lajyngales, ed. Liege -		Paris, 129-136.	722
		1994	722
RV. avidhat. In: Fruh-y Mittel- und< Spatindogermanisch: Akten der IX.		Fachtagung der Indogermanischen Gesellschaft vom 5. bis P. Oktober	722
	1992	in Zurich^ eds. G. Dunkel, G. Meyer, S. Scarlata and C. Seidl, Wiesbaden: Reichert, 201-206.	722
		1995	722
Reflexes of intervocalic laryngeals in Sanskrit In: Kurytowicz Memorial		Volume, Part One, ed. W. Smoczynski, Cracow: Universitas, 213-233.	722
		1997 (ed.) Sound, Law and, Analogy : papers in honor of Robert &P. Beekes on the occasion of his 6(fh birthday. Amsterdam - Atlanta: Rodopi.	722
		2000	722
The Vedic root vr- 'to cover* and its present. In: Indoarisch, Iranisch und,		die Indogermanistiky eds. B. Forssman and R. Plath, Wiesbaden: Reichert, 315-325.	722
		2001 Reflexes of PIE *sk in Indo-Iranian. Incontri Linguistici 24, 25-57.	722
		2004 Avestan siiazdr, Sanskrit sedh-, Latin cedere. In: Hyllested et al. 2004, 323-332.	722
		2006	722
Indo-European 'heel'. In: Studi linguistici in onore di Roberto Gusmani,		eds. R. Bombi, G. Cifoletti, F. Fusco, L. Innocente and V. Orioles. Alessandria: ed. dellOrso, 1005-1010.	722
		fthc.	722
Luhr, Rosemarie		2000	722
Mallory, James and Douglas Q. Adams (eds.)	1997	Encyclopedia of Indo-European culture, London - Chicago: Fitzroy Dearborn.	722
Manessy-Guitton, Jacqueline		1964 facinus et les substantifs neutres latins en -nus. Revue de philologie, 3me serie 38,48-58.	722
Marinetti, Anna		1999 Venetico 1976-1996. Acquisizione e prospettive. In: Protostoria e storia del 4Venetorum Angulus', ed. A. Maggiani, Pisa - Roma: Istituti editoriali e poligrafici internazionali, 391-436.	722
		2004	722
Venetico: rassegna di nuove iscrizioni (Este, Altino, Auronzo, S. Vito,		Asolo). Studi Etruschi 70, 389-408.	722
Martzloff, Vincent		2006	722
Les themes de present en yod dans Vepigraphie italique et en latin		archdique. These doctorale, Univ. Lumiere - Lyon II. r	722
Masson, Emilia		1967	722
Mastrelli, Carlo Alberto		1979 Una nota su lat. renes e gr. ράχις. Incontri Linguistici 5,37-42.	722
		1980	722
Un falso arcaismo: lat-fal. uxor, pel. usur. Archivio glottologico italiano		65, 14-18,	723
Matasovic, Ranko		2004	723
Matzinger, Joachim		2003 Albanisch kam 'ich habe\ Studia Etymologica Cracoviensia 8, 111-118.	723
		2005 Messapisch und Albanisch. IJDLLR 2,29-54.	723
Mayrhofer, Manfred	1986-2002	Etymologisches Worterbuch des Altindoarischen. 3 volumes.	723
McCone, Kim		1991	723
The Indo-European origins of the Old Irish nasal presents\ subjunctives		and futures. Innsbruck: IBS.	723
	1992a	Olr. tore, Av. ufiaraso < PIE *tworkos '(cutter,) boar'. MSS 53, 99-100.	723
	1992b	Olr, aub 'river' and amnair 'maternal uncle'. MSS 53,101-111.	723
Meid, Wolfgang	1956-57Zur	Dehnung praesuffixaler Vokale in sekundaren Nominalableitungen. IF 62,260-295 and IF 63,1-28.	723
		1957 Das Suffix -no- in Gotternamen. Beitrage zur Namenforschung 8, 72-108, 113-126. :- 195 8 Zur Bedeutung und Bildung von altindisch damunas-. IF 63, 151 -162.	723
Meier-Briigger, Michael		1977 Lateinisch hum!und doml ZVS 91, 159-165.	723
		1979 Lateinisch sospes, Sospita und vedisch svastl·. ZVS 93, 100-102.	723
		1980	723
Lateinisch		audire/oboedire: Etymologie und	723
Lautgeschichte und Etymologie: Akten der VL Fachtagung der		Indogermanischen GesellschafU Wien, 24.-29. September 1978, eds. M. Mayrhofer, M. Peters and O. Pfeiffer, Wiesbaden: Reichert, 287-292.	723
		1990	723
Griechisch (επι)λίγδην und λιχανός, lateinisch pollex und pollingere.		Gloita6%, 1-3.	723
		1992 Zu lateinisch omen. Glotta 70, 248-249.	723
		2004	723
Indo-European word formation: Proceedings of the conference held at the		University of Copenhagen, October 2(/h-22nd, 2000, eds. J. Clackson and BA. Olsen, Copenhagen: Museum Tusculaneum, 183-188.	723
Meillet, Antoine		1918	723
A propos de latin formica. Memoires de la Societe de Linguistique de Paris		20,115.	723
Meiser, Gerhard		1986	723
Lautgeschichte der umbrischen Sprache. Innsbruck: IBS.		1993	723
Das Gerundivum im Spiegel der italischen Onomastik. In: Heidermanns /		Rix/ Seebold 1993, 255-268.	724
		1998	724
Wissenschaftliche Buchgesellschaft.		2003	724
Meiser, Gerhard et al.		1993 Indogermanica et Italica: Festschrift fur Helmut Rix zum 65. Geburtstag, ed. G. Meiser in cooperation with J. Bendahman, J.A. Hardarson and C.	724
Melchert, H. Craig		1985 Hittite imma and Latin immo. ZVS 98, 184-205.	724
		1994	724
Anatolian Historical Phonology. Amsterdam - Atlanta: Rodopi.		1998	724
"Hittite arku- ""chant, intone"" vs. arkuwa(i)- ""make a plea"". Journal of"		Cuneiform Studies 50, 45-51.	724
		"1999 Hittite tuk(kan)zi- ""cultivation, breeding"". Ktema 24, 17-23."	724
		2002	724
Perspectives, ed. M. Southern, Washington DC: Institute for the Study of		Man, 223-232.	724
		2005	724
Latin insolesco, Hittite sulle(ss)- and PIE statives in -e-. In: Hjrda Manasa.		Sbornik statej k 70-letiju so dnja pozdenija professora Leonardo Georgievica Gercenberga. Sankt-Peterburg: Nauka, 90-98.	724
	2007a	PIE *hzesp- 'to cut\ In: Nussbaum 2007c, 253-258.	724
	2007b	Luvian Evidence for PIE *h3eit- 'take along, fetch'. Indo-European Studies	724
Mignot, Xavier	1969	Les verbes denominatifs latins. Paris: Klincksieck.	724
Morani, M.		1984 Augurium augur augustus: una questione di metodo. Glotta 62, 65-71.	724
Moussy, Claude		1980 Une etymologie de lat. uxor BSL 75, 325-346.	724
Muller, F.M. Jzn.		1926	724
Nepokupnyj, Anatoli)		2002 The Prussian taboo: mosuco [Elbing Dictionary, 662] 'weasel' as a diminutive of moazo [Elbing Dictionary, 178] 'aunt'. Baltistica 37,35-43.	724
Neri, Sergio		2007	724
Cadere e abbattere in Indoeuropeo. SulV etimologia di tedesco fallen,		latino aboleo e greco άπόλλυμι. Innsbruck: IBS.	724
Niedermann, Max		1899 Studien zur Geschichte der lateinischen Wortbildung. IF 10, 221-258.	725
		1945	725
Nieto, Erciilio		1988 Veia: Apud Oscos Dicebatur Plaustrum (P.F., 506,3). Emerita 56,37-41.	725
Nowicki, Helmut		1978 Zur Stammbildung von lat. custos. ZVS 92,184-194.	725
		2002 Lateinisch -Ίηα als Motionssufftx. In: Fritz / Zeilfelder 2002,333-341.	725
Nussbaum, Alan		1973 benuso, couortuso, and the archetype of Tab. Ig, I and VI-VII a» JIES 1, 356-369.	725
		1976 Umbnzn pisher. Glotta 54,241-253.	725
		1986	725
Head and horn in Indo-European. Berlin - New York: Walter de Gruyter.		1994 Five Latin verbs from a root *leik-. HSCP 96, 161-190.	725
		"1996 ""Decasuative"" derivatives (Latin acetum, auritits, acutus, avitus: four of a kind?). Handout, ECIEC 15, June 1996."	725
		"1997 The ""Saussure Effect"" in Latin and Italic. In: Lubotsky 1997,181-203."	725
	1998a	Two studies in Greek and Homeric Linguistics, Gottingen: Vandenhoeck &	725
Ruprecht.	1998b	Severe Problems. In: Jasanoff / Melchert / Oliver 1998, 521-538.	725
	1998c	"More on ""Decasuative"" nominal stems in IE. Handout, ECIEC 17, May 1998."	725
	1999a	*Jocidus: An account of the Latin adjectives in -idus. In: Eichner / Luschutzky 1999,377-419. : ;	725
	1999b	"Some old stories and a ""new"" adjective in Latin. Handout, ECIEC 19, May"	725
		1999.	725
		2003 A benign interpretation. Handout, ECIEC 22, June 2003.	725
	2004a	Cool *-ed-: The Latin frigedd and Gr. άλγηδών, τηκεδών, and ρϊγεδανός types. Handout ECIEC 2004.	725
	2004b	A -/- Party: Various IE nominal stems in *-(o/e)t-. Handout, West Coast Indo-European Conference, November 2004.	725
	2007a	What does *h2ner do? Well... Handout, ECIEC 2007.	725
	2007b	Latin present stems in -sa< A possibly not so minor type. Handout, Kyoto, September 2007.	725
	2007c	(ed.) Verba Docenti. Studies in historical and Indo-European linguistics presented* to Jay Η Jasanoff by students, colleagues, and friends. Ann	725
Nyman, Martti		1982	725
Positing a Lautgesetz: Latin capillus, pullus and kindred issues. Folia		Linguistica Historica 3, 87-108.	725
		1987 Semantic selection properties and etymology: Latin mica. Glotta 65,221-239.	725
		1990 Hits and misses: Lat. considerare and desiderare. HS 103, 51-68.	725
Oettinger, Norbert		1976	725
Die militarischen Eide der Hethiter. Wiesbaden: Harrassowitz.		1979 Die Stammbildung des Hethitischen Verbums. Nachdruck [2002] mit einer kurzen Revision der hethitischen Verbalklassen. Dresden: TU.	726
		1998	726
Wiesel und Schwagenn. Zu einem seraantischen Problem. In: Man and the		animal worlds Studies ... in meporiam Sandor Bokonyi^ eds. P. Anreiter et al., Budapest: Archaeolingua Alapitvany, 649-654.	726
		2003	726
Akten der Arbeitstagung der		Indogermanischen Geselhchaft. Freiburg, 19. bis 22. Sept 200J, eds. E. Tichy, D. Wodtko, B. Irslinger, Bremen: Hempen, 141-152.	726
		2007	726
Hieroglyphen-luwisch latara/i- 'erweitem', ai. randhra- und nhd. Lende,		Land, In: Nussbaum 2007c, 259-262.	726
Oleson, J.P.		1976 A possible physiological basis for the term urinator 'diver'. AJPh 97, 22-29.	726
Oniga, Renato		1999	726
Etimologia e struttura morgologica di acipenser. In: De lingva latina novae		qvaestiones. Actes du X* Colloque International de Linguistique Latine, ed. C. Moussy, Louvain: Peeters, 133-141.	726
Panagl, Oswald		1991 Die Etymologie von lat. (ir)rigare. HS 104, 199-204.	726
Panagl, Oswald and Thomas Krisch		1992	726
Latein und Indogermanisch Akten des Kolloquiums der Indogermanischen		Geselbchafi^ Salzburg, 23.-26. September 1986. Innsbruck: IBS.	726
Panagl, Oswald and Thomas Lindner		1995	726
Etyma Latina. In: Studia onomostica et iruhgermanica. Festschrift fiir		Fritz Lochner von Huttenbach zum 65. Geburtstag, eds. M. Ofitsch and C. Zinko, Graz: Leykam, 167-174.	726
Pariente, Angel		1975 Necesse. Emerita 43,25-39.	726
Parker, Holt N.		1988 Latin *siso > serd and related rules. Glotta 66,221-241.	726
		2000 Flaccus. Classical Quarterly 50,455-62.	726
Parlangeli, Oronzo		1960	726
Patri, Sylvain		2001 Une correspondence irano-slave en novgorodien. KS 114, 290-306.	726
Penney, John (ed.)		2004	726
Peruzzi, Emilio		1969 Velum. Athenaeum 47 (nuova serie) / 57 (della rivista), 256-265.	727
		1992 Umbro kletra e latino clitellae. La parola delpassato 47,343-362.	727
Peters, Martin		1980	727
Griechischen. Wien: Akademie der Wissenschaften [= Phil.-Hist Klasse,		Sitzungsberichte, 377. Band],	727
Petit, Daniel		2004 On the Hittite verb ark-. Die Sprache AA, 1-25.	727
Pike, Moss		2007 Latin saliis 'health'. Handout ECIEC 26, June 2007, Yale Univ.	727
Pinault, Georges-Jean		1987	727
AFe Andree Thill, ed. G. Freyburger, Mulhouse: Universite de Haute		Alsace, 151-156.	727
		1997	727
Terminologie du petit betail en tokharien. Studia etymologica cracoviensia		2, 175-219.	727
		1998	727
Analyse de latin caesaries. In: Moussyllanea. Melanges de linguistique et		de litterature anciennes offerts a Claude Moussy, eds. B. Bureau and C. Nicolas, Louvain - Paris: Peeters, 15-30.	727
		1999 Tokharien A kapsani, Β kektsene. In: Eichner 7 Luschutzky 1999,457-478.	727
		2000	727
Vedique damiinas-, latin dominus et Forigine du suffixe de Hoffinann. BSL		95,61-118.	727
		2001 Le type latin uorago: un reflet d'un suffixe indo-europeen. Glotta Π, 85-109.	727
	2006a	L'indo-iranien et les nouvelles langues apparues en asie centrale dans le travail d'Antoine Meillet. In: Meillet aujourd'hui, eds. G. Bergounioux and C. de Lamberterie, Louvain - Paris: Peeters, 191-243.	727
	2006b	Sur revolution phonetique tsk > tk en tokharien commun. MSS62 [2002], 103-156.	727
		"2007 A star is born: a ""new"" PIE *-ter- suffix. In: Nussbaum 2007c, 271-279."	727
Pisani, Vittore [		1979	727
Feber, februm, februarius e le continuazioni latini di sr. Archivio		Glottologica Italiano 65, 102-106. von Planta, Robert	727
		1892	727
Pokorny, Julius		1959	727
Porzio Gemia, Maria Luisa		1981	727
Gli elementi celtici del latino. In: / Celti d'Italia, ed. E. Campanile, Pisa:		Giardini, 97-122.	728
Postgate, J.		1899 Operates and operari. The Journal of Philology 26,314-320.	728
Praust, Karl		1998 Armenisch dmpem 'trinke*. Die Sprache 38, 184-200.	728
		2004	728
Zur historischen Beurteilung von griech. κλίνω, aol. κλίννω, der altindischen		"9. Prasensklasse und zur Frage grundsprachlicher ""w-Prasentien"". In: Artes et Scientia: Festschrift fiir Ralf-Peter Ritter zum 65. Geburtstag, eds. P. Anreiter, Μ Haslinger and H.D. Pohl, Wien: Praesens, 369-390."	728
		2005	728
What Greek can tell us about the prehistory of English 'to fall'. Paper at the		conference Greek and Latin from an Indo-European Perspective, Cambridge, UK, July 2005.	728
Prosdocimi, Aldo		1988	728
La lingua. In: / Veneti Antichl Lingua e cultura^ eds, G. Fogolari and A.		Prosdocimi, 223-440.	728
Puhvel, Jaan		1992	728
Shaft-shedding Artemis and mind-voiding Ate: Hittite determinants of		Greek etyma. HS 105,4-8.	728
		1998 Latin furor, help from Hittite. In: Jasanoff / Melchert / Oliver 1998,607-609.	728
		2006 Latin mere and Hittite marrl Glotta 81,184· 186.	728
Pulgram, Ernst		1976	728
Venetic .e.kupeuari.s, In: Studies in Greek, Italic and Indo-European		linguistics. Offered to Leonard L. Palmer on the occasion of his seventieth birthday, eds. A. Morpurgo Davies and W. Meid, Innsbruck: IBS, 299-304,	728
Radke, Gerhard		1981	728
Historische		und sprachgeschichtliche	728
Rasmussen, Jens Elmegard		1984	728
Arbejdspapirer udsendt af Institut for Lingvistik, Kebenhavns Universitet		4, 135-149 (= Rasmussen 1999 1: 146-156).	728
		1989	728
Innsbruck: IBS.		1993 Review of Schrijver 1991. Acta Linguistica Hafhiensia 26, 175-205.	728
		1999 Selected Papers on Indo-European Linguistics, 2 volumes. University of	728
Regnaud, Paul		1908	728
Dictionnaire etymologique du latin et du grec dans ses rapports avec le		latin. Lyon - Paris.	729
Rieken, Elisabeth		1999	729
Untersuchungen zur		nominalen Stammbildung des Hethitischen.	729
Wiesbaden: Harrassowitz.		2003	729
Hieroglyphen-luwisch		"zi+ra/i-la-mi-i (""SCALPRUM.ARGENTUM"") su-ha^pa-na-ti: ein Kompositum und eine neue luwisch-lateinische Isoglosse.//5116,35-53."	729
Risch, Ernst		1954 Der Typus parturire im Lateinischen. JF 61, 187-195.	729
		1979 Zur altlateinischen Gebetsprache. Incontri Linguistici 5,43-53.	729
		1984	729
Entstehung und Vorgeschichte. Berlin - New York: Walter de Gruyter.		1985	729
Gab		es im	729
Latein		ein	729
Singular		nundinuml	729
Sprachwissemchafiliche Forschungen. Festschrift fiir Johann Knobloch*		eds. H. Olberg and G. Schmidt, Innsbruck: AMCE, 329-338.	729
Ritter, Ralf-Peter		2004 Zur Etymologie von lat. lignum. In: Hyllested et ah 2004,487-490.	729
Rix, Helmut		1965 Lat. iecury iocineris. MSS 18, 79-92.	729
		1966	729
Die lateinische Synkope als historisches und phonologisches Problem.		Kratylos 11,156-165.	729
		1976	729
Die		umbrischen	729
Infinitive		auf -ft vund die urindogermanische	729
Infinitivendung -dtioi. In: Studies in Greek, Italic and Indo-European		linguistics. Offered to Leonard L· Palmer on the occasion of his seventieth birthday, eds. A. Morpurgo Davies and W. Meid, Innsbruck: IBS, 319-331.	729
		1978 Die Altersangabe in der oskischen Inschrift Ve. 70 und osk.-umbr. akno- 'Jahr\AiSS37,149-163.	729
		1981	729
Rapporti onomastici fra il panteon etrusco e quello romano. In: Gli		Etruschi e Roma, ed. G. Colonna, Roma: Bretschneider, 104-126 (^Kleine Schrifteny 2001,272-294).	729
	1985a	sudor und sidus. In: Sprachwissemchafiliche Forschungen. Festschrift fir Johann Knobloch, eds. H. Olberg and G. Schmidt, Innsbruck: AMCE, 339-350.	729
	1985b	The last word of the Duenos inscription. ACS 46, 193-220.	729
		1992	729
Zur Entstehung des lateinischen Perfektparadigmas. In: Panagl / Krisch		1992,221-240.	729
		1993 osk. upsannam - uupsens und Zugehoriges, In: Heidermanns / Rix / Seebold 1993, 329-348.	729
	1994a	Die Termini der Unfreiheit in den Sprachen Altitaliens. Stuttgart: Steiner.	729
	1994b	Lateinisch und sabellisch. Stammbaum und/ oder Sprachbund? Incontri Linguistici 17, 13-29.	729
	1995a	Einige lateinische Prasensstammbildungen zu Set-Wurzeln. In: Kuryiowicz	729
Memorial Volume, Part One, ed. W. Smoczynski, Cracow: Universitas,		399-408.	729
	1995b	Oskisch bravus, oskisch uruvu, lateinisch tirvum und 'europaisch' bravo. HS 108, 84-92.	730
		1996 Review of Schrijver 1991. Kratylos 41, 153-163.	730
		1998	730
Bemerkungen zu den lateinischen Verbformen des Typs faxo faxim. In:		Jasanoff / Melchert / Oliver 1998,619-634.	730
		1999	730
Schwach charakterisierte lateinische Prasensstamme zu Set-Wurzeln mit		Vollstufe L In: Eichner / Luschutzky 1999,515-535.	730
		2001	730
Kleine Schriften. Ed, G. Meiser. Bremen: Ute Hempen.	2002a	Sabeilische Texte. Die	730
Sudpikenischen. Heidelberg: Winter.	2002b	Oskisch niir kulupu. In: Fritz / Zeilfelder 2002,417-430.	730
		2004 Ein neuer oskisch-griechischer G6ttername in Pompei. In: Hyllested et al.	730
		2004,491-505.	730
		2005	730
Lehnbeziehungen zwischen den Sprachen Altitaliens. In: Sprachkontokt		und SprachwandeL Akten der XI, Fachtagung der Inodgermanischen	730
Gesellschaft, eds. G. Meiser and O. Hackstein, Wiesbaden: Reichert,		559-572.	730
Rosen, Haiim B.		1992	730
Die Komposita mit co(n)- in funktioneller und vergleichender Sicht In:		Panagl / Krisch 1992, 357-367.	730
		1994 Lat. sacena, Heb. sakJdn and the Mediterranean substrate. JIES 22, 165-175.	730
		1995 Lat. rete. IF 100,210-212.	730
Russell, Paul		1988 Preverbs, prepositions and adverbs: sigmatic and asigmatic. TPS 86,144-172.	730
Saalfeld, Gunther		1884	730
Tensaurus italograecus: ausfuhrliches historisch-kritisches Worterbuch		der griechischen Lehn- und Fremdworter im Lateinischen. Wien.	730
Schaf&ier, Stefan		1996 Altenglisch nihol, riiowol und lateinisch procuL MSS 56, 131 -171.	730
		2001	730
Wechsel des Urgermanischen im Nominalbereich. Innsbruck: IBS.	2006a	Lateinisch mustella, mustela 'Wiesel; Quappe' und der Wortbildungstyp vedisch asvatara-, IJDLLR 3, 1-50.	730
	2006b	Altenglisch umbor cKind\ IJDLLR 3, 147-185,	730
Schindler, Jochem		"1966 Bemerkungen zum idg. Wort fiur ""Schlaf \ Die Sprache 12,67-76."	730
		"1969 Die idg. Worter fur ""Vogel"" und ""Ei"". Die Sprache 15, 144-167."	730
		1973	730
Bemerkungen zur Herkunft der idg. Diphthongstamme und zu den		Eigentumlichkeiten ihrer Kasusformen. Die Sprache 19, 148-157.	730
		1977 Notizen zum Sieversschen Gesetz. Die Sprache 23, 56-65.	730
Schrijver, Peter		1990 Latin festinare, Welsh brys. MSS 51,243-247.	731
		1991	731
The reflexes of the PIE laryngeals in Latin. Amsterdam - Atlanta: Rodopi.		1995	731
Studies in British Celtic historical\ phonology. Amsterdam - Atlanta: Rodopi.	1997a	Some western European substratum words. In: Lubotsky 1997,293-316.	731
	1997b	Studies in the history of Celtic pronouns and particles. Maynooth:	731
Maynooth Studies in Celtic Linguistics II.		1998 The British word for 'fox' and its Indo-European origin. JIES26,421-434.	731
		1999	731
On henbane and early European narcotics. Zeitschrifi fur celtische		Philologie 51, 17-45.	731
		2001	731
Carpelan, A. Parpola and P. Koskikallio, Helsinki: Memoires de la Societe		Finno-Ougrienne, 417-425.	731
		2003 Athematic /-presents: the Italic and Celtic evidence. Incontri Linguistic! 26, 59-86.	731
		2004 Indo-European *(s)mer- in Greek and Celtic. In: Penney 2004,292-299.	731
		2006 Review of Meiser 2003. Kratylos 51,46-64.	731
Schumacher, Stefan		2004	731
Schwyzer, Eduard		*	731
		1929 Prognatus. Ein Beitrag zur lateinischen Verbalbildung. ZVS 56, 10-22.	731
Seldeslachts, Herman		j	731
		2001	731
Seldeslachts, Herman and Pierre Swiggers		1995 Remarks on Baltic, Slavic and Latin tool names. Linguistica Baltica 4,23-33.	731
Serbat, Guy		1975	731
Sihler, Andrew \		1995	731
Sims-William, Nicholas		1997	731
The denominal suffix -ant- and the formation of the Khotanese transitive		perfect In: Lubotsky 1997, 317-325.	731
Skutsch, Franz		1892 laientare, iaiunus. Archiv fur lateinische Lexikographie and Grammatik 7, 527-528.	731
Skutsch, Otto		1985	731
Solta, Georg		1967	732
Lat limpidus und seine Verwandten. In: Beitrage zur Indogermanistik und		Keltologie: Julius Pokorny zum 80. Geburtstag gewidmet, ed. W. Meid, Innsbruck: Universitat Innsbruck, 93-97.	732
Sommer, Ferdinand		1914 Handbuch der lateinischen Lout- und Formenlehre. 2. und> 3. Auflage.	732
Sommer, Ferdinand and Raimund Pfister		1977	732
Southern, Mark		2000	732
"Tabula rasa. The ""tablet"" word in Italic, and its Indo-European relatives."		MSS 60, 89-133. van der Staaij, Robert	732
		1995	732
Steinbauer, Dieter		1989	732
Untersuchungen zu den bei Plautus belegten Verben der lateinischen		ersten Konjugation. Unter besonderer Berucksichtigung der Denominative.	732
Strunk, Klaus		1993	732
Lateinisch naucum (-i> o) und Fragen einer Alternanz -au-l-u-. In: Meiser et		al. 1993,424-435.	732
		1994 Lateinisch sacerdos und damit verglichene Komposita. Glotta 72 [1995], 222-234.	732
Stuart-Smith, Jane		2004	732
Stuber, Karin		1997	732
Urindogermanisch *h}nomp 'Name', *hiong$ 'Salbe* und der Ablaut der		neutralen «-StSmme. Die Sprache 39, 74-88.	732
		1998	732
The historical morphology ofn-stems in Celtic. Maynooth.		2002	732
Dieprimaren s-Stamme des Indogermanischen. Wiesbaden: Reicheit		2006 Die indogermanischen Ausdrucke fur 'rechts' und Minks'. IJDLLR 3,61-72.	732
Szemerenyi, Oswald	1960a	Latin hibernus and Greek χειμερινός. Glotta 38, 107-125.	732
	1960b	Etyma Latina I. (1-6). Glotta 385 216-251.	732
		1989	732
An den Quellen des lateinischen Wortschatzes. Innsbruck: IBS,		1992	732
Quellen des lateinischen Wortschatzes mit besonderer Berucksichtigung		der Bedeutungslehnworter. In: Panagl / Krisch 1992, 311-326.	732
		1995 Etyma Latina VII, 38-44. In: Kurylowicz Memorial Volume, Part One, ed. W. Smoc2ynski, Cracow: Universitas, 409-416.	733
Thieme, Paul		1963 'Jungfrauengatte': Sanskrit kaumarah patih - Homer κουρίδιος πόσις - Lat. maritus. ZKS88, 161-248.	733
Thurneysen, Rudolf		1907 Etymologisches und Grammatisches. IF 21, 175-180.	733
		1946	733
Tichy, Eva		1983	733
Verbalbildungen		des	733
Osterreichische Akademie der Wissenschaften.		2002 Gr. οΐσειν, Lat utu Glotta 78, 179-202. de Tollenaere, F.	733
		1983 Notizen zu germanischen Etymologien: L Gotisch gaits, altenglisch gat, 2. Altenglisch leag, altislandisch laug. ZVS 96, 141-145.	733
Torzi, Ilaria		1991	733
Volup e volupe nella tradizione manoscritta di autori latini arcaici e		tardoantichi. Maia: Rivista di Letterature Classiche 43, 89-102.	733
Tremblay, Xavier		* \	733
		1998	733
Jungawestisch sanafr Exkurs: Die Herkunft der Intensiva des Typus		στρωφάω. Die Sprache 38, 14-30. ]	733
		2004	733
Die Ablautstufe des Lokativs der akrostatischen Nomina. Apophonica III.		In: Hyllested et ai. 2004, 573-589.	733
Tucker, Elizabeth Fawcett		1990	733
The creation of morphological regularity: early Greek verbs in -eo, -άδ,		-όό, -ύδ and-ίδ. Gottingen: Vandenhoeck & Ruprecht.	733
Tucker, Thomas George		1931 A concise etymological dictionary of Latin. Halle a/d Saale [reprint 1973	733
Unceta Gomez, Luis		2002 The semasiological evolution of the Indo-European root *pet- 'to fly7 and its rich polysemy in Latin. Cuademos de Filologia Clasica: Estudios Latinos 22,309-331.	733
Untermann, Jurgen		1980 Die venetische Sprache. Glotta 58, 281-317.	733
		1992 Wurzelnomina im Lateinischen. In: Panagl / Krisch 1992, 137-153.	733
		1993 Gr. έύηκα = lat. feci, gr. ήϋκα = lat. iecfi In: Meiser et al. 1993,461-468.	733
		2000	733
Worterbuch des Oskisch-Umbrischen. Heidelberg: Winter.		2002	733
Das Perfekt der Sekundarverben im Oskisch-Umbrischen. In: Fritz /		Zeilfelder 2002,489-495.	734
Vaahtera, Jyri		1993 The origin of Latin suffragium. Glotta 71, 66-80. de Vaan, Michiel ■	734
		1999 The etymology of English shower. Die Sprache 41, 39-49.	734
		2000 The Indo-Iranian animal suffix *-aca-. Indo-Iranian Journal 43,279-293.	734
		2001 Reconsidering Dutch rups, GermanRaupe 'caterpillar'. ABAC 54,151-174.	734
		2003	734
The Avestan Vowels. Amsterdam - Atlanta: Rodopi.	2004a	'Narten* roots from the Avestan point of view. In: Hyllested et al. 2004, 591-599.	734
	2004b	PIE *e in Albanian. Die Sprache 44, 70-85,	734
		2007	734
Indo-European Perspective, eds. C George, M. McCuIlagh, B. Nielsen, A.		Ruppel, and O. Tribulato, Cambridge: Philological Society, 140-144.	734
		fthc: Latin au- fawayf, an allomorph of ab-. Anuari de Filologia 25-26 [2003-2004], D: Studia graeca et latina.	734
Vanicek, Alois		1881 Etymologisches Worterbuch der lateinischen Sprache, 2. Auflage, Leipzig:	734
Vasmer, Max	1950-1958	Russisches Etymologisches Worterbuch. Heidelberg: Winter.	734
Vendryes, Joseph		1920	734
Sur quelques formations de mots latins. Memoires de la Societe de		Linguistique de Paris 22, 97-106.	734
		1929	734
Lat. polire et interpolare. In: Donum Natalicium Schrijnen, eds. St.		Teeuwen et al., Nijmegen: Dekker & van de Vegt, 702-704.	734
Vennemann, Theo	1998a	Germania Semitica: Biene und Imme: Mit einem Anhang zu lat. apis. Sprachwissenschafi 23,471-487.	734
	1998b	Etymology and phonotactics: Latin grandis vs. Basque handi 'big' and similar problems. JIES 26, 345-390.	734
Vine, Brent		1986 An Umbrian-Latin correspondence. HSCP 90,111-127.	734
		1993	734
Studies in archaic Latin inscriptions. Innsbruck: IBS.	1998a	Aeolic όϋρπετον and Deverbative *-eto- in Greek and Indo-European.	734
Innsbruck: IBS.	1998b	"Remarks on the Archaic Latin ""Garigliano Bowl"" inscription. Zeitschrifi fir Papyrologie und Epigraphik 121,257-262."	734
	1999a	Latin *opio and optare. In: Poetika, Istorija literatury, Lingvistika. Sbornik k 70-letiju Vjaceslava Vsevolodovica Ivanova. (= Essays in Poetics, literary history and Linguistics. FS> V. V. Ivanov), eds. A. Vigasin et al., Moskva: OGI, 520-526.	735
	1999b	"Greek ρίζα 'root' and ""Schwa Secundum"", UCLA Indo-European Studies 1,5-29."	735
	1999c	Latin -inare/-inan. UCLA Indo-European Studies 1,71-83,	735
	1999d	A note on the Duenos inscription. UCLA Indo-European Studies 1,293-305.	735
		2002	735
Indo-European Perspectives, ed, M, Southern, Washington DC: Institute		for the Study of Man, 329-347,	735
		2004 New thoughts on an old curse. In: Hyllested et al, 2004,615-626,	735
	2006a	On 'Thumeysen-Havet's Law' in Latin and Italic, HS 119, 211 -249.	735
	2006b	"An alleged case of ""inflectional contamination1': on the z-stem inflection of Latin civis. Incontri Linguistics 29, 139-158,"	735
		2007	735
Latin gemo 'groan', Greek γέγωνε 'cry out', and Tocharian A ken- 'call'.		In: Nussbaum 2007c, 343-358,	735
Viredaz, Remy		2002 Le nom du 'gendre' en indo-europeen et en balto-slave, IF 101, 152-180.	735
Wachter, Rudolf		2004	735
Cistellaria, eds, R, Hartkamp and F. Hurka, Tubingen: Gunter Narr,		371-383,	735
		2006 Review of Lexikon des fruhgriechischen Epos, 19. und 20. Lieferung. Kratylos 51, 136-144/	735
Walde, Alois and Johann Baptist Hoffmann	1930,	1954 Lateinisches etymologisches Worterbuch I + IL Heidelberg: Winter,	735
Wallace, Rex		2005	735
A Faliscan inscription in the Steinhardt Collection, Zeitschrift fur		Papyrologie und Epigraphik 153, 175-182.	735
Watkins, Calvert		1957 maritus. In: Studies presented to Joshua Whatmough on his sixtieth birthday, ed, E, Pulgram, 's-Gravenhage: Mouton, 277-281,	735
		1962	735
The Dublin Institute for Advanced Studies.		1969 A Latin-Hittite etymology. Language 45, 235-242,	735
	1973a	An Indo-European agricultural term: Latin ador, Hittite hat-. HSCP 77, 187-193,	735
	1973b	Etyma Enniana. HSCP 77, 195-206.	735
		1985	735
Houghton Mifflin,		1990	735
Near Eastern literature in honor of William L Moran, ed, T, Abusch, J,		Huehnergard and P, Steinkeller, Atlanta (GA): Scholars Press, 451-453,	735
		1995	735
Watmough, Margaret		1997	736
Weiss, Michael		■	736
		1993	736
Studies in Italic nominal morphology. Cornell: PhD dissertation.		1994 On the non-verbal origin of the Greek verb νήφειν 'to be sober'. HS 107, 91-98.	736
		1995	736
Life Everlasting: Latin iugis overflowing^, Greek υγιής Wealthy', Gothic		ajukdups Eternity' and Avestan yauuae/T- * living forever \ MSS 55, 131-156.	736
	1996a	Greek μυρίος 'countless', Hittite muri- 'bunch (of fruit)'. HS 109, 199-214.	736
	1996b	An Oscanism in Catullus 53. Classical Philology 91,353-359.	736
		2002 Observations on the South Picene Inscription TE 1 (S. Omero). In:	736
Indo-European Perspectives, ed. M. Southern, Washington DC: Institute		for the Study of Man, 351-366.	736
		2006 Latin orbis and its cognates. /iS 119, 250-272.	736
	2007a	Cui Bono? The beneficiary phrases of the Third Iguvine Table. In: Nussbaum 2007c, 365-378.	736
	2007b	What's it all about, alfir? Handout at ECIEC 26, June 2007, Yale Univ.	736
		fthc.a	736
Outline of the Comparative Grammar of Latin.	fthc.b	Language and Ritual in Sabellic Italy: The Ritual Complex of the Third and Fourth Tabulae Iguvinae.	736
Willi, Andreas		2004 Flowing Riches. In: Penney 2004, 323-337. van Windekens, Albert	736
		1984 Encore lat uxor et i.-e. *ukson-. ZVS 97,96-98.	736
Wyatt, W.S.		1984 Two fragments of the Elder Cato. Glotta 62,248-250,	736
Zimmer, Stefan		1985 Zur Etymologie und zu den altesten Belegen von lat totus. Glotta 63,221-225.	736
