display_form,count,first_page,sample_context
*(H)(a)uić-,2,19,"*hₐewis [135:166]):? Yazg. wis, Taj. Wj. gis ‘oats’ < PIIr.? *(H)(a)uić-; Lith. aviža f. ‘id.’,"
*(H)iau(H)a-Hart-,1,7,evidence for a reconstruction *(H)iau(H)a-Hart- ‘milled grain’ [21:54; 67:22].
*(H)ieu(H)-,3,12,*(H)ieu(H)- (*i̯eu̯o- [44:512]; *i̯éu̯os ~ *i̯éu̯om ‘grain (particularly barley?)’ [18:236]; *yewH₁
*(H)ieu(H)-ieh₂-.,1,12,tive?) formation *(H)ieu(H)-ieh₂-. The previously included ToB yap < PTo. *yəp- [18:236;
*(H)ieu(H)-o-.,1,12,"Anatolian, Indo-Iranian and Baltic share a common formation *(H)ieu(H)-o-. Hittite also"
*(H)i̯au̯,1,12,"Oss. jæw ‘millet’ < PIIr. *(H)i̯au̯ (H)a-; Gk. zειαί f.pl. ‘one-sided wheat, spelt’ < PGk."
*(H)i̯eu̯,1,12,"ridge’ < PAn. *(H)i̯eu̯ a-; Skt. yáva- m. ‘grain, corn, crop, barley’, YAv. yauua- m. ‘grain’,"
*(H)leis-,1,24,"This is an eh₂-stem derived from an obscure root *(H)leis- [82:209], probably with an origi-"
*(H)liH-s-.,1,24,"likely, but the acute intonation is problematic in that it at face value points to *(H)liH-s-."
*(H)lois-eh2-,1,29,*(H)lois-eh2-
*(H)lois-eh₂-,1,24,"*(H)lois-eh₂- (*loisā ‘Furche’ [44:671]): OCS lěxa f. ‘row’, Ru. dial. lexá, léxa f. ‘furrow, bed’,"
*(a)widz-,1,19,"the pre-forms of the various branches can be reconstructed with affricates, viz. *(a)widz- for"
*(s)ku̯eh₁t-,1,24,alternative reconstruction of the root as a root *(s)ku̯eh₁t- [82:563] can only be reconciled with
*(t)p(e)uH-o-,1,21,"πτέον n. ‘winnowing-shovel, fan’, as if from *(t)p(e)uH-o-, the initial cluster is not a regular"
*(ḱ)eh₂p-o/eh₂-,1,14,"*(ḱ)eh₂p-o/eh₂- (*kāp-, *kəp- ‘Stu¨ck Land, Grundstu¨ck’ [44:529]; *^kāpos ~ ^kāpéha (or"
*(ḱk)eh2p-o/eh2-,1,29,*(ḱk)eh2p-o/eh2-
*(ḱk)eh₂p-,1,14,‘vegetation’. Since the Iranian variant with *ă is formally incompatible with the root of *(ḱk)eh₂p-
*(ḱk)eh₂p-o/eh₂-,1,14,"A formation *(ḱk)eh₂p-o/eh₂- can be reconstructed on the basis of Germanic, Greek and Alba-"
*),1,9,"8]; *h₂ed- ‘± grain’ [10]): Arm. hat ‘grain’ < *h₂ed-o(s)-; Go. atisk(s*) ‘grainfield’, OHG"
**farfio,1,5,"resulted in **farfio, with -rf- from secondary *-rs- [46:113]. More fatally, the required root"
**frās-.,1,5,**frās-.
**prekse,1,21,would rather develop into **prekse [56:259–60]. The alternative connection of the Balto-Slavic
*-d-,1,7,tion hinges on the assumption of either a root extension *-d- in core Indo-European [74:63–5]
*-dn-,1,19,"if from *ǵʰrud-(i)neh₂- [20], cannot be accepted, as a nasal resulting from *-dn- does not rhota-"
*-dʰleh₂,1,26,*-dʰleh₂ > *-θλη that was dissimilated to -τλη following a voiced aspirate in the stem. How-
*-dʰlo/eh₂,1,26,"ever, it is likely that both *-dʰlo/eh₂ and *-tlo/eh₂ merged into *-ðl in a Common Brittonic"
*-eg-,1,5,the formation into a root *bar- < *bʰar- and an otherwise obscure velar suffix *-eg- [44:108–9;
*-ejo-,1,7,"a collective. Lat. hordeum also appears to be a collective formation, but the suffix *-ejo- is iso-"
*-ens,1,12,"and OIr. arbor, gen. -e n. ‘grain’ < PC *aru̯ar, *-ens (not with Witczak [19:82] from *H₂érgʷhr̥"
*-es-,2,5,"ing that PIt. *far-os, *-es- < *bʰr̥H-os, *-es-, with the zero grade of a laryngealic root and regu-"
*-es-neh₂-,1,27,"‘awl’ and segansa f. ‘scythe’, whose suffixes appear to have metathesized from *-es-neh₂- [209:29]."
*-eśta-,1,14,"*-eśta- was added (cf. vresht m. ‘vinyard’ < PAlb. *wain-eśta-). Except for in Cypriote, a rather"
*-h₂.,1,16,"rather point to an extension with a collective suffix *-h₂. Lat. pulvis, -eris, with analogical *-is-"
*-i(a)-Adjektive,1,42,"tischen *-i(a)-Adjektive und zur Etymologie von fi. kallis ‘teuer; lieb’, urgerm. *χalđiz ‘eher; lieber’ und"
*-iHo-,1,21,"*pyrьjь, derived with a suffix *-iHo-, exists in Slavic, cf. Ru. pyréj, Pol. perz m. ‘couch grass’."
*-indā,1,23,Armenian suffix -ean cannot be equated with the Irish suffix -enn < PC *-innā ~ *-indā
*-innā,1,23,Armenian suffix -ean cannot be equated with the Irish suffix -enn < PC *-innā ~ *-indā
*-is-,1,16,"rather point to an extension with a collective suffix *-h₂. Lat. pulvis, -eris, with analogical *-is-"
*-iska-,1,9,"rather continues an adjective in *-iska- [92:188], perhaps in elliptic use, e.g. *atiskaz akraz"
*-it-,1,11,"‘white’, with the suffix *-it- as found in PIE *mel-it- ‘honey’ [121:136–9] and perhaps in the"
*-kr-,1,20,"alternation between *-rk- and *-kr-, but it is also possible that an inherited protoform *kork-"
*-kwe,1,40,"Watkins C. Indo-European *-kwe ‘and’ in Hittite. In: O¨ lberg HM, editor. Sprachwissenschaftliche For-"
*-mn-,1,27,"nally contained *-mn- and were reduced differently [180:491]. Concerning the Baltic evidence,"
*-nis-,1,26,"The original suffixation appears to have been *-nis-, as this might be the common denomina-"
*-nixto-,1,25,"< PGm. *naikō-; MIr. cruth-necht f. ‘wheat’, MW gwenith ‘id.’ < PC *-nixto-"
*-nu-,1,8,"protoform in which the suffix *-u̯n- was metathesized to *-nu-, a development which may be"
*-rd-.,1,8,or *-rd-.
*-rk-,1,20,"alternation between *-rk- and *-kr-, but it is also possible that an inherited protoform *kork-"
*-rn-,1,8,"is the regular outcome of *-rn-, although waṛə́i ‘wool’ < *HurH-na- and esp. the variation of"
*-rs-,1,5,"resulted in **farfio, with -rf- from secondary *-rs- [46:113]. More fatally, the required root"
*-rt-,1,8,some support for an additional (conditioned?) outcome -ṛ-. Psht. -ṛ- usually continues *-rt-
*-ru-,1,8,compared with the regular metathesis *-u̯r- > *-ru- between consonants [86:260; 87:161–2]. It
*-sh₁-.,1,17,"laryngeal, in view of the lack of expected geminate -šš- < *-sh₁-. For this reason, the alternative"
*-tleh₂,2,26,"The W ending -ddel for PIE *-tleh₂ is unexpected: the regular outcome of *-tleh₂ is W -dl,"
*-tleh₂.,1,26,stage [51:363]. Thus the most parsimonious reconstruction is *-tleh₂.
*-tlo/eh₂,1,26,"ever, it is likely that both *-dʰlo/eh₂ and *-tlo/eh₂ merged into *-ðl in a Common Brittonic"
*-u̯n-,1,8,"protoform in which the suffix *-u̯n- was metathesized to *-nu-, a development which may be"
*-u̯r-,1,8,compared with the regular metathesis *-u̯r- > *-ru- between consonants [86:260; 87:161–2]. It
*-äg,1,22,"fix *-äg, these have been adduced to substantiate a Proto-Iranian form *ruǰaka- or *ruǰika-"
*-ðl,1,26,"ever, it is likely that both *-dʰlo/eh₂ and *-tlo/eh₂ merged into *-ðl in a Common Brittonic"
*-čī-,1,14,"*j́ʰami-čī-, the productive suffix *-čī- appears to have been added to a base *ćāpa- [145:74], after"
*-ŕ̥u̯-,1,6,been reconstructed as *dr-uaH- under the assumption of a change *-ŕ̥u̯- > *-ū́ru̯- [53:149 fn.
*-ū́ru̯-,1,6,been reconstructed as *dr-uaH- under the assumption of a change *-ŕ̥u̯- > *-ū́ru̯- [53:149 fn.
*-ǵʰs-,1,15,"*miǵʰ-so- [93:129]. Unfortunately, the implied cluster *-ǵʰs- > PIr. *j́ʰž > *ž does not regularly"
*-θλη,1,26,*-dʰleh₂ > *-θλη that was dissimilated to -τλη following a voiced aspirate in the stem. How-
*CRCC-,1,17,"regular vocalization of *CRCC- to *CarCC- [46], and in OHG sarf, MHG sarpf, MDu. sarp,"
*CRHUV.,1,39,"Lubotsky A. The Indo-Iranian reflexes of PIE *CRHUV. In: Lubotsky A, editor. Sound law and analogy"
*CarCC-,1,17,"regular vocalization of *CRCC- to *CarCC- [46], and in OHG sarf, MHG sarpf, MDu. sarp,"
*Ha(H)ira-,1,10,"269], but remains a possibility through a protoform PIIr. *Ha(H)ira- < PIE *h₂e(-h₂)i-ro-"
*Haj́ra-,1,19,"‘plain’ < PIIr. *Haj́ra-; Gk. ἀγρόB m. ‘field, land, countryside’; Go. akrs, ON akr, OE æcer,"
*Harj́(ʰ)ana-,1,19,"*Harj́(ʰ)ana- [18:237; 81:29]. However, due to the formal ambiguities of both the Hittite and"
*Harj́(ʰ)ana-(?),1,19,"ğdən ‘id.’, Yd. yurzun, Wakh. yirzn < PIIr. *Harj́(ʰ)ana-(?)"
*Hau(V)j́-,1,20,"from PIIr. *Hau(V)ć- or *Hau(V)j́- [67:497], despite other proposals [80:95; 93:220], and Yazg."
*Hau(V)ć-,1,20,"from PIIr. *Hau(V)ć- or *Hau(V)j́- [67:497], despite other proposals [80:95; 93:220], and Yazg."
*Hauić-,1,20,protoform *Hauić- has its closest match in Pre-PSl. *awiś-.
*Hieu(H)-,1,13,root [55:442; 85:147–8]. One suggestion has been to derive it from a verbal root *Hieu(H)-
*HieuH-,1,13,"Another proposed connection is with the root *HieuH- ‘graze’, cf. Skt. yávasa- n. ‘grass, fod-"
*HieuH-es-o-,1,13,"der, pasturage’, YAv. yauuaŋha- n. ‘pasture’ < *HieuH-es-o-, and possibly Kal. žu- ‘eat’, Wakh."
*Hieuh₂-men-eh₂-,1,13,"ture, flood plain, meadow’, continuing *Hieuh₂-men-eh₂- [134], it is formally incompatible"
*Hoket-(i)eh2-,1,29,*Hoket-(i)eh2-
*Hoket-(i)eh₂-,1,13,"*Hoket-(i)eh₂- (*o^ketā ‘Egge, Gera¨t mit Spitzen’ [44:18–22]; *h₁/₄okétehₐ- ‘harrow, rake’"
*Hoketā,1,13,ostensibly metathesized from *Hoketā prior to the Proto-Indo-Iranian palatalization of the
*HrHuaraH-,1,12,"urvárā- f. ‘arable land, field’, Av. uruuarā- f.pl. ‘(edible?) plant’ < PIIr. *HrHuaraH-, Arm. har-"
*HurH-na-,1,8,"is the regular outcome of *-rn-, although waṛə́i ‘wool’ < *HurH-na- and esp. the variation of"
*Hād(ʰ)-u(-kā̆)-.,1,9,seed grain(?)’ [98:968–9; 99; 100:1–7] < PIIr. *Hād(ʰ)-u(-kā̆)-. An unattested Old Persian cog-
*H₂adHor,1,9,"?*h₂ed-o(s)- (*ades-, *ados- [44:3]; *h₂ed- ‘grain, barley’ [18:273]; *H₂adHor [19:101–3, 117–"
*H₂awi^g-i-,1,19,"†*h₂eui(ḱ/g´ʰ)s- (*au̯i^g- ‘Grasart, Hafer’ [44:88]; *hₐeu̯isos [18:7, 409]; *H₂awi^g-i- [19:66];"
*H₂érgʷhr̥,1,12,"and OIr. arbor, gen. -e n. ‘grain’ < PC *aru̯ar, *-ens (not with Witczak [19:82] from *H₂érgʷhr̥"
*^ghel-,1,7,?*g´ʰolH-o- (*^ghel- 2 ‘schneiden’?? [44:434];? *ǵhel- ‘plow’ [18:435]; *gʰel- ‘plough’ [10])
*^ghersd(h),1,7,ley’ [18:51]; *^ghersd(h): *^ghrī́d(h) [19:55–6]; *^gʰresdʰ(i) ‘± grain’) [10]:? Hitt. karaš n.
*^gherzd(h),1,7,"*ǵʰ(e)rs(d)- (*^gherzd(h), Gen. *^ghr̥zd(h)-es; ^gherzdā [44:446]; *^gʰresdʰ(i), gen. *^gʰrsdʰós ‘bar-"
*^ghrī́d(h),1,7,ley’ [18:51]; *^ghersd(h): *^ghrī́d(h) [19:55–6]; *^gʰresdʰ(i) ‘± grain’) [10]:? Hitt. karaš n.
*^ghr̥zd(h)-es,1,7,"*ǵʰ(e)rs(d)- (*^gherzd(h), Gen. *^ghr̥zd(h)-es; ^gherzdā [44:446]; *^gʰresdʰ(i), gen. *^gʰrsdʰós ‘bar-"
*^grhₐnóm,2,7,"*ǵrH-no- (*^gr̥-nóm [44:390–1]; *^grhₐnóm ‘grain’ [18:236]; *^gr̥Hnóm [19:43, 116–7]; *^grhₐnóm"
*^gr̥-nóm,1,7,"*ǵrH-no- (*^gr̥-nóm [44:390–1]; *^grhₐnóm ‘grain’ [18:236]; *^gr̥Hnóm [19:43, 116–7]; *^grhₐnóm"
*^gr̥Hnóm,1,7,"*ǵrH-no- (*^gr̥-nóm [44:390–1]; *^grhₐnóm ‘grain’ [18:236]; *^gr̥Hnóm [19:43, 116–7]; *^grhₐnóm"
*^gʰresdʰ(i),2,7,"*ǵʰ(e)rs(d)- (*^gherzd(h), Gen. *^ghr̥zd(h)-es; ^gherzdā [44:446]; *^gʰresdʰ(i), gen. *^gʰrsdʰós ‘bar-"
*^gʰrsdʰós,1,7,"*ǵʰ(e)rs(d)- (*^gherzd(h), Gen. *^ghr̥zd(h)-es; ^gherzdā [44:446]; *^gʰresdʰ(i), gen. *^gʰrsdʰós ‘bar-"
*^k(ó)pr̥,1,22,?*tḱop-ero- (*^k(ó)pr̥ ‘oats’ [19:58; 193]):? Hitt. kappar- ‘greens(?)’ <? PAn. *ḱop-r-;? Jassic
*^kehₐpos,1,14,"*^kehₐpos ~ *^kehₐpéhₐ) ‘piece of land, garden’ [18:200]; *kāpos ‘field’ [10]):? Shu. sε̄pc, Rosh."
*^kehₐpéhₐ),1,14,"*^kehₐpos ~ *^kehₐpéhₐ) ‘piece of land, garden’ [18:200]; *kāpos ‘field’ [10]):? Shu. sε̄pc, Rosh."
*^ker-2,1,14,"†*keres- (*^ker-2, ^kerə-, ^krē- [44:577]; *kers [19:82]; *keres- ‘millet’ [10]): Hitt. karaš n. ‘wheat,"
*^kþoryanos,2,23,†*tḱor-iano- (*^kþoryanos [19:99–100]): Arm. cᶜorean ‘wheat’; OIr. tuirenn f. ‘wheat’
*^kāpos,1,14,"*(ḱ)eh₂p-o/eh₂- (*kāp-, *kəp- ‘Stu¨ck Land, Grundstu¨ck’ [44:529]; *^kāpos ~ ^kāpéha (or"
*a,7,5,"This European word is traditionally reconstructed as a PIE s-stem *bʰar-(e)s-, with *a in the"
*a(k)(ś)ti-,1,11,"*a(k)(ś)ti-; Ru. ost’ f. ‘awn’, Pol. ość f. ‘fishbone, awn, thorn’, Sln. ǫ̑ st f. ‘point, prick’ < PSl."
*a^g-ro-s,1,19,"*h₂eg´-ro- (*a^g-ro-s ‘Feld, Flur’ [44:4–6; 79:8]; *hₐe^gros ‘field, pasture’ [18:200]): Skt. ájra- m."
*a^ken-,1,23,"*h₂eḱ-on-eh₂- (*a^ken- [44:18–22]): Go. ahana, ON ǫgn f. ‘chaff’, OE ægnan f.pl. ‘awns, chaff,"
*a^kes-,1,11,"*h₂eḱ-os- (*a^kes-: *a^ks- [44:18–22]; *hₐe^kes- ‘ear of grain’ [18:237]): ToA āk*, ToB āke n. ‘end,"
*a^ks-,1,11,"*h₂eḱ-os- (*a^kes-: *a^ks- [44:18–22]; *hₐe^kes- ‘ear of grain’ [18:237]): ToA āk*, ToB āke n. ‘end,"
*a^ksti-,1,11,"?*h₂eḱ-ti- (*a^ksti- [44:18–22]; *hₐe^kstí- ‘awn, bristle’ [18:237]; *h₂e^kstí- ‘ear’ [10]):? ToB āśce f."
*ad(-os)-,1,9,*adō̆ r-; OIr. gl. ad ‘ador’ <? PC *ad(-os)-
*ades-,1,9,"?*h₂ed-o(s)- (*ades-, *ados- [44:3]; *h₂ed- ‘grain, barley’ [18:273]; *H₂adHor [19:101–3, 117–"
*ados-,1,9,"?*h₂ed-o(s)- (*ades-, *ados- [44:3]; *h₂ed- ‘grain, barley’ [18:273]; *H₂adHor [19:101–3, 117–"
*adō̆,2,9,"ezzisc m. ‘seeds’ < *atiska-; Lat. ador, -ō̆ris n. ‘sacral grain, (roasted) spelt’ < PIt. *adō̆ s- or"
*aganō-,1,23,"refuse’, OHG agana f. ‘chaff, awn, straw’ < PGm. *aganō-; Lat. agna f. ‘ear of grain’ < PIt."
*age/iþ(j)ō-,1,13,"33]); OHG egida, OS gl. egitha, OE egeðe f. ‘harrow’ < *age/iþ(j)ō-; Lat. occa f. ‘harrow(?),"
*ageþjō-,1,13,"from *okitā- as well, but since *ageþjō- is an alternative reconstruction, it may be closer to the"
*agiþō-,1,13,"of *tk > kk [140:230]. The Germanic form, usually reconstructed as *agiþō-, can be derived"
*agjan-,1,13,"manic and Baltic, viz. OS gi-eggian, OHG ecken ‘harrow’ < *agjan- and Lith. akė́ti, ekė́ti, Latv."
*agro-,1,19,*agro-
*ahiz-,2,11,"*ahiz- ~ *ahsa-; Lat. acus, -eris n. ‘husks of grain or beans; chaff’ < PIt. *akos-"
*ahsa-,2,11,"*ahiz- ~ *ahsa-; Lat. acus, -eris n. ‘husks of grain or beans; chaff’ < PIt. *akos-"
*ai,1,15,form resists derivation from *maij́ʰiukā-: since ī cannot continue PIr. *ai and ž cannot regu-
*air(i̯)ā-,1,10,"PGk. *air(i̯)ā-; Latv. aĩrenes ‘ryegrass’, dial. aĩres f.pl. ‘a kind of weed’ < PBSl. *airiaʔ-"
*airiaʔ-,1,10,"PGk. *air(i̯)ā-; Latv. aĩrenes ‘ryegrass’, dial. aĩres f.pl. ‘a kind of weed’ < PBSl. *airiaʔ-"
*aka,1,11,"Since āka at face value continues PTo. *aka < *h₂eḱk-h₂, it might be preferable to separate it"
*akanā-,1,23,*akanā-
*ake,1,11,"tip (of grass)’ < PTo. *ake; Go. ahs, ON ax, OE ēar, OHG ahar, ehir n. ‘ear of grain’ <"
*ake¯tiā-,1,13,OPru. EV aketes ‘harrow’ < *ake¯tiā- (whence possibly Fi. äes ‘harrow’ [136:146; 137:147 fn.
*akos-,1,11,"*ahiz- ~ *ahsa-; Lat. acus, -eris n. ‘husks of grain or beans; chaff’ < PIt. *akos-"
*akra-,1,19,"OHG ackar m. ‘cultivated field’ < PGm. *akra-; Lat. ager m. ‘field, farm, terrain’ < PIt."
*alaca),1,19,"type of wheat’ (< PRom. *alaca), Rom. alác ‘spelt, einkorn wheat’ (< *allacus), which thus add"
*albhi,1,11,"*h₂(e)lbʰ-it- (*albhi- [44:29]; *h₂élbʰit ‘barley’ [18:51]; *albhi [19:58–9]; *h₂elbʰit- ‘± grain,?"
*albhi-,1,11,"*h₂(e)lbʰ-it- (*albhi- [44:29]; *h₂élbʰit ‘barley’ [18:51]; *albhi [19:58–9]; *h₂elbʰit- ‘± grain,?"
*albi(t)-,1,11,PAlb. *albi(t)-
*allacus),1,19,"type of wheat’ (< PRom. *alaca), Rom. alác ‘spelt, einkorn wheat’ (< *allacus), which thus add"
*alpʰit-,1,11,"barley’ [10]): Gk. ἄλφι, pl. ἄλφιτα n. ‘barley-groats’ < PGk. *alpʰit-; Alb. elb m. ‘barley’ <"
*alōu̯,1,23,"*h₂loh₁-uo/eh₂- [79:8]: Gk. ἅλωB, ἀλωή f. ‘threshing floor’ < PGk. *alōu̯ (-ā)-; OSw. lō m."
*amarnā-,1,8,"maṇá ‘apple’ ~ maṛa-γúne ‘colocynth, bitter apple’ (lit. “apple-like”) < *amarnā- provide"
*ar(ə)-,1,12,*h₂erh₃- (*ar(ə)- ‘pflu¨gen’ [44:62–3]; *hₐérh₃ie/o- ‘plow’ [18:434]; *h₂érh₃ye/o- ‘plough’ [10]):
*araje/o-,1,12,OHG erien ‘plow’ < PGm. *arjan-; Lat. arāre ‘plow’ < PIt. *araje/o-; MIr. airim ‘plow’ <
*arbusa-,1,11,and similar forms have been compared through a protoform PIr. *arbusa- [18:51; 21:53;
*ari̯o-,1,12,PC *ari̯o-
*arjan-,1,12,OHG erien ‘plow’ < PGm. *arjan-; Lat. arāre ‘plow’ < PIt. *araje/o-; MIr. airim ‘plow’ <
*aroi̯e/o-,1,12,"Gk. ἀρόω ‘plow, plant’ < PGk. *aroi̯e/o-; Lith. árti (ariù), Latv. ar^t ‘plow’ < PB *arʔi̯a-;"
*arp-,1,11,"67:367; 118:92]. However, these go back to unrelated PIIr. *arp- [81:10; 119:281], itself highly"
*arpa,1,11,"reminiscent of Turkic *arpa ‘barley’ [120:9]. Without the Iranian cognate, the word acquires a"
*aru̯ar,1,12,"and OIr. arbor, gen. -e n. ‘grain’ < PC *aru̯ar, *-ens (not with Witczak [19:82] from *H₂érgʷhr̥"
*arʔi̯a-,1,12,"Gk. ἀρόω ‘plow, plant’ < PGk. *aroi̯e/o-; Lith. árti (ariù), Latv. ar^t ‘plow’ < PB *arʔi̯a-;"
*atiska-,2,9,"ezzisc m. ‘seeds’ < *atiska-; Lat. ador, -ō̆ris n. ‘sacral grain, (roasted) spelt’ < PIt. *adō̆ s- or"
*atiskaz,1,9,"rather continues an adjective in *-iska- [92:188], perhaps in elliptic use, e.g. *atiskaz akraz"
*attinno-.,1,11,related OIr. aittenn m. ‘furze’ rather points to a PC form *attinno-. Even if the Irish form is a
*au.,1,5,"[19:57; 21:54], is phonologically incompatible, as the Ossetic vocalism points to PIr. *au."
*au̯i^g-,2,19,"†*h₂eui(ḱ/g´ʰ)s- (*au̯i^g- ‘Grasart, Hafer’ [44:88]; *hₐeu̯isos [18:7, 409]; *H₂awi^g-i- [19:66];"
*avizˇaʔ-,1,19,"Latv. àuza f. ‘id.’ < PEB *avizˇaʔ-; OPru. wyse ‘oats’ < PWB *vizˇiā̆ -; Ru. ovës ‘id.’, SCr. òvas"
*avižaʔ-,1,19,IE protoform is problematic. Lat. avēna has been lumped with PEB *avižaʔ- and PSl. *ovьsъ
*awe(C)snā-,1,19,‘id.’ < PSl. *ovьsъ; Lat. avēna ‘oats’ < PIt. *awe(C)snā-
*awe(t)s-,1,20,"Baltic, *awits- for Slavic and *awe(t)s- for Italic. The unstable initial vowel is reminiscent of the"
*aweKsnā-,1,19,"under a PIt. protoform *aweKsnā-, but the vocalism does not match and the Baltic and Slavic"
*awits-,1,20,"Baltic, *awits- for Slavic and *awe(t)s- for Italic. The unstable initial vowel is reminiscent of the"
*awiś-.,1,20,protoform *Hauić- has its closest match in Pre-PSl. *awiś-.
*ax(s)ti-,1,11,"[116:XX, 9] < PC *ax(s)tīno- [50:A, 57] appears to be a Weiterbildung to PC *ax(s)ti-, but the"
*ax(s)tīno-,1,11,"[116:XX, 9] < PC *ax(s)tīno- [50:A, 57] appears to be a Weiterbildung to PC *ax(s)ti-, but the"
*aśc-,1,11,"‘head’ < PTo. *aśc-; Lith. akstìs, dial. akštìs f. ‘thorn, prick’, Latv. aksts m. ‘prickle, tip’ < PB"
*bar-,1,5,the formation into a root *bar- < *bʰar- and an otherwise obscure velar suffix *-eg- [44:108–9;
*barag-,1,5,"Corn., Bret. bara m. ‘bread; food’ < *barag-, is uncertain, because it requires segmentation of"
*bare/iginā,1,5,"Finally, the appurtenance of some Celtic forms, OIr. bairgen f. ‘bread’ < *bare/iginā, W,"
*bareginā,1,6,Proto-Celtic reconstruction *bareginā is possible under the assumption of a sound law PC *e
*bariz-,1,5,"‘barley’ < PGm. *bariz-; Lat. far, gen. farris n. ‘husked wheat, emmer; grain, flour’, Umbr."
*bhares-,1,5,"?*bʰar-(e)s- (*bhares- [44:111]; *bʰárs, gen. *bʰarés(o)s? ‘barley’ [18:51]; *bhars- [19:57]; *bʰars"
*bhars-,2,3,*bhars- ‘± grain’
*bija-miysā-,1,15,"pound with Khot. bījä ‘seed’, i.e. *bāi-maizākā̆- [67:285] or *bija-miysā- “grain plant” [93:129]."
*borsˇ-ьno-,1,5,"‘flour, food’ < *borsˇ-ьno-; Go. bariz-eins a. ‘barley-’, ON barr m. ‘grain, barley’, OE bere m."
*borš-,1,5,"root and suffixal ablaut found between Lat. far, PSl. *borš- < *bʰar-s- and Go. bariz-, ON barr,"
*bāi-maizākā̆-,1,15,"pound with Khot. bījä ‘seed’, i.e. *bāi-maizākā̆- [67:285] or *bija-miysā- “grain plant” [93:129]."
*bʰar(V)s-,1,5,"independently adopted a cereal term, e.g. *bʰar(V)s-, from an unknown source."
*bʰar-,1,5,the formation into a root *bar- < *bʰar- and an otherwise obscure velar suffix *-eg- [44:108–9;
*bʰar-(e)s-,1,5,"This European word is traditionally reconstructed as a PIE s-stem *bʰar-(e)s-, with *a in the"
*bʰar-es-.,1,5,"OE bere < *bʰar-es-. A proposed Iranian cognate, Oss. I bur-xor, D bor-xwar ‘proso millet’"
*bʰar-s-,1,5,"root and suffixal ablaut found between Lat. far, PSl. *borš- < *bʰar-s- and Go. bariz-, ON barr,"
*bʰares-,1,5,"excluded that Germanic borrowed the word as *bʰares- or *bʰaris-. If correct, the evidence"
*bʰaris-.,1,5,"excluded that Germanic borrowed the word as *bʰares- or *bʰaris-. If correct, the evidence"
*bʰars,1,5,"?*bʰar-(e)s- (*bhares- [44:111]; *bʰárs, gen. *bʰarés(o)s? ‘barley’ [18:51]; *bhars- [19:57]; *bʰars"
*bʰars-,2,5,"branches [46:113–4; 47:287]. Starting from a donor form *bʰars-, it is possible to account for"
*bʰarés(o)s?,1,5,"?*bʰar-(e)s- (*bhares- [44:111]; *bʰárs, gen. *bʰarés(o)s? ‘barley’ [18:51]; *bhars- [19:57]; *bʰars"
*bʰesH-,1,16,"nected to Skt. psā́ti ‘chew, devour’ and Gk. ψάω ‘rub, grate, stroke’ < PIE *bʰesH- [cf. 82:98]."
*bʰrH-s-,1,5,"*fars- excludes a laryngealic reconstruction *bʰrH-s-, because this would have developed into"
*bʰr̥H-os,1,5,"ing that PIt. *far-os, *-es- < *bʰr̥H-os, *-es-, with the zero grade of a laryngealic root and regu-"
*bʰárs,1,5,"?*bʰar-(e)s- (*bhares- [44:111]; *bʰárs, gen. *bʰarés(o)s? ‘barley’ [18:51]; *bhars- [19:57]; *bʰars"
*bъrъ,1,5,"lar assimilation of the final syllable. PSl. *bъrъ, cf. Ru. bor, Pol. ber, SCr., Sln. bȃr m. ‘(foxtail)"
*d(e)rH-ueh2-,1,29,*d(e)rH-ueh2-
*d(e)rH-ueh₂-,2,6,*d(e)rH-ueh₂- (*dr̥̄-u̯ā [44:206–11]; *dŕ̥hₓwehₐ- ‘± grain’ [18:237]; *dr̥̄̆HwaH₂ [19:83];
*deh₁-mon-,1,6,"derived from *deh₁-mon-, cf. Skt. dā́man- ‘cord, rope’ [63:149] or *dʰeh₁-mon-, cf. Gk. θημών"
*derH-,1,6,"An uH-stem to a root *derH- can be identified in at least Germanic, Celtic and Indic, a dis-"
*dhoH-neh2-,1,29,*dhoH-neh2-
*dhoHnáH₂,1,6,*dʰoH-neh₂- (*dhōnā [44:242]; *dhohₓnéhₐ- ‘grain’ [18:237]; *dhoHnáH₂ [19:39–40];
*dhohxne´h2-,1,3,*dhohxne´h2- ‘± grain’
*dhohₓnéhₐ-,1,6,*dʰoH-neh₂- (*dhōnā [44:242]; *dhohₓnéhₐ- ‘grain’ [18:237]; *dhoHnáH₂ [19:39–40];
*dhōnā,1,6,*dʰoH-neh₂- (*dhōnā [44:242]; *dhohₓnéhₐ- ‘grain’ [18:237]; *dhoHnáH₂ [19:39–40];
*dirvaʔ,1,6,"u̯ aH-;? Lith. dirvà f. ‘arable field’, Latv. dìrva f. ‘id.’ < PB *dirvaʔ; ME tare ‘vetch, weed"
*doh₂-neh₂-,1,6,"‘edge, rim’ < *doh₂-neh₂-, and originally meant ‘slice’ [56:258–9], but it seems more likely that"
*doʔnaʔ,1,6,f. ‘(end) slice of bread’ < BSl. *doʔnaʔ
*dr-uaH-,1,6,been reconstructed as *dr-uaH- under the assumption of a change *-ŕ̥u̯- > *-ū́ru̯- [53:149 fn.
*drH-,1,6,"*drhₓweh₂- ‘weed, rye’ [10]): Skt. dū́rvā- f. ‘dūrvā grass (Panicum dactylon)’ < PIIr. *drH-"
*drhxweh2-,1,3,*drhxweh2- ‘± grain’
*drhₓweh₂-,1,6,"*drhₓweh₂- ‘weed, rye’ [10]): Skt. dū́rvā- f. ‘dūrvā grass (Panicum dactylon)’ < PIIr. *drH-"
*drisdā,1,7,"*drisdā < *ǵʰrsd-eh₂-. Alternatively, we can assume that *sd and *sdʰ both became dh, but that"
*driδ-(?),1,7,"‘wheat, emmer-wheat’; Alb. drithë f. ‘cereals, grain’ < PAlb. *driδ-(?); OS gersta, OHG ger-"
*driδā,1,7,"leveled from a PAlb. paradigm *driθ, pl. *driδā [72:257]."
*driθ,1,7,"leveled from a PAlb. paradigm *driθ, pl. *driδā [72:257]."
*drāuā,1,6,"*tarwō-; Gaul. *drāuā (>> Fr. droue ‘darnel’), Gallo-Lat. dravoca (>> Du. dravik), W"
*drāu̯,1,6,"drewg, Bret. draok, dreok ‘darnel’ < PC *drāu̯ (ā/uk)ā"
*drāu̯(ā/uk)ā,1,6,"29], but Proto-Celtic *drāu̯(ā/uk)ā [54:148] requires a laryngeal. In view of this, the traditional"
*drāu̯ā-,1,6,"remarkable, but late and unquestionably secondary. In Celtic, *drāu̯ā- referred exclusively to"
*dr̥̄-u̯ā,1,6,*d(e)rH-ueh₂- (*dr̥̄-u̯ā [44:206–11]; *dŕ̥hₓwehₐ- ‘± grain’ [18:237]; *dr̥̄̆HwaH₂ [19:83];
*dr̥̄̆HwaH₂,1,6,*d(e)rH-ueh₂- (*dr̥̄-u̯ā [44:206–11]; *dŕ̥hₓwehₐ- ‘± grain’ [18:237]; *dr̥̄̆HwaH₂ [19:83];
*dŕ̥hₓwehₐ-,1,6,*d(e)rH-ueh₂- (*dr̥̄-u̯ā [44:206–11]; *dŕ̥hₓwehₐ- ‘± grain’ [18:237]; *dr̥̄̆HwaH₂ [19:83];
*dʰH-n-h₂-es-,1,6,"bread’ [60] is doubtful, as it would have to be interpreted as a denominal s-stem *dʰH-n-h₂-es-,"
*dʰaHnaH(-kaH)-,1,6,"granule’ < PIIr. *dʰaHnaH(-kaH)-; Lith. dúona f. ‘(loaf of) bread; (bread) rye’, Latv. duõna"
*dʰeh₁-mon-,1,6,"derived from *deh₁-mon-, cf. Skt. dā́man- ‘cord, rope’ [63:149] or *dʰeh₁-mon-, cf. Gk. θημών"
*dʰoH-neh₂-,3,6,*dʰoH-neh₂- (*dhōnā [44:242]; *dhohₓnéhₐ- ‘grain’ [18:237]; *dhoHnáH₂ [19:39–40];
*dʰohₓnéh₂-,1,6,"*dʰohₓnéh₂- ‘± grain’ [10]): ToA taṃ(?), ToB tāno, obl. tāna f. ‘grain, (sesame, lotus) seeds’"
*e,3,6,Proto-Celtic reconstruction *bareginā is possible under the assumption of a sound law PC *e
*esetь,1,13,"would show a different formation. The connection of PSl. *esetь, cf. Ukr. oset’ ‘place for the"
*falgō-,1,25,"Falg f. ‘fallow land’ < PGm. *falgō-; LLat. olca ‘fertile field’, Fr. ouche f. ‘plantation; arable"
*falwa-,1,16,"*polVu̯-. Alternatively, it can be grouped with ON fǫl n. ‘thin layer of snow’ < *falwa- (whence"
*far-os,1,5,"ing that PIt. *far-os, *-es- < *bʰr̥H-os, *-es-, with the zero grade of a laryngealic root and regu-"
*fare/os-ejo-,1,5,"reum’ < PIt. *fars-ejo- cannot be derived from syncopated *fare/os-ejo-, as this would have"
*fars-,2,5,"far ‘flour, meal’ < PIt. *fars-"
*fars-ejo-,1,5,"reum’ < PIt. *fars-ejo- cannot be derived from syncopated *fare/os-ejo-, as this would have"
*farā,1,26,"*spor-eh₂- (*sporáH₂ [19:119]): Gk. σπορά f. ‘seed’; Alb. farë f. ‘seed, sperm’ < PAlb. *farā"
*ferhan-,1,25,fere m. ‘strip or plot of land; ridge between furrows’ < *ferhan- [203:244]. Further possible
*fisōn-,1,16,"let’, Sln. pšénọn. ‘peeled grain, millet’ < PSl. *pьsˇeno; OHG fesa f. ‘chaff’ < PGm. *fisōn-;"
*furh-,1,25,"f. ‘furrow’, OHG furh, furuh f. ‘furrow’ < PGm. *furh-; Lat. porca f. ‘furrow’ < PIt. *porkā;"
*fursjō-,1,21,Balto-Slavic and Greek. The occasionally adduced OE fyrse ‘furze’ < PGm. *fursjō- is formally
*fīsila-.,1,16,"*paista- and MDu. visel, Du. vijzel c. ‘mortar, pestle’ < PGm. *fīsila-. We may further connect"
*g(ʷ)eu-,1,23,*gu-s-és ‘curve’ to the root *g(ʷ)eu- ‘curve’. To further substantiate the Indo-European age of
*ge,2,6,"> PBr. *a before *ge, *gi [51:134–41] (see under *seg´ʰ-e-tleh₂-)."
*gelVu̯-,1,7,"*gelVu̯- (for the suffix, cf. MW cleddeu ‘sword’ and W neddau ‘adze’), OE gielm ‘sheaf’, WFri."
*gelma-,1,7,galm ‘armful’ < *gelma- [76:5–8] and Go. gilþa m. ‘sickle’ < *gelþan-. The root is generally
*gelþan-.,1,7,galm ‘armful’ < *gelma- [76:5–8] and Go. gilþa m. ‘sickle’ < *gelþan-. The root is generally
*gerstō-,1,7,sta f. ‘barley’ < PGm. *gerstō-; Lat. hordeum n. ‘barley’ < PIt. *χord-ejo-
*ghel-,1,3,*ghel- ‘plough’
*ghrū̆dom,1,18,"?*g´ʰrud-o- (*ghrū̆dom [19:119]): Lith. grū́das, Latv. grûds m. ‘grain’ < PB *gruʔda-; OE grotan"
*gi,2,6,"> PBr. *a before *ge, *gi [51:134–41] (see under *seg´ʰ-e-tleh₂-)."
*girʔnaʔ-,1,8,"nas f.pl. ‘quern’ < PB *girʔnaʔ-; Latv. dzir̃nus f.pl. ‘quern’, OPru. girnoywis ‘quern’ < PB"
*giʔrnuʔ-,1,8,"*giʔrnuʔ-; OCS žrъny f. ‘millstone’, Ru. žërnov m. ‘millstone’, SCr. žrvȃnj m. ‘quern’ < PSl."
*glāro-,1,8,"*glāro- < *ǵrH-ro- ‘grainy’ [83:I, 605–6]. More straightforward cognates exist in Celtic and"
*graH-uan-,1,8,"PTo. *kərwen-; Skt. grā́van- m. ‘(pressing-)stone, rock’ < PIIr. *graH-uan-; Go. asilu-qair-"
*greutan-,1,18,"However, it cannot be excluded that these are independent derivations from PGm. *greutan-"
*gruta,1,18,"m.pl. ‘hulled and crushed grain’, E groats ‘groats’, WFri. grôt ‘(pearl) barley’ < PGm. *gruta"
*grutja/ō-,1,19,"MDu. gorte n. ‘porridge’, Du. gort c. ‘pearl barley, groats’ < *grutja/ō- may be compared. The"
*gruʔda-,1,18,"?*g´ʰrud-o- (*ghrū̆dom [19:119]): Lith. grū́das, Latv. grûds m. ‘grain’ < PB *gruʔda-; OE grotan"
*gréhₐ-u̯-on-,1,8,"*gʷr(e)h₂-uon- (*gʷr̥̄-nu-, *gʷrāu̯-ō(n)- ‘Mu¨hle’ [44:476–7]; *gréhₐ-u̯-on- ~ *gʷérhₐ-n-u-"
*grāno-,2,8,"PGm. *kurna-; Lat. grānum n. ‘grain, seed, kernel’ < *grāno-; OIr. grán n. ‘grain’, MW"
*grārea,1,8,"similated from *grārea, this formation may have been derived from an unattested adjective"
*grāu̯,1,8,"‘quern’ < PC *grāu̯ on-; Arm. erkan ‘millstone’ < PArm. *kra(u̯ a)n-; Lith. gìrnos, Latv. dzir̃-"
*grāu̯ā,1,8,"Germanic: W gro ‘pebbles, gravel, sand’, OCo. grou ‘sand’ < PC *grāu̯ā (whence possibly Fr."
*gu-s-és,1,23,*gu-s-és ‘curve’ to the root *g(ʷ)eu- ‘curve’. To further substantiate the Indo-European age of
*guhā-,1,23,*gʷeuso-; Gk. γύηB m. ‘curved piece of wood in a plow’ < PGk. *guhā-
*gwr(e)h2-uon-,1,29,*gwr(e)h2-uon-
*gwre´hawon,1,3,*gwre´hawon ‘quern’
*g´ʰersd-,1,15,"alternatively been linked to *g´ʰersd- (q.v.). In addition, the association of PGm. *hersja- with"
*gēu-,1,23,"?*gʷ(e)u-s-o- (*gēu-, gəu-, gū- [44:393–8]): Lat. būris, būra f. ‘plow pole’ ? Sab. < PIt."
*gʰel-,1,7,?*g´ʰolH-o- (*^ghel- 2 ‘schneiden’?? [44:434];? *ǵhel- ‘plow’ [18:435]; *gʰel- ‘plough’ [10])
*gʰrud-o-,1,18,A form *gʰrud-o- has been proposed on the basis of Germanic and East Baltic forms [19:119].
*gʷerh₂-,1,8,branches innovated a new strong stem *gʷreh₂-uon-. The Schwebeablaut of Germanic *gʷerh₂-
*gʷerh₂-nu-,1,8,"*gʷerh₂-nu- and *gʷrh₂-nuH-, respectively [85:566]. These variants appear to be based on a"
*gʷeuso-,2,23,*gʷeuso-; Gk. γύηB m. ‘curved piece of wood in a plow’ < PGk. *guhā-
*gʷou-s-o-,1,23,"formation *gʷou-s-o- [180:321]. However, the better attested NP gōšā ‘angle, corner; handle of"
*gʷr(e)h₂-,1,32,"not restricted to agricultural societies. Nevertheless, it is striking that the formation *gʷr(e)h₂-"
*gʷr(e)h₂-uon-,2,8,"*gʷr(e)h₂-uon- (*gʷr̥̄-nu-, *gʷrāu̯-ō(n)- ‘Mu¨hle’ [44:476–7]; *gréhₐ-u̯-on- ~ *gʷérhₐ-n-u-"
*gʷreh₂-n-,1,8,"glide, although the alternative reconstruction *kran- < *gʷreh₂-n- cannot be rejected [61:266]."
*gʷreh₂-un-,1,8,"Armenian could continue *gʷreh₂-un-, through PArm. *krau̯an- and regular loss of the labial"
*gʷreh₂-uon-,1,8,"A formation *gʷreh₂-uon- can be reconstructed on the basis of Tocharian, Indic and Celtic."
*gʷreh₂-uon-.,1,8,branches innovated a new strong stem *gʷreh₂-uon-. The Schwebeablaut of Germanic *gʷerh₂-
*gʷrh₂-n-.,1,8,nu- may have been introduced analogically after the zero-grade *kwurn- < *gʷrh₂-n-.
*gʷrh₂-nuH-,1,8,"*gʷerh₂-nu- and *gʷrh₂-nuH-, respectively [85:566]. These variants appear to be based on a"
*gʷrh₂-un-ós.,1,8,"forms, e.g. nom. *gʷréh₂-nu-s, gen. *gʷrh₂-un-ós. On the basis of the oblique cases, several"
*gʷréh₂-nu-s,1,8,"forms, e.g. nom. *gʷréh₂-nu-s, gen. *gʷrh₂-un-ós. On the basis of the oblique cases, several"
*gʷréhₐwon-,1,8,"‘quern’ [18:237]; *gʷréhₐwon- ‘quern’ [10]): ToA kärwañi*, ToB kärweñe* ‘stone, rock’ <"
*gʷrāu̯-ō(n)-,1,8,"*gʷr(e)h₂-uon- (*gʷr̥̄-nu-, *gʷrāu̯-ō(n)- ‘Mu¨hle’ [44:476–7]; *gréhₐ-u̯-on- ~ *gʷérhₐ-n-u-"
*gʷr̥̄-nu-,1,8,"*gʷr(e)h₂-uon- (*gʷr̥̄-nu-, *gʷrāu̯-ō(n)- ‘Mu¨hle’ [44:476–7]; *gréhₐ-u̯-on- ~ *gʷérhₐ-n-u-"
*gʷu-,1,23,"196:321]. Assuming that Gk. γύηB is a substantivization of the zero-grade root *gʷu-, Latin and"
*gʷérhₐ-n-u-,1,8,"*gʷr(e)h₂-uon- (*gʷr̥̄-nu-, *gʷrāu̯-ō(n)- ‘Mu¨hle’ [44:476–7]; *gréhₐ-u̯-on- ~ *gʷérhₐ-n-u-"
*gʷéu-os,1,23,"Greek would attest to two different ablaut grades of an original neuter s-stem *gʷéu-os, gen."
*h2(e)lbh-it-,1,29,*h2(e)lbh-it-
*h2e(h2)i-r-ieh2-,1,29,*h2e(h2)i-r-ieh2-
*h2ed-,2,3,*h2ed- ‘± grain’
*h2el-,1,3,*h2el- ‘grind’
*h2elbhit-,1,3,"*h2elbhit- ‘± grain,? barley’"
*h2erh3-,1,29,*h2erh3-
*h2e´reh2-,1,3,*h2e´reh2- ‘weed/rye’
*h2e´rh3ye/o-,1,3,*h2e´rh3ye/o- ‘plough’
*h2eǵ-ro-,1,29,*h2eǵ-ro-
*h2eḱk-on-eh2-,1,29,*h2eḱk-on-eh2-
*h2eḱk-os-,1,29,*h2eḱk-os-
*h2eḱstı´-,1,3,*h2eḱstı´- ‘awn’
*h2leh1-,1,29,*h2leh1-
*h3eke´teha-,1,3,*h3eke´teha- ‘harrow’
*hab(a)ran-,1,22,"means that the proposed connection to PGm. *hab(a)ran- and Jassic zabar, both meaning"
*hab(e/a)ran-,2,21,"forms with PGm. *hab(e/a)ran- and Jass. zabar, by metathesis from *ḱkop-ro- [19:81], is for-"
*hagra-,1,20,"North Germanic *hagran- appears to be derived from *hagra-, cf. Nw. dial. hagr, harg ‘horse"
*hagran-,2,20,?*kok-ro- ~ *kork-io- (*korkri̯o- [44:529]): OGutn. hagri m. ‘oats’ < PGm.? *hagran-; OIr.
*hagrja-,1,20,"loan *kakra ‘oats’, cf. Fi. kaura, Est. kaer, Liv. kaggõrz. The derived ja-stem *hagrja-, cf. Da."
*hersja-,4,14,"OHG hirsi, hirso ‘millet’ < PGm. *hersja-"
*holko-,1,26,< *holko-; Lat. sulcus m. ‘furrow’ < PIt. *solko-
*hvar-,1,22,"derived from the Iranian root *hvar-, cf. YAv. xvar- ‘consume, eat’ < PIIr. *suar-, which is not"
*hōbō-,1,14,*hōbō-
*h₁/₄ek-,1,13,"[18:434–5]; *h₁/₄ek- ‘rake, harrow’ [135:176]; *h₃ekétehₐ- ‘harrow’ [10]): Oss. I adæg ‘har-"
*h₁/₄okétehₐ-,1,13,"*Hoket-(i)eh₂- (*o^ketā ‘Egge, Gera¨t mit Spitzen’ [44:18–22]; *h₁/₄okétehₐ- ‘harrow, rake’"
*h₁e/ongʷ-ō̆l-o-,1,16,this u-stem (cf. Skt. áṅgāra- ‘coal’ < *h₁e/ongʷ-ō̆l-o- for a parallel). The Balto-Slavic forms
*h₁ed-,1,9,must continue an o-grade u-stem *h₂od-u- [93:128]. Derivation from the root *h₁ed- ‘eat’
*h₁n-ǵʰrud-n-i(H)o-,1,19,"onkorño ‘porridge, rice gruel’ through *h₁n-ǵʰrud-n-i(H)o- [165:170–1; 166:137–8], but other"
*h₁s-,1,42,Kimball S. Initial *h₁s- in Hittite. Studies in memory of Warren Cowgill (1929–1985) Papers from the
*h₂(e)lH-,1,23,"-anna/i- to the etymologically obscure root *ḫall- < *h₂(e)lH- or *h₃(e)lH- [75:271]. If related,"
*h₂(e)lbʰ-it-,3,11,"*h₂(e)lbʰ-it- (*albhi- [44:29]; *h₂élbʰit ‘barley’ [18:51]; *albhi [19:58–9]; *h₂elbʰit- ‘± grain,?"
*h₂/₃elǵ(h)-,1,19,?*h₂/₃elg´(ʰ)- (?*h₂/₃elǵ(h)- ‘grain or millet?’ [18:237];? *h₂/₃elǵ(h)- [135:164]): Hitt. ḫalki- c.
*h₂e(-h₂)i-r-ieh₂-,2,10,*h₂e(-h₂)i-r-ieh₂- (ai-rā [44:16]; *h₂érehₐ- ‘weed/ryegrass’ [18:7]; *h₂éreh₂- ‘weed/rye’ [10]):?
*h₂e(-h₂)i-ro-,2,10,"269], but remains a possibility through a protoform PIIr. *Ha(H)ira- < PIE *h₂e(-h₂)i-ro-"
*h₂e-,1,10,underlying acute intonation of the Latvian form can be taken at face value—reduplicated *h₂e-
*h₂e^kstí-,1,11,"?*h₂eḱ-ti- (*a^ksti- [44:18–22]; *hₐe^kstí- ‘awn, bristle’ [18:237]; *h₂e^kstí- ‘ear’ [10]):? ToB āśce f."
*h₂ed-,6,9,"?*h₂ed-o(s)- (*ades-, *ados- [44:3]; *h₂ed- ‘grain, barley’ [18:273]; *H₂adHor [19:101–3, 117–"
*h₂ed-es-ko-),1,9,"No s-stem can be postulated on the basis of PGm. *atiska- (as if from *h₂ed-es-ko-), which"
*h₂ed-ie-,1,9,"ἄzω ‘dry up’ < *h₂ed-ie- [92]. If correct, the implied semantic specialization can be understood"
*h₂ed-o(s)-,2,9,"8]; *h₂ed- ‘± grain’ [10]): Arm. hat ‘grain’ < *h₂ed-o(s)-; Go. atisk(s*) ‘grainfield’, OHG"
*h₂ed-o-.,1,9,Armenian forms can alternatively be derived from a root noun *h₂ed- or an o-stem *h₂ed-o-.
*h₂ed-os,1,9,An s-stem *h₂ed-os has been proposed to be continued by several European branches. This
*h₂ed-os-,1,9,"In conclusion, the reconstruction of an s-stem *h₂ed-os- is possible for, or at least not con-"
*h₂ed-ōr,1,9,and a collective r-stem *h₂ed-ōr [92].
*h₂ed-ōs,1,9,"ambiguous as well, and has been derived both from a collective s-stem *h₂ed-ōs [48:25; 93:128]"
*h₂ed-ō̆r,1,9,"been compared [94:220] through a reconstruction *h₂ed-ō̆r [92; 95]. However, the more fre-"
*h₂eg´-ro-,1,19,"*h₂eg´-ro- (*a^g-ro-s ‘Feld, Flur’ [44:4–6; 79:8]; *hₐe^gros ‘field, pasture’ [18:200]): Skt. ájra- m."
*h₂ei-r-i(e)h₂-,1,10,"Both αἶρα and aĩres can be derived from a single protoform, viz. *h₂ei-r-i(e)h₂- or—if the"
*h₂ei-u-,1,13,"based on that of *h₂ei-u- ‘(old) age’, the loss of the laryngeal would be irregular in Hittite."
*h₂el(H)K-i-,1,19,"Hittite ḫalki- appears isolated, and can be derived from PIE *h₂el(H)K-i- [75:274–5;"
*h₂elKi-,1,19,"‘barley, grain’ < PAn. *h₂elKi-; MP ʾrzn, P arzan ‘millet’ (< Parth.), Sogd. ʾrzn ‘id.’, Psht."
*h₂elbʰ-,1,11,"Etymologically, the formation *h₂(e)lbʰ-it- can possibly be derived from PIE *h₂elbʰ-"
*h₂elbʰit-,1,11,"*h₂(e)lbʰ-it- (*albhi- [44:29]; *h₂élbʰit ‘barley’ [18:51]; *albhi [19:58–9]; *h₂elbʰit- ‘± grain,?"
*h₂elh₁-,3,19,"*h₂elh₁-, with a suffix -ικ [44:28–9]. The Greek word in turn appears to have been the source"
*h₂enh₁-tleh₂.,1,26,cf. anadl ‘breath’ < *h₂enh₁-tleh₂. This leads Pokorny and Hamp to reconstruct its allomorph
*h₂erh₃-,8,12,*h₂erh₃- (*ar(ə)- ‘pflu¨gen’ [44:62–3]; *hₐérh₃ie/o- ‘plow’ [18:434]; *h₂érh₃ye/o- ‘plough’ [10]):
*h₂erh₃-.,1,12,"accepted etymology, but may contain the same root PIE *h₂erh₃-. It follows from the implied"
*h₂erh₃-ie-,2,12,Several European branches attest to a verbal formation *h₂erh₃-ie- ‘plow’. No direct coun-
*h₂erh₃-tro-,1,12,Europe and *h₂erh₃-tro- in the European branches and quite possibly Tocharian. Prior to the
*h₂erh₃-uon-,1,12,"awunk ‘sowing, seeds, arable land’ < *h₂erh₃-uon-, Gk. ἄρουρα f. ‘farmland’ < *h₂erh₃-ur-h₂-"
*h₂erh₃-ur-h₂-,1,12,"awunk ‘sowing, seeds, arable land’ < *h₂erh₃-uon-, Gk. ἄρουρα f. ‘farmland’ < *h₂erh₃-ur-h₂-"
*h₂erh₃-ur/n-,2,12,"*h₂erh₃-ur/n-, present in both Europe and Asia, as well as to the formations *h₂erh₃-ie- in"
*h₂et-u-ieh₂-,1,9,"therefore been proposed with ToA āti, ToB ātiyo* n. ‘grass’ < PTo. *ātəyā- < *h₂et-u-ieh₂-,"
*h₂eue(K)s-,1,19,"back into PIE, i.e. as *h₂euiḱk-, *h₂euiǵʰ- and *h₂eue(K)s-, a root-final “spirant of indeterminate"
*h₂euiǵʰ-,1,19,"back into PIE, i.e. as *h₂euiḱk-, *h₂euiǵʰ- and *h₂eue(K)s-, a root-final “spirant of indeterminate"
*h₂euiḱk-,1,19,"back into PIE, i.e. as *h₂euiḱk-, *h₂euiǵʰ- and *h₂eue(K)s-, a root-final “spirant of indeterminate"
*h₂eǵ-ro-,2,19,A formation *h₂eǵ-ro- can be reconstructed on the basis of the European centum branches
*h₂eḱ-on-eh₂-,1,23,"*h₂eḱ-on-eh₂- (*a^ken- [44:18–22]): Go. ahana, ON ǫgn f. ‘chaff’, OE ægnan f.pl. ‘awns, chaff,"
*h₂eḱ-os-,1,11,"*h₂eḱ-os- (*a^kes-: *a^ks- [44:18–22]; *hₐe^kes- ‘ear of grain’ [18:237]): ToA āk*, ToB āke n. ‘end,"
*h₂eḱk(-s)-ti-,1,11,"*h₂eḱk(-s)-ti- in core Indo-European, including Tocharian, the semantic specialization as an"
*h₂eḱk-,3,11,"*h₂eḱk- ‘sharp’. As a consequence, the agricultural connotation of PGm. *ahiz- ~ *ahsa- and"
*h₂eḱk-h₂,1,11,"Since āka at face value continues PTo. *aka < *h₂eḱk-h₂, it might be preferable to separate it"
*h₂eḱk-n-ih₂-.,1,23,"the potentially derived ἄκαινα f. ‘spike, prick, goad’ < *h₂eḱk-n-ih₂-. It appears that this forma-"
*h₂eḱk-on-,1,23,"noun created to an n-stem *h₂eḱk-on-, cf. the formally close Gk. ἀκόνη f. ‘whetstone’ as well as"
*h₂eḱk-on-eh₂-,1,28,related collective formation *h₂eḱk-on-eh₂- similarly acquired an agricultural meaning in the
*h₂eḱk-os-,2,28,"the other branches in which it is attested. In addition, there is the s-stem *h₂eḱk-os- meaning"
*h₂eḱk-s-ti-,1,11,"A formation *h₂eḱk-s-ti- has been reconstructed for Balto-Slavic and Celtic, but an alterna-"
*h₂eḱk-ti-,1,11,"tive reconstruction *h₂eḱk-ti- has been considered as well [115:48]. Whichever is correct, the"
*h₂eḱk-ōs,1,11,"form has been interpreted as deriving from a collective s-stem *h₂eḱk-ōs [114:371]. However,"
*h₂l(e)h₁-ur/n-,1,23,"to the heteroclitic *h₂l(e)h₁-ur/n- continued by Gk. ἀλέατα ‘wheat-groats’, thematicized"
*h₂leh₁-,3,23,[168:78]. It is formally possible to connect the root *h₂elh₁- or *h₂leh₁- as found in Gk. ἀλέω
*h₂loh₁-uo/eh₂-,1,23,"*h₂loh₁-uo/eh₂- [79:8]: Gk. ἅλωB, ἀλωή f. ‘threshing floor’ < PGk. *alōu̯ (-ā)-; OSw. lō m."
*h₂od-,1,9,"identical to *h₂ed- ‘dry, parch’, cf. Hitt. ḫāt-ⁱ / ḫat- ‘dry up, to become parched’ < *h₂od-, Gk."
*h₂od-u-,1,9,must continue an o-grade u-stem *h₂od-u- [93:128]. Derivation from the root *h₁ed- ‘eat’
*h₂rh₂-uén-s,1,12,"tation of the derived, widely distributed heteroclitic, *h₂érh₃-ur, gen. *h₂rh₂-uén-s, cf. Skt."
*h₂rh₃-,1,32,"possessed this verb, something that also follows from the preservation of the formation *h₂rh₃-"
*h₂ég-,1,19,"driven, in view of the transparent derivation from the PIE root *h₂ég- ‘drive’. In the European"
*h₂élbʰit,1,11,"*h₂(e)lbʰ-it- (*albhi- [44:29]; *h₂élbʰit ‘barley’ [18:51]; *albhi [19:58–9]; *h₂elbʰit- ‘± grain,?"
*h₂éreh₂-,1,10,*h₂e(-h₂)i-r-ieh₂- (ai-rā [44:16]; *h₂érehₐ- ‘weed/ryegrass’ [18:7]; *h₂éreh₂- ‘weed/rye’ [10]):?
*h₂érehₐ-,1,10,*h₂e(-h₂)i-r-ieh₂- (ai-rā [44:16]; *h₂érehₐ- ‘weed/ryegrass’ [18:7]; *h₂éreh₂- ‘weed/rye’ [10]):?
*h₂érh₃-ur,1,12,"tation of the derived, widely distributed heteroclitic, *h₂érh₃-ur, gen. *h₂rh₂-uén-s, cf. Skt."
*h₂érh₃ye/o-,1,12,*h₂erh₃- (*ar(ə)- ‘pflu¨gen’ [44:62–3]; *hₐérh₃ie/o- ‘plow’ [18:434]; *h₂érh₃ye/o- ‘plough’ [10]):
*h₃(e)lH-,1,23,"-anna/i- to the etymologically obscure root *ḫall- < *h₂(e)lH- or *h₃(e)lH- [75:271]. If related,"
*h₃ekétehₐ-,1,13,"[18:434–5]; *h₁/₄ek- ‘rake, harrow’ [135:176]; *h₃ekétehₐ- ‘harrow’ [10]): Oss. I adæg ‘har-"
*h₃erh₂-tro-,1,12,"*h₃erh₂-tro- is also found in most core Indo-European branches, Arm. arawr, Gk. ἄροτρον,"
*hₐe^gros,1,19,"*h₂eg´-ro- (*a^g-ro-s ‘Feld, Flur’ [44:4–6; 79:8]; *hₐe^gros ‘field, pasture’ [18:200]): Skt. ájra- m."
*hₐe^kes-,1,11,"*h₂eḱ-os- (*a^kes-: *a^ks- [44:18–22]; *hₐe^kes- ‘ear of grain’ [18:237]): ToA āk*, ToB āke n. ‘end,"
*hₐe^kstí-,1,11,"?*h₂eḱ-ti- (*a^ksti- [44:18–22]; *hₐe^kstí- ‘awn, bristle’ [18:237]; *h₂e^kstí- ‘ear’ [10]):? ToB āśce f."
*hₐeu̯isos,1,19,"†*h₂eui(ḱ/g´ʰ)s- (*au̯i^g- ‘Grasart, Hafer’ [44:88]; *hₐeu̯isos [18:7, 409]; *H₂awi^g-i- [19:66];"
*hₐewis,1,19,"*hₐewis [135:166]):? Yazg. wis, Taj. Wj. gis ‘oats’ < PIIr.? *(H)(a)uić-; Lith. aviža f. ‘id.’,"
*hₐérh₃ie/o-,1,12,*h₂erh₃- (*ar(ə)- ‘pflu¨gen’ [44:62–3]; *hₐérh₃ie/o- ‘plow’ [18:434]; *h₂érh₃ye/o- ‘plough’ [10]):
*i,1,24,raising of e to i before *i in the following syllable [200:81]. The same i-stem has been argued to
*i̯eu̯,1,12,"*i̯eu̯ i̯a-; Lith. javaĩ m.pl. ‘corn, grain’ < PB *jav(ʔ)a-"
*i̯eu̯o-,1,12,*(H)ieu(H)- (*i̯eu̯o- [44:512]; *i̯éu̯os ~ *i̯éu̯om ‘grain (particularly barley?)’ [18:236]; *yewH₁
*i̯éu̯om,1,12,*(H)ieu(H)- (*i̯eu̯o- [44:512]; *i̯éu̯os ~ *i̯éu̯om ‘grain (particularly barley?)’ [18:236]; *yewH₁
*i̯éu̯os,1,12,*(H)ieu(H)- (*i̯eu̯o- [44:512]; *i̯éu̯os ~ *i̯éu̯om ‘grain (particularly barley?)’ [18:236]; *yewH₁
*j,2,15,"However, the assumed loss of *j appears to be ad hoc and since the origin of biṃ- remains"
*jav(ʔ)a-,1,12,"*i̯eu̯ i̯a-; Lith. javaĩ m.pl. ‘corn, grain’ < PB *jav(ʔ)a-"
*j́(ʰ)i̯,1,15,"nian language in which *j́(ʰ)i̯ > *ž. In conclusion, this etymology is plagued by many formal"
*j́rH-na(-ka)-(?),1,7,"PIIr. *j́rH-na(-ka)-(?); Lith. žìrnis, Latv. zir̃nis m. ‘pea’, OPru. syrne ‘grain’ < PB *zˇirʔni(o)-"
*j́rH-na-ka-,1,8,"forms zə́ṇai ~ zə́ṛai, if indeed continuing PIIr. *j́rH-na-ka- < PIE *ǵrH-no- [80:102; 81:103],"
*j́ʰami-čī-,1,14,"*j́ʰami-čī-, the productive suffix *-čī- appears to have been added to a base *ćāpa- [145:74], after"
*j́ʰž,1,15,"*miǵʰ-so- [93:129]. Unfortunately, the implied cluster *-ǵʰs- > PIr. *j́ʰž > *ž does not regularly"
*k,1,15,4]. The alternative suggestion that OIr. míach acquired its *k by 1) devoicing before s in a nom-
*k(ʷ)āti-,1,24,"?*kʷeh₂t-i- (?*kʷet- [18:104]):? Gk. Hes. πήτεα ‘bran’; OIr. cáith f. ‘chaff, husks’ < PC *k(ʷ)āti-"
*kakra,1,20,"loan *kakra ‘oats’, cf. Fi. kaura, Est. kaer, Liv. kaggõrz. The derived ja-stem *hagrja-, cf. Da."
*kar(H)-as-,1,14,"pool’, meaning that the attested káras cannot reflect PIIr. *kar(H)-as- in underived form. More"
*kar(H)as-.,1,14,form *čar(H)as- rather than *kar(H)as-.
*karH-,1,20,"semantically close *karH- ‘sow’ [181:241–3], with which it is suppletive in part of Iranian. Such"
*karsˇ-,1,20,"plow’, YAv. karšaiti ‘draw; plow, sow’ < PIIr. *karsˇ-;? Gk. τέλσον n. ‘end of the field, where"
*karš-,1,20,that the meaning ‘make furrows’ that is found in Indo-Iranian with the root *karš- developed
*ker(H)-es-,1,14,"fatally, PIE *ker(H)-es- should according to the known sound changes have resulted in PIIr."
*keres-,4,3,*keres- ‘millet’
*kernan-,1,8,"m. ‘core, kernel’ < PGm. *kernan- < *ǵerH-n-on-. Finally, a verbal attestation can be seen in"
*kers,1,14,"†*keres- (*^ker-2, ^kerə-, ^krē- [44:577]; *kers [19:82]; *keres- ‘millet’ [10]): Hitt. karaš n. ‘wheat,"
*kers-,1,14,"The comparison can be partially saved by reconstructing *ḱker(H)-s- (or *kers- [19:82]), a"
*kok-ro-,1,20,"ro- was dissimilated by the two branches independently into *kok-ro- and *kork-o-,"
*kol(H)-no-,1,42,idg. *kol(H)-no- ‘hoch’. International Journal of Diachronic Linguistics and Linguistic Reconstruction.
*kork-,1,20,"alternation between *-rk- and *-kr-, but it is also possible that an inherited protoform *kork-"
*kork-io-,1,20,?*kok-ro- ~ *kork-io- (*korkri̯o- [44:529]): OGutn. hagri m. ‘oats’ < PGm.? *hagran-; OIr.
*kork-o-,2,20,"ro- was dissimilated by the two branches independently into *kok-ro- and *kork-o-,"
*korki̯o-,1,20,"corca, coirce m. ‘oats’, MW keirch ‘oats’ < PC *korki̯o-"
*korkri̯o-,1,20,?*kok-ro- ~ *kork-io- (*korkri̯o- [44:529]): OGutn. hagri m. ‘oats’ < PGm.? *hagran-; OIr.
*kra(u̯,1,8,"‘quern’ < PC *grāu̯ on-; Arm. erkan ‘millstone’ < PArm. *kra(u̯ a)n-; Lith. gìrnos, Latv. dzir̃-"
*kran-,1,8,"glide, although the alternative reconstruction *kran- < *gʷreh₂-n- cannot be rejected [61:266]."
*krau̯an-,1,8,"Armenian could continue *gʷreh₂-un-, through PArm. *krau̯an- and regular loss of the labial"
*kurna-,1,8,"PGm. *kurna-; Lat. grānum n. ‘grain, seed, kernel’ < *grāno-; OIr. grán n. ‘grain’, MW"
*kurro-.,1,42,Hamp EP. Pre-Romance Alpe¯s and *kurro-. Romance Philology. 1960; 13(4):387–90.
*ku̯oh₁t-i-.,1,24,OIr. cáith by starting from an isolated o-grade form *ku̯oh₁t-i-.
*kweh2t-,1,29,*kweh2t-
*kwernu-,1,8,"nus m. ‘donkey mill’ < PGm. *kwernu-; OIr. bráu, bró f. ‘millstone, quern’, W breuan f."
*kwurn-,1,8,nu- may have been introduced analogically after the zero-grade *kwurn- < *gʷrh₂-n-.
*kāp-,2,14,"*(ḱ)eh₂p-o/eh₂- (*kāp-, *kəp- ‘Stu¨ck Land, Grundstu¨ck’ [44:529]; *^kāpos ~ ^kāpéha (or"
*kāp-eśta-,1,14,orchard; piece of land granted to a single family’ <? PAlb. *kāp-eśta-; OHG huoba f. ‘plot
*kāpo-,1,14,"tation; (Cypr.) uncultivated piece of land’ < PGk. *kāpo-; Alb. kopsht, kopësht m. ‘garden;"
*kāpos,2,3,*kāpos ‘field’
*kəp-,1,14,"*(ḱ)eh₂p-o/eh₂- (*kāp-, *kəp- ‘Stu¨ck Land, Grundstu¨ck’ [44:529]; *^kāpos ~ ^kāpéha (or"
*kərwen-,1,8,"PTo. *kərwen-; Skt. grā́van- m. ‘(pressing-)stone, rock’ < PIIr. *graH-uan-; Go. asilu-qair-"
*kʷeh₂t-,1,24,"derived from a verbal root *kʷeh₂t-, as found in Gk. πάσσω ‘strew, sprinkle’ and Lat. quatiō"
*kʷeh₂t-i-,1,24,have been preserved. The reconstruction *kʷeh₂t-i- is thus rendered uncertain [44:632]. The
*kʷeh₂t-i-).,1,16,e.g. through a semantic shift from original ‘shake’ to secondary ‘sieve’ (cf.? *kʷeh₂t-i-). If the
*kʷeh₂t-i-.,1,24,The Celtic and Greek forms are suggestive of an i-stem *kʷeh₂t-i-. This i-stem may be
*kʷel-1,1,20,"?*kʷels- (*kʷel-1, *kʷelə- [44:639–40]):? Hitt. gulš-zⁱ ‘carve, engrave’; Skt. karṣ‘pull, drag;"
*kʷels-,3,20,A root *kʷels- in the meaning ‘make furrows’ has been reconstructed for Proto-Indo-Euro-
*kʷels-.,1,20,this GUL-š-zⁱ can no longer be regarded as a continuant of an inherited root *kʷels-. As a
*kʷels-o-(?),1,20,the plow is turned’ < PGk. *kʷels-o-(?)
*kʷelə-,1,20,"?*kʷels- (*kʷel-1, *kʷelə- [44:639–40]):? Hitt. gulš-zⁱ ‘carve, engrave’; Skt. karṣ‘pull, drag;"
*kʷh₂t-ie-,1,24,"‘shake’ < *kʷh₂t-ie- [168:1155], and potentially Lat. quālus m. ‘wicker (*winnowing?) basket’,"
*kʷh₂t-slo-,1,24,"if from PIt. *kʷh₂t-slo- [48:504]. However, the marginal attestation of Gk. πήτεα as a Hesy-"
*laisō-,1,24,"SCr. lĳèha f. ‘plot, ridge, flower bed’ < PSl. *leˇxa; OHG -leisa f. ‘track’ < PGm. *laisō-; Lat."
*leˇxa,1,24,"SCr. lĳèha f. ‘plot, ridge, flower bed’ < PSl. *leˇxa; OHG -leisa f. ‘track’ < PGm. *laisō-; Lat."
*loisā,1,24,"*(H)lois-eh₂- (*loisā ‘Furche’ [44:671]): OCS lěxa f. ‘row’, Ru. dial. lexá, léxa f. ‘furrow, bed’,"
*loisā-,1,24,līra f. ‘furrow’ < PIt. *loisā-
*lō(w)a-,1,23,‘threshing floor’ < PGm. *lō(w)a-
*maij́ʰiukā-,2,15,"*maij́ʰiukā-, which would bring it closer to the Baltic attestations continuing *moiǵʰ-io-. How-"
*maij́ʰiākā-,1,15,"however, a more straightforward protoform would be *maij́ʰiākā-, perhaps for older"
*maizˇia-,1,15,"‘barley’, Latv. mìeži m.pl. ‘barley’, OPru. moasis ‘barley’ < *maizˇia-; Latv. màize f. ‘bread’ <"
*maizˇiā-,1,15,"*maizˇiā-;? OIr. míach n./f. ‘a grain measure, bushel’ < PC *meiko(s)- or *meig-(?)"
*malʔna-,1,24,‘sweetgrass’ < PB? *malʔna-
*marH-,1,24,"*marH- ‘to crush’ [77:II, 388]."
*mei^g(h)-,1,15,"?*meig´ʰ- (*mei^g(h)- ‘barley’ [18:51]; *mei^gʰ- ‘± grain’) [10]: Khot. mäṣṣa-, miṣṣa- ‘field for"
*mei^gʰ-,1,15,"?*meig´ʰ- (*mei^g(h)- ‘barley’ [18:51]; *mei^gʰ- ‘± grain’) [10]: Khot. mäṣṣa-, miṣṣa- ‘field for"
*meig-(?),1,15,"*maizˇiā-;? OIr. míach n./f. ‘a grain measure, bushel’ < PC *meiko(s)- or *meig-(?)"
*meiko(s)-,1,15,"*maizˇiā-;? OIr. míach n./f. ‘a grain measure, bushel’ < PC *meiko(s)- or *meig-(?)"
*meiǵh-,1,3,*meiǵh- ‘± grain’
*meiǵʰ-,1,15,"law, it became clear that the intonation rather mandates a root *meiǵʰ- with a voiced aspirate"
*meiǵʰ-s,1,15,"inative *meiǵʰ-s, and 2) subsequent leveling to the other cases, is not much better, as the anal-"
*meiḱk-o(s)-,1,15,"míach ‘a grain measure, bushel’, assuming that the latter continues PIE *meiḱk-o(s)- [93:129]."
*mel-it-,1,11,"‘white’, with the suffix *-it- as found in PIE *mel-it- ‘honey’ [121:136–9] and perhaps in the"
*melH-i,1,24,"†*mel(H)-i- (*mél-i-, -n-és [44:718];? *melh₂- [18:383]; *melH-i [19:77]): Lat. milium n. ‘millet’"
*melh2-,1,3,*melh2- ‘grind’
*melha-,1,24,‘sandbank’ < PGm. *melha- [202:615]. Khow. blan has alternatively been derived from an iso-
*melh₂-,2,24,"†*mel(H)-i- (*mél-i-, -n-és [44:718];? *melh₂- [18:383]; *melH-i [19:77]): Lat. milium n. ‘millet’"
*meli-,1,24,"geminate /nn/ to /ln/. Lat. milium ‘millet’ is often derived from PIt. *meli-, with quasi-regular"
*melinā-,1,24,"< PIt. *melio-; Gk. μελίνη f. ‘millet, esp. foxtail’ < PGk. *melinā-;? Lith. málnos f.pl."
*melio-,1,24,"< PIt. *melio-; Gk. μελίνη f. ‘millet, esp. foxtail’ < PGk. *melinā-;? Lith. málnos f.pl."
*milica,1,16,"velar suffix that is found in triticum ‘wheat’ as well as in alica and *milica (cf. Ital. melica,"
*mixsˇa-(?),1,15,"seed’ (whence ToA miṣi, ToB miṣe ‘field’ [56:268–9]) < PIIr. *mixsˇa-(?); Lith. miẽžiai m.pl."
*miǵ-so-,1,15,"On the basis of the Baltic forms and Khot. mäṣṣa-, miṣṣa-, a reconstruction *miǵ-so- has"
*miǵʰ-so-,2,15,"*miǵʰ-so- [93:129]. Unfortunately, the implied cluster *-ǵʰs- > PIr. *j́ʰž > *ž does not regularly"
*miḱk-so-,1,15,"Alternatively, Khot. mäṣṣa- can be derived from PIE *miḱk-so-, and then connected to OIr."
*mlāna-,1,24,"Other comparanda, such as Khow. blan ‘species of barley’ < PIIr. *mlāna- and ON melr m."
*moiǵʰ-io-.,1,15,"*maij́ʰiukā-, which would bring it closer to the Baltic attestations continuing *moiǵʰ-io-. How-"
*myjwk(h),1,15,"larly reflect *ǵʰs or *ǵi̯, it can only be maintained as a loan from unattested Sogd. *myjwk(h)"
*mél-i-,1,24,"†*mel(H)-i- (*mél-i-, -n-és [44:718];? *melh₂- [18:383]; *melH-i [19:77]): Lat. milium n. ‘millet’"
*n(h₁)i-éu-s,1,25,"u, gen. *n(h₁)i-éu-s, pl. *né(h₁)i-u-h₂, the many formal ambiguities cast doubt on the validity of"
*naikkā-,1,25,"seem possible to adduce PGm. *naikō-, which through Pre-Proto-Germanic *naikkā- can reg-"
*naikō-,2,25,"< PGm. *naikō-; MIr. cruth-necht f. ‘wheat’, MW gwenith ‘id.’ < PC *-nixto-"
*ne/,1,25,"*neik- (*neik- ‘Getreide schwingen’ [44:761]): Lith. niekóti, Latv. niẽkât ‘winnow’ < PSl. *ne/"
*nei-uo-,1,24,"derived from PIE *ni ‘low, below’, through an adjective *nei-uo- ‘low-lying’, or from *neu-io-"
*nei-u̯o-,1,24,"?*ne(h₁)i-uo- (*nei-u̯o- [44:311–4; 79:8]): Gk. νειόB f. ‘fallow land’; OCS n’iva, Ru. níva, SCr."
*neik-,7,25,"*neik- (*neik- ‘Getreide schwingen’ [44:761]): Lith. niekóti, Latv. niẽkât ‘winnow’ < PSl. *ne/"
*neu-h₂,1,25,ered a contamination of the PSl. outcomes of *neu-h₂ and a zero-grade form *nu-h₂ [47:303–
*neu-io-,1,24,"derived from PIE *ni ‘low, below’, through an adjective *nei-uo- ‘low-lying’, or from *neu-io-"
*ni,1,24,"derived from PIE *ni ‘low, below’, through an adjective *nei-uo- ‘low-lying’, or from *neu-io-"
*niklo-,1,25,"aik-; Gk. λίκνον, νίκλον n. ‘winnowing fan’ < PGk. *niklo- or *nikno-; OSw. nēk f. ‘sheaf’"
*nikno-,1,25,"aik-; Gk. λίκνον, νίκλον n. ‘winnowing fan’ < PGk. *niklo- or *nikno-; OSw. nēk f. ‘sheaf’"
*njiva,1,25,"‘new ground’. The Slavic form *njiva can regularly continue *njūva, which has been consid-"
*njı,1,24,njȉva f. ‘(arable) field’ < *njı`va
*njūva,1,25,"‘new ground’. The Slavic form *njiva can regularly continue *njūva, which has been consid-"
*noik-néh₂-,1,25,"ularly continue *noik-néh₂- (with Kluge’s law). Together, these formations secure a shared"
*nu-h₂,1,25,ered a contamination of the PSl. outcomes of *neu-h₂ and a zero-grade form *nu-h₂ [47:303–
*né(h₁)i-,1,25,4]. While it is possible to explain both formations as continuations of a neuter u-stem *né(h₁)i-
*né(h₁)i-u-h₂,1,25,"u, gen. *n(h₁)i-éu-s, pl. *né(h₁)i-u-h₂, the many formal ambiguities cast doubt on the validity of"
*oN,1,6,"(whence also Hitt. dūni- ‘a pastry’), because it does not show the expected change of *oN >"
*o^ketā,1,13,"*Hoket-(i)eh₂- (*o^ketā ‘Egge, Gera¨t mit Spitzen’ [44:18–22]; *h₁/₄okétehₐ- ‘harrow, rake’"
*oke/itā,2,13,MBret. oguet ‘harrow’ < PC *oke/itā
*oketa,1,13,"Slavic-speaking groups. Neither *oteka nor metathesized *oketa is attested in Slavic, however."
*okitā-,1,13,"from *okitā- as well, but since *ageþjō- is an alternative reconstruction, it may be closer to the"
*olca,1,25,field’  Gaul. *olca < PC *ϕolkā
*orje/o-,1,12,"OCS orati, Ru. dial. orát’ (orjú), SCr. òrati < PSl. *orje/o-; Go. arjan, ON erja, OE erian,"
*otVkā-(?),1,13,"rake(?), hayrack’, Ital. dial. (Triento) oca ‘harrow’ < *otVkā-(?); OW ocet, Corn. ocet,"
*oteka,1,13,"Slavic-speaking groups. Neither *oteka nor metathesized *oketa is attested in Slavic, however."
*ovьsъ,2,19,‘id.’ < PSl. *ovьsъ; Lat. avēna ‘oats’ < PIt. *awe(C)snā-
*oḱketā.,1,42,"Boryś W. Słowiańskie relikty indoeuropejskiej nazwy brony (wschsłow. osetь, pol. jesieć a ie. *oḱketā."
*p,1,16,"pīsäl ‘chaff (of grain), husk’ < PTo. *p’əs-l-; Skt. peṣ‘crush, grind’, YAv. pišaṇt- ‘crushing,"
*p.,2,18,cognate since it contains no reflex of *p.
*pais-ī/ā-,1,16,"(off) chaff from grain’, Latv. pàisît ‘pound or break flax’ < PB *pais-ī/ā-; Ru. pšenó n. ‘mil-"
*paista-,1,16,"*paista- and MDu. visel, Du. vijzel c. ‘mortar, pestle’ < PGm. *fīsila-. We may further connect"
*paisˇ-,1,16,"bruising’ < PIIr. *paisˇ-; Gk. πτίσσω ‘grind, winnow’ < PGk. *pis-i̯e/o-; Lith. paisýti ‘beat"
*palejā-,1,17,"found. Lat. palea f. ‘chaff, dross, straw’ can be taken back to PIt. *palejā- < *plH-ei-eh₂-, with a"
*palwa-,1,16,chaff and dust from harvested grain’ < PAlb. *palwa- < *polH-uo-. In addition to these full-
*pang-,1,15,"†*pano- (*pank-, *pang- ‘Bu¨schel der Hirse’ [44:789];? *pano- ~ *paniko/ehₐ- ‘millet’ [18:383];"
*paniko/ehₐ-,1,15,"†*pano- (*pank-, *pang- ‘Bu¨schel der Hirse’ [44:789];? *pano- ~ *paniko/ehₐ- ‘millet’ [18:383];"
*pank-,1,15,"†*pano- (*pank-, *pang- ‘Bu¨schel der Hirse’ [44:789];? *pano- ~ *paniko/ehₐ- ‘millet’ [18:383];"
*pano-,4,3,*pano- ‘millet’
*par(H)āu̯,1,16,"palā́va- m. ‘chaff, husks’ < PIIr. *par(H)āu̯ a-; Lith. pẽlūs m.pl. ‘chaff’, Latv. pęlus f.pl."
*pe(i)s-,1,16,"[135:167]; *peis- ‘grind’) [10]:? Hitt. peš(š)-zⁱ ‘rub, scrub’ < PAn. *pe(i)s-; ToA psäl, ToB"
*pe/olou̯,1,16,"SCr. pljȅva f. ‘chaff’ < PSl. *pèlva;? Lat. pulvis, -eris n. ‘dust, powder’ < PIt. *pe/olou̯ -"
*peis-,10,3,*peis- ‘grind’
*pelH-,3,16,"It is possible to derive the u-stem from a root *pelH-, as found in Gk. πάλλω ‘sway, rock’,"
*pelH-m-.,1,17,"[63:323], can alternatively be derived from *pelH-m-. No certain cognates are available from"
*pelH-ou-,1,16,"*pelH-ou- (*pelṓus, *pelu̯-ós [44:802]; *pelo/ehₐ- ‘chaff’ [18:104]; *pelo/eh₂- ‘chaff’ [10]): Skt."
*pelH-u-,2,28,Indo-European meaning of *pelH-u- cannot have been ‘chaff’; this meaning is dominant only
*pelVu̯-,1,16,"after cinis, -eris n. ‘dust’ [46:257], probably continues the same formation, i.e. PIt. *pelVu̯- or"
*pelh₂-,1,17,"Tocharian or Anatolian. A possible continuant of a root *pelh₂- is found in Hitt. (Luw.) palḫ-,"
*pelo/eh₂-,1,16,"*pelH-ou- (*pelṓus, *pelu̯-ós [44:802]; *pelo/ehₐ- ‘chaff’ [18:104]; *pelo/eh₂- ‘chaff’ [10]): Skt."
*pelo/ehₐ-,1,16,"*pelH-ou- (*pelṓus, *pelu̯-ós [44:802]; *pelo/ehₐ- ‘chaff’ [18:104]; *pelo/eh₂- ‘chaff’ [10]): Skt."
*pelu̯-ós,1,16,"*pelH-ou- (*pelṓus, *pelu̯-ós [44:802]; *pelo/ehₐ- ‘chaff’ [18:104]; *pelo/eh₂- ‘chaff’ [10]): Skt."
*pelʔu(a)ʔ,1,16,"‘chaff’, OPru. EV pelwo ‘chaff’ < PB *pelʔu(a)ʔ; OCS plěvy f.pl. ‘chaff’, Ru. polóva f. ‘chaff’,"
*pelṓus,1,16,"*pelH-ou- (*pelṓus, *pelu̯-ós [44:802]; *pelo/ehₐ- ‘chaff’ [18:104]; *pelo/eh₂- ‘chaff’ [10]): Skt."
*pers-ons,1,18,potentially stronger candidate for a core Indo-European verbal syntagm *pers-ons gʷʰen-ti
*pes-,1,16,"ToA psäl, ToB pīsäl ‘chaff’, which has previously been connected to a verbal base *pes- ‘blow’"
*peuH-,4,21,"cereal term was derived directly from the root *peuH- ‘clean’, cf. Skt. pavⁱ ‘become clean’, after"
*peuH-.,1,21,It is possible that *puH-ro- was derived from an inherited element *peuH-. Since it is for-
*pins-e/o-,1,16,"Lat. pīnsō ‘crush, pound’ < PIt. *pins-e/o-"
*pis-i̯e/o-,1,16,"bruising’ < PIIr. *paisˇ-; Gk. πτίσσω ‘grind, winnow’ < PGk. *pis-i̯e/o-; Lith. paisýti ‘beat"
*plH-eh₂-.,1,17,"collective suffix. Gk. πάλη ‘fine flour, dust’ appears to continue *plH-eh₂-. In addition, Alb."
*plH-ei-eh₂-,1,17,"found. Lat. palea f. ‘chaff, dross, straw’ can be taken back to PIt. *palejā- < *plH-ei-eh₂-, with a"
*plH-u-,1,16,"grade forms, a zero-grade root variant *plH-u- may possibly have served as the base for Gk."
*plH-u-ós,1,16,"An amphidynamic u-stem *pélH-ou-, *plH-u-ós, can be reconstructed on the basis of Indo-"
*polH-o-,1,25,from *polH-o- ‘field’ [47:288].
*polH-uo-.,1,16,chaff and dust from harvested grain’ < PAlb. *palwa- < *polH-uo-. In addition to these full-
*polVu̯-.,1,16,"*polVu̯-. Alternatively, it can be grouped with ON fǫl n. ‘thin layer of snow’ < *falwa- (whence"
*pol^kéhₐ,1,25,"*polḱ-eh₂- (*pol^kā ‘Gewendetes’ [44:807, 850]; *pol^kéhₐ ‘± fallow land’ [18:200]):? ORu. polosa"
*pol^kā,1,25,"*polḱ-eh₂- (*pol^kā ‘Gewendetes’ [44:807, 850]; *pol^kéhₐ ‘± fallow land’ [18:200]):? ORu. polosa"
*polsa,1,25,"f. ‘strip of land’, Cr. dial. plȁsa f. ‘treeless land’ < PSl. *polsa; OE fealg, MDu. valghe, G Bav."
*polḱ-eh₂-,1,25,"*polḱ-eh₂- (*pol^kā ‘Gewendetes’ [44:807, 850]; *pol^kéhₐ ‘± fallow land’ [18:200]):? ORu. polosa"
*polḱk-eh2-,1,29,*polḱk-eh2-
*porkā,1,25,"f. ‘furrow’, OHG furh, furuh f. ‘furrow’ < PGm. *furh-; Lat. porca f. ‘furrow’ < PIt. *porkā;"
*pou-io-,1,21,"adduce Alb. pah m. ‘flour, chaff, dust’ < *pouH-sk-o- (not *pou-io- [187:47]), possibly derived"
*pouH-,1,21,"attests a causative(-iterative?) formation, i.e. OHG fewen, fouwen ‘sift (ashes, dust)’ < *pouH-"
*pouH-sk-o-,1,21,"adduce Alb. pah m. ‘flour, chaff, dust’ < *pouH-sk-o- (not *pou-io- [187:47]), possibly derived"
*pra(ś)a-,1,21,†*proḱ-so- (?*pro^kom [19:81]): ToB proksa pl. ‘?’; OPru. prassan ‘millet’ < PWB *pra(ś)a- (if
*proso,1,21,"not < Sl.); OCS proso, Ru. próso, SCr. prȍso n. ‘millet’ < PSl. *proso"
*proḱk-so-,2,21,The Tocharian and Balto-Slavic forms have been connected through a protoform *proḱk-so-
*pr̥^kā,1,25,"*prḱ(-eh₂)- (*pr̥^kā ‘Furche’ [44:821]; *pŕ̥^kehₐ [18:215]): ON for f. ‘rivulet; mud’, OE furh, fyrh"
*prḱ(-eh₂)-,1,25,"*prḱ(-eh₂)- (*pr̥^kā ‘Furche’ [44:821]; *pŕ̥^kehₐ [18:215]): ON for f. ‘rivulet; mud’, OE furh, fyrh"
*puH-ro-,7,21,"*puH-ro- (*pū-ro- ‘Korn(frucht)’ [44:850]; *puHₓrós [18:639]; *pūrós [19:190]): Gk. πῡρόB, pl."
*puH-sk-e/o-.,1,21,"from a secondary sk-present *puH-sk-e/o-. In the West European centum languages, Germanic"
*puHₓrós,1,21,"*puH-ro- (*pū-ro- ‘Korn(frucht)’ [44:850]; *puHₓrós [18:639]; *pūrós [19:190]): Gk. πῡρόB, pl."
*puʔra-,1,21,"‘winter wheat’, Latv. pùr̨i m.pl. ‘winter wheat’ < PB *puʔra-; CS pyro n. ‘spelt’, SCr. pȉr m."
*puʔra-.,1,21,"PB *puʔriaʔ-, likely derived from the same base *puʔra-. A similarly secondary formation"
*puʔriaʔ-,1,21,"PB *puʔriaʔ-, likely derived from the same base *puʔra-. A similarly secondary formation"
*pyro,1,21,"‘spelt’ < PSl. *pyro, *pyrъ"
*pyrъ,1,21,"‘spelt’ < PSl. *pyro, *pyrъ"
*pyrьjь,1,21,"*pyrьjь, derived with a suffix *-iHo-, exists in Slavic, cf. Ru. pyréj, Pol. perz m. ‘couch grass’."
*pèlva,1,16,"SCr. pljȅva f. ‘chaff’ < PSl. *pèlva;? Lat. pulvis, -eris n. ‘dust, powder’ < PIt. *pe/olou̯ -"
*pélH-ou-,1,16,"An amphidynamic u-stem *pélH-ou-, *plH-u-ós, can be reconstructed on the basis of Indo-"
*pŕ̥^kehₐ,1,25,"*prḱ(-eh₂)- (*pr̥^kā ‘Furche’ [44:821]; *pŕ̥^kehₐ [18:215]): ON for f. ‘rivulet; mud’, OE furh, fyrh"
*pū-ro-,1,21,"*puH-ro- (*pū-ro- ‘Korn(frucht)’ [44:850]; *puHₓrós [18:639]; *pūrós [19:190]): Gk. πῡρόB, pl."
*pūro-,1,21,πῡροί m. ‘wheat’ (whence Ge. ṗuri ‘bread’ [183:190]) < PGk. *pūro-; Lith. pūraĩ m.pl.
*pūrós,1,21,"*puH-ro- (*pū-ro- ‘Korn(frucht)’ [44:850]; *puHₓrós [18:639]; *pūrós [19:190]): Gk. πῡρόB, pl."
*pьsˇeno,1,16,"let’, Sln. pšénọn. ‘peeled grain, millet’ < PSl. *pьsˇeno; OHG fesa f. ‘chaff’ < PGm. *fisōn-;"
*rikī/i̯o-,1,22,"the meaning ‘rye’. The British word may derive from divergent *rikī/i̯o- or *rukī/i̯o-, if not bor-"
*ruggan-,1,22,"roggo, OHG rocko m. ‘rye’ < *ruggan-; MW ryc, W rhyg m. ‘rye’ <? PC *rukī/i̯o-"
*rugh-i-,1,29,*rugh-i-
*rughis,3,21,"*rugʰ-i- (*rughi̯o- ‘Roggen’ [44:874]; *rughis [18:8, 432, 490]; *rughis / *rughyos [19:110–1];"
*rughi̯o-,1,21,"*rugʰ-i- (*rughi̯o- ‘Roggen’ [44:874]; *rughis [18:8, 432, 490]; *rughis / *rughyos [19:110–1];"
*rughyo-,1,21,"*rughis ~ *rughyo- ‘rye’ [135:164]): Lith. rugiaĩ, Latv. rudzi m.pl. ‘rye’, OPru. EV rugis"
*rughyos,1,21,"*rugʰ-i- (*rughi̯o- ‘Roggen’ [44:874]; *rughis [18:8, 432, 490]; *rughis / *rughyos [19:110–1];"
*rugi-,2,21,"‘Rocke’ < PB *rugi-; ORu. rъžь, Cz. rež, SCr. rȃž f. ‘rye’ < PSl. *rьzˇь; Proto-Permic *ruʒ́äg"
*rugʰ-i-,2,21,"*rugʰ-i- (*rughi̯o- ‘Roggen’ [44:874]; *rughis [18:8, 432, 490]; *rughis / *rughyos [19:110–1];"
*rukī/i̯o-,2,22,"roggo, OHG rocko m. ‘rye’ < *ruggan-; MW ryc, W rhyg m. ‘rye’ <? PC *rukī/i̯o-"
*ruǰa/ika-(?),1,22,"PIr. *ruǰa/ika-(?); ON rugr m. ‘rye’, OE ryge m. ‘rye’ < PGm. *rugi-; OFri. rogga, OS"
*ruǰaka-,1,22,"fix *-äg, these have been adduced to substantiate a Proto-Iranian form *ruǰaka- or *ruǰika-"
*ruǰika-,1,22,"fix *-äg, these have been adduced to substantiate a Proto-Iranian form *ruǰaka- or *ruǰika-"
*ruȷ̌ika-,1,22,"66; 190:876–7], adduced to substantiate PIIr. *ruȷ̌ika-, rather continue *rārza- [104:283;"
*ruʒ́äg,1,21,"‘Rocke’ < PB *rugi-; ORu. rъžь, Cz. rež, SCr. rȃž f. ‘rye’ < PSl. *rьzˇь; Proto-Permic *ruʒ́äg"
*ruʒ́äg.,1,22,"ruʒ́e̮g, Udm. ʒ́eg, dial. ʒ́iźek, which appear to continue Proto-Permic *ruʒ́äg. In view of the suf-"
*rārza-,1,22,"66; 190:876–7], adduced to substantiate PIIr. *ruȷ̌ika-, rather continue *rārza- [104:283;"
*r̥,1,7,the problem can be resolved by assuming that syllabic *r̥ did not cause depalatalization
*rϕ,1,18,"ond, full-grade formation *serp-eh₂-. The change PC *rϕ > rr is unconfirmed, however"
*rьzˇь,1,21,"‘Rocke’ < PB *rugi-; ORu. rъžь, Cz. rež, SCr. rȃž f. ‘rye’ < PSl. *rьzˇь; Proto-Permic *ruʒ́äg"
*s,1,42,Matasović R. The etymology of Latin focus and the devoicing of final stops before *s in Proto-Indo-
*sHdʰ-ie/o-.,1,17,with Ved. sidhyati ‘succeeds’ < *sHdʰ-ie/o-.
*sagetlā,1,25,"gl. stipa, W haeddel f., MBret. haezl, MoBret. hael ‘plow handle’ < PBr. *sagetlā <? PC"
*sarfa-,1,17,"Du. obs. zerp adj. ‘severe, sharp’ < PGm. *sarpa- (not *sarfa- [pace 44:911–2] < *sorp-nó-"
*sarpa-,1,17,"Du. obs. zerp adj. ‘severe, sharp’ < PGm. *sarpa- (not *sarfa- [pace 44:911–2] < *sorp-nó-"
*sas(H)a-,1,17,"‘pertaining to grain’ < *sas(H)i̯a-; Skt. sasá- n.(?) ‘corn-field, corn’ < *sas(H)a-; W haidd,"
*sas(H)i̯a,1,17,"2]; *ses(i)o- ‘± grain’ [10]): Skt. sasyá- n. ‘corn, grain’ < PIIr. *sas(H)i̯a; YAv. hahiia- adj."
*sas(H)i̯a-,1,17,"‘pertaining to grain’ < *sas(H)i̯a-; Skt. sasá- n.(?) ‘corn-field, corn’ < *sas(H)a-; W haidd,"
*sas-i̯o-,1,17,alternative reconstructions *sas-i̯o- [44:880; 104:23] and *sh₁s-io- [21:57] appear to be primar-
*sasa-,1,17,and thus presupposes PIIr. *sasa- < PIE *ses-o- [155] or *se-sh₁-o- [156:180]. A formal resem-
*sasia,2,17,"Italy. The term has been emended to *sasia, so as to compare it to alleged Proto-Celtic *sasi̯o-"
*sasi̯o-,2,17,"*se-sh₁-io- (*sasi̯o- ‘Feldfrucht’ [44:880]; *ses(i̯)ó- ‘grain, fruit’ [18:236]; *sᵉsyā, *sᵉsyom [19:41–"
*sasi̯ā,1,17,and the double ss implied by the Occitan material can be explained neither from PC *sasi̯ā nor
*sassia.,1,17,"and some Occitan words including Cat. xeixa, Val. seixa ‘white wheat’ < PRom. *sassia. How-"
*saǵʰ-,1,25,require an onset *saǵʰ- while the Greek requires *seǵʰ-. Pokorny offers a now-obsolete PIE
*sd,2,7,"PIE *sd [70:145, 149], in which case drithë may straightforwardly be derived from PAlb."
*sdʰ,1,7,"*drisdā < *ǵʰrsd-eh₂-. Alternatively, we can assume that *sd and *sdʰ both became dh, but that"
*se-sh₁-io-,3,17,"*se-sh₁-io- (*sasi̯o- ‘Feldfrucht’ [44:880]; *ses(i̯)ó- ‘grain, fruit’ [18:236]; *sᵉsyā, *sᵉsyom [19:41–"
*se-sh₁-o-,1,17,and thus presupposes PIIr. *sasa- < PIE *ses-o- [155] or *se-sh₁-o- [156:180]. A formal resem-
*se-sh₁-o-.,1,27,"cognates such as Hitt. šēša-, which cannot regularly be derived from *se-sh₁-o-. It is particularly"
*se^ghedhlā,1,25,*seg´ʰ-e-tleh₂- (*se^ghedhlā [44:888–9]): Gk. ἐχέτλη f. ‘plow handle’ < PGk. *sekʰetlā; OW edil
*segetlā,1,25,*segetlā
*seg´ʰ-e-tleh₂-,1,25,*seg´ʰ-e-tleh₂- (*se^ghedhlā [44:888–9]): Gk. ἐχέτλη f. ‘plow handle’ < PGk. *sekʰetlā; OW edil
*seg´ʰ-e-tleh₂-).,1,6,"> PBr. *a before *ge, *gi [51:134–41] (see under *seg´ʰ-e-tleh₂-)."
*seh1-,2,3,*seh1- ‘sow’
*seh₁-,3,17,"formation to the root *seh₁- ‘sow’, extended with the collective io-suffix. If correct, the underly-"
*seh₁-li-,1,26,"*seh₁-li- [75:743–4; 207:541], the meaning ‘sow’ must already have been present in Indo-Ana-"
*seh₁-men-,1,26,"*seh₁-men- (*sē-men- ‘Samen’ [44:889–91]; *seh₁mn̥ [19:118]): Lith. sėmenys pl. ‘linseed’,"
*seh₁mn̥,1,26,"*seh₁-men- (*sē-men- ‘Samen’ [44:889–91]; *seh₁mn̥ [19:118]): Lith. sėmenys pl. ‘linseed’,"
*sekʰetlā,1,25,*seg´ʰ-e-tleh₂- (*se^ghedhlā [44:888–9]): Gk. ἐχέτλη f. ‘plow handle’ < PGk. *sekʰetlā; OW edil
*selk-,3,26,"Two formations in the European centum languages derived from the root *selk- ‘draw’, cf."
*serp-,4,17,"*srp-o/eh₂- (*serp- ‘Sichel, krummer Haken’ [44:911–2]; *sŕ̥po/ehₐ- ‘sickle’ [18:8]; *srpo/eh₂-"
*serp-eh₂-.,1,18,"ond, full-grade formation *serp-eh₂-. The change PC *rϕ > rr is unconfirmed, however"
*sers-eh₂-,1,18,"tially cognate with or even borrowed from Lat. serra f. ‘saw’ < *sers-eh₂-, cf. Lat. sar(r)iō ‘hoe,"
*sersā,1,18,"[160:154b; 161:389], and the Old Irish word can alternatively be derived from *sersā, poten-"
*serϕā,1,18,"In addition, OIr. serr f. ‘sickle’ is often derived from PC *serϕā, which would continue a sec-"
*ses(i)o-,1,17,"2]; *ses(i)o- ‘± grain’ [10]): Skt. sasyá- n. ‘corn, grain’ < PIIr. *sas(H)i̯a; YAv. hahiia- adj."
*ses(i)o´s,1,3,*ses(i)o´s ‘± grain’
*ses(i̯)ó-,1,17,"*se-sh₁-io- (*sasi̯o- ‘Feldfrucht’ [44:880]; *ses(i̯)ó- ‘grain, fruit’ [18:236]; *sᵉsyā, *sᵉsyom [19:41–"
*ses-io-,2,17,A reconstruction *ses-io- has been proposed on the basis of Celtic and Indo-Iranian. The
*ses-o-,1,17,and thus presupposes PIIr. *sasa- < PIE *ses-o- [155] or *se-sh₁-o- [156:180]. A formal resem-
*sesi̯o-,1,17,"Corn. hêth, Bret. heiz ‘barley’ < PC *sesi̯o-"
*se¯man-,1,26,‘seed’ < PGm. *se¯man-; Lat. sēmen n. ‘seed’ < PIt. *se¯men-
*se¯men-,1,26,‘seed’ < PGm. *se¯man-; Lat. sēmen n. ‘seed’ < PIt. *se¯men-
*seǵh-e-tleh2-,1,30,*seǵh-e-tleh2-
*seǵʰ-,2,25,"*seǵʰ- ‘hold firmly’ (cf. Gk. ἔχω ‘have, hold’) [180:495]. The Brittonic material appears to"
*seǵʰ-.,1,25,require an onset *saǵʰ- while the Greek requires *seǵʰ-. Pokorny offers a now-obsolete PIE
*seʔ-men-,1,26,"OPru. semen ‘seed’ < PB *seʔ-men-; OCS sěmę n. ‘seed’ < PSl. *seˇmę; OS, OHG sāmo m."
*seˇmę,1,26,"OPru. semen ‘seed’ < PB *seʔ-men-; OCS sěmę n. ‘seed’ < PSl. *seˇmę; OS, OHG sāmo m."
*sh₁-oi-,2,17,"ground)’, cf. Hitt. šai-ⁱ ‘impress, prick’ < *sh₁-oi- [125:504]. If correct, the creation of the for-"
*sh₁s-io-,1,17,alternative reconstructions *sas-i̯o- [44:880; 104:23] and *sh₁s-io- [21:57] appear to be primar-
*sirp(i)a-,1,17,"‘sickle’ [10]): Gk. ἅρπη f. ‘sickle’ < PGk. *sr̥ pā-; Latv. sirpis, sìrps m. ‘sickle’ < PB *sirp(i)a-;"
*slk-,1,28,"ToB sälk- and Gk. ἕλκω, served as the basis for a root noun *slk- ‘furrow; plow’ in Germanic"
*solk-o-,2,26,"*solk-o- (*solko-s ‘Zug’ [44:901]): Gk. ὁλκόB m. ‘hauling-engine; furrow, track; ditch, channel’"
*solko-,1,26,< *holko-; Lat. sulcus m. ‘furrow’ < PIt. *solko-
*solko-s,1,26,"*solk-o- (*solko-s ‘Zug’ [44:901]): Gk. ὁλκόB m. ‘hauling-engine; furrow, track; ditch, channel’"
*sorp-nó-,1,17,"Du. obs. zerp adj. ‘severe, sharp’ < PGm. *sarpa- (not *sarfa- [pace 44:911–2] < *sorp-nó-"
*sper-,5,26,"This formation, clearly derived from the PIE root *sper-, appears shared between Greek and"
*spor-eh₂-,2,26,"*spor-eh₂- (*sporáH₂ [19:119]): Gk. σπορά f. ‘seed’; Alb. farë f. ‘seed, sperm’ < PAlb. *farā"
*sporáH₂,1,26,"*spor-eh₂- (*sporáH₂ [19:119]): Gk. σπορά f. ‘seed’; Alb. farë f. ‘seed, sperm’ < PAlb. *farā"
*spr,1,17,"root of this formation appears to be metathesized from *spr ‘cut the hair, shave’ [159]."
*sr-niH-,1,18,"Finally, the frequently compared Skt. sr̥ṇī́-, sŕ̥ṇī- f. ‘sickle’ < *sr-niH- cannot be accepted as a"
*srp-a-,1,18,"ited from Proto-Indo-Iranian *srp-a-, but rather borrowed from Slavic [88:IV, 242; 142:8–9]."
*srp-ie-,1,17,"prune’. This root is also found in Lat. sarp(i)ō ‘cut off, trim, prune’ < *srp-ie-, apparently with"
*srp-o/eh₂-,3,17,"*srp-o/eh₂- (*serp- ‘Sichel, krummer Haken’ [44:911–2]; *sŕ̥po/ehₐ- ‘sickle’ [18:8]; *srpo/eh₂-"
*srpo/eh2-,1,3,*srpo/eh2- ‘sickle’
*srpo/eh₂-,1,17,"*srp-o/eh₂- (*serp- ‘Sichel, krummer Haken’ [44:911–2]; *sŕ̥po/ehₐ- ‘sickle’ [18:8]; *srpo/eh₂-"
*sr̥,1,17,"‘sickle’ [10]): Gk. ἅρπη f. ‘sickle’ < PGk. *sr̥ pā-; Latv. sirpis, sìrps m. ‘sickle’ < PB *sirp(i)a-;"
*suar-,1,22,"derived from the Iranian root *hvar-, cf. YAv. xvar- ‘consume, eat’ < PIIr. *suar-, which is not"
*sueh₂-reh₂-,1,22,"Witczak reconstructs (the equivalent of) *sueh₂-reh₂- ~ *suh₂-reh₂- for Baltic, but we are"
*suh₂-reh₂-,1,22,"Witczak reconstructs (the equivalent of) *sueh₂-reh₂- ~ *suh₂-reh₂- for Baltic, but we are"
*sulh-.,1,26,"an isolated root noun in Germanic, viz. OE sulh f. ‘furrow; plow’ < PGm. *sulh-. The semantic"
*swaH₂-raH,1,22,"†*su(e)h₂-ro/eh₂- (*swaH₂-raH [19:79–81]): Oss. I xor ‘grain, barley’, D xwar ‘grain, millet’;"
*sævær,1,22,"and a hypothetical Ossetic *sævær [88:III, 306]. If Yazg. šebar ‘Alpine sedge (Carex nivalis)’ is"
*sē-men-,1,26,"*seh₁-men- (*sē-men- ‘Samen’ [44:889–91]; *seh₁mn̥ [19:118]): Lith. sėmenys pl. ‘linseed’,"
*sŕ̥po/ehₐ-,1,17,"*srp-o/eh₂- (*serp- ‘Sichel, krummer Haken’ [44:911–2]; *sŕ̥po/ehₐ- ‘sickle’ [18:8]; *srpo/eh₂-"
*sǵhe´dhlā.,1,44,"Hamp EP. Indo-European *sǵhe´dhlā. In: Lubotsky A, Schaeken J, Wiedenhof J, Siebinga S, editors."
*sǵʰ-e-,1,26,departs from a *sǵʰ-e- that received a ‘prop vowel’ and independent vocalization with *e in
*sьrpъ,1,17,"SerbCS srъpъ, Ru. serp, gen. serpá, Pol. sierp, SCr. sȓ p m. ‘sickle’ < PSl. *sьrpъ"
*sᵉsyom,1,17,"*se-sh₁-io- (*sasi̯o- ‘Feldfrucht’ [44:880]; *ses(i̯)ó- ‘grain, fruit’ [18:236]; *sᵉsyā, *sᵉsyom [19:41–"
*sᵉsyā,1,17,"*se-sh₁-io- (*sasi̯o- ‘Feldfrucht’ [44:880]; *ses(i̯)ó- ‘grain, fruit’ [18:236]; *sᵉsyā, *sᵉsyom [19:41–"
*sₑǵʰ-,1,25,reconstruction whereby a reduced vowel *sₑǵʰ- was vocalized into *a in Celtic [44:889]. Hamp
*t.,1,9,quent variant ḫattar rather mandates a protoform with *t. An alternative connection has
*tarwō-,1,6,"*tarwō-; Gaul. *drāuā (>> Fr. droue ‘darnel’), Gallo-Lat. dravoca (>> Du. dravik), W"
*terwō-,1,6,"growing in grainfields’, MDu. tarwe, terwe c. ‘wheat’, Du. tarwe ‘wheat’ < PGm. *terwō- or"
*tk,1,13,"of *tk > kk [140:230]. The Germanic form, usually reconstructed as *agiþō-, can be derived"
*tānā-,1,6,"<? PTo. *tānā-; Skt. dhānā́ḥf.pl. ‘roasted grains’, Khot. dānā- ‘grain, (sesame, grape)"
*tḱkop-ero-.,1,22,"connecting the Germanic and Iranian words, through a protoform *tḱkop-ero-. If the Asian"
*uegʷʰ-,1,26,"A well-known European word, possibly derived from a root *uegʷʰ- [44:1179–80] as appar-"
*uers-,3,18,"*uers- (*u̯ers- ‘am Boden schleifen’ [44:1169–70]; *u̯ers- ‘thresh’ [18:8, 581]; *wers- ‘thresh’"
*uogwh-(m)nis-,1,30,*uogwh-(m)nis-
*uogʷʰ-(m)nis-,1,26,"*uogʷʰ-(m)nis- (*u̯ogʷhni-s, *u̯ogʷhnes- ‘Pflugschar’ [44:1179–80]): Gk. Hes. ὀφνίB ‘plow-"
*uogʷʰ-eh₂-,1,26,"ently found in Lith. vagà f. ‘groove, furrow; patch of arable land’ < *uogʷʰ-eh₂- and ON veggr,"
*uogʷʰ-io-,1,26,"OE wecg, OHG wecki ‘wedge’, Lith. vãgis, Latv. vadzis ‘peg; wedge’ < *uogʷʰ-io- [44:1179–80;"
*ut-phālayati,1,25,ʻwinnowʼ < *ut-phālayati [133:84].
*u̯,2,18,"[10]): Hitt. u̯arš-ⁱ ‘sweep, wipe; pluck, harvest’ < PAn. *u̯ a/ors-; ON vǫrr m. ‘pull of the oar’"
*u̯ers-,2,18,"*uers- (*u̯ers- ‘am Boden schleifen’ [44:1169–70]; *u̯ers- ‘thresh’ [18:8, 581]; *wers- ‘thresh’"
*u̯ogʷhnes-,1,26,"*uogʷʰ-(m)nis- (*u̯ogʷhni-s, *u̯ogʷhnes- ‘Pflugschar’ [44:1179–80]): Gk. Hes. ὀφνίB ‘plow-"
*u̯ogʷhni-s,1,26,"*uogʷʰ-(m)nis- (*u̯ogʷhni-s, *u̯ogʷhnes- ‘Pflugschar’ [44:1179–80]): Gk. Hes. ὀφνίB ‘plow-"
*varsma-,1,18,"of grain (spread out for threshing)’ < PEB *varsma-; RuCS vresti (vьrxu) ‘thresh, SCr."
*vatnas),1,27,share’ (< *vatnas) would be most easily explained as a loan from Baltic [211].
*versti,1,18,"vrijȇći (vŕšem) ‘thresh’ < PSl. *versti (vьrxǫ); RuCS vrachъ m. ‘threshing’, Ru. vóroch m."
*vizˇiā̆,1,19,"Latv. àuza f. ‘id.’ < PEB *avizˇaʔ-; OPru. wyse ‘oats’ < PWB *vizˇiā̆ -; Ru. ovës ‘id.’, SCr. òvas"
*vižiā̆-,1,19,"continue PWB *vižiā̆-, without the initial vowel that is observed in the other forms. Given"
*vorxъ,1,18,‘pile of grain’ < PSl. *vorxъ
*wagnV-,1,26,share; plow’ < PGk. *u̯ okʷʰ(s)ni(s)-; OPru. wagnis or wagins ‘coulter’ < PB *wagnV-; ON
*wagnisan-,1,26,"vangsni, OHG waganso, wagi(n)so m. ‘plowshare’ < PGm. *wagnisan-; Lat. vōmer m. ‘coul-"
*wagnisan-.,1,27,"continue *wagnisan-. OHG waganso, on the other hand, was probably influenced by alansa f."
*wain-eśta-).,1,14,"*-eśta- was added (cf. vresht m. ‘vinyard’ < PAlb. *wain-eśta-). Except for in Cypriote, a rather"
*warzu-,1,18,"< PGm. *warzu-; Lat. verrō, -ere ‘scrape, sweep, brush’ < PIt. *wers-; Latv. vā̀rsms m. ‘layer"
*wers-,3,3,*wers- ‘thresh’
*wešnä,1,20,*wešnä vs Ma. wištə < *wäšnä [cf. 174:157].
*winnowing?),1,24,"‘shake’ < *kʷh₂t-ie- [168:1155], and potentially Lat. quālus m. ‘wicker (*winnowing?) basket’,"
*woχʷ-(s)mis-(?),1,26,"ter, plowshare’ < PIt. *woχʷ-(s)mis-(?)"
*wäšnä,1,20,*wešnä vs Ma. wištə < *wäšnä [cf. 174:157].
*yewH₁,1,12,*(H)ieu(H)- (*i̯eu̯o- [44:512]; *i̯éu̯os ~ *i̯éu̯om ‘grain (particularly barley?)’ [18:236]; *yewH₁
*ye´wos,1,3,"*ye´wos ‘±grain,? barley,? wheat’"
*yéwos,1,12,"[19:43–4, 54]; *yéwos ‘± grain,? barley,? wheat’ [10]): Hitt. ewa(n)- n. ‘type of grain; por-"
*yəp-,1,12,tive?) formation *(H)ieu(H)-ieh₂-. The previously included ToB yap < PTo. *yəp- [18:236;
*zobъ,1,22,"conspicuously close to Hung. zab ‘oats’, itself a borrowing from Sl. *zobъ [194:159]. It there-"
*zˇirʔni(o)-,1,7,"PIIr. *j́rH-na(-ka)-(?); Lith. žìrnis, Latv. zir̃nis m. ‘pea’, OPru. syrne ‘grain’ < PB *zˇirʔni(o)-"
*zˇьrny,1,8,*zˇьrny
*zьrno,1,7,"; OCS zrъno, Ru. zernó, SCr. zȑno n. ‘grain’ < *zьrno; Go. kaurn n. ‘grain, seed, wheat’ <"
*æ,1,26,"tonic sound law PC *e > (*æ >) PBr. *a before *ge, *gi [51:134–41]."
*ā,2,14,"*ā is more attractive. A variant with *a does seem to be present in MP sbz, spz, NP sabz ‘green,"
*ādu-,2,9,"nate *ādu-, potentially found in the month name ādukainaiša, further appears to have been"
*ādu-.,1,40,Hamp EP. Once again Iranian *ādu-. Transactions of the Philological Society. 1973; 72:137.
*ālu-,1,3,*ālu- ‘esculent root’
*ātakā-,2,13,"row’ <? PIr. *ātakā-; Lith. akė́čios, dial. ekė́čios f.pl. ‘harrow’, Latv. ecê(k)šas f.pl. ‘harrow’,"
*ātəyā-,1,9,"therefore been proposed with ToA āti, ToB ātiyo* n. ‘grass’ < PTo. *ātəyā- < *h₂et-u-ieh₂-,"
*ă,2,14,"*ă in open syllables yields Psht. a or Ø depending on the accent [146:176], a reconstruction with"
*ć,1,22,"view of Khot. ṣavara- ‘a green plant’, whose ṣcannot reflect PIIr. *ć [104:283]. Neither of these"
*ć(sˇ)ā̆,1,22,"zabar ‘avena’ <? PIIr. *ć(sˇ)ā̆ para-; ON hafri, OS haƀoro, OHG habaro, haparo m. ‘oats’ <"
*ćapa-,1,14,"der grass’ [81:73]. This form has previously been derived from *ćapa- [104:283], but since PIr."
*ćapaka-,1,14,ated to a formation *ćapaka- for which Bact. σαβαγο ‘crop’ < *ćā̆pā̆kā̆- may be compared
*ćapara-,1,22,"fore is an exceptionally small basis for postulating a Proto-Indo-Iranian protoform *ćapara-,"
*ćapači(H)a-,1,14,"fresh’. This adjective has been interpreted as continuing *ćapačya- or *ćapači(H)a-, possibly cre-"
*ćapačya-,1,14,"fresh’. This adjective has been interpreted as continuing *ćapačya- or *ćapači(H)a-, possibly cre-"
*ćapačī-,1,14,"sian derivation sabzī ‘greenness, verdure, vegetable’, started out as a noun, continuing *ćapačī-"
*ćiā̆parā̆-,1,22,"related, we must instead reconstruct PIIr. *ćiā̆parā̆- [195:301], or perhaps rather *ćšāpara- in"
*ćāpa-,3,14,"sēpc ‘cultivated field’ < PIIr. *ćāpa-; Gk. κῆποB, Dor. κᾶποB m. ‘plot of land, garden, plan-"
*ćā̆pā̆kā̆-,1,14,ated to a formation *ćapaka- for which Bact. σαβαγο ‘crop’ < *ćā̆pā̆kā̆- may be compared
*ćšāpara-,1,22,"related, we must instead reconstruct PIIr. *ćiā̆parā̆- [195:301], or perhaps rather *ćšāpara- in"
*čar(H)as-,1,14,form *čar(H)as- rather than *kar(H)as-.
*ž,1,15,"*miǵʰ-so- [93:129]. Unfortunately, the implied cluster *-ǵʰs- > PIr. *j́ʰž > *ž does not regularly"
*ž.,1,15,"nian language in which *j́(ʰ)i̯ > *ž. In conclusion, this etymology is plagued by many formal"
*ǰ.,1,8,"[78:47] cannot be maintained, since ʒ can only go back to PIIr. *ǰ."
*ǵerH-,3,8,"Etymologically, *ǵrH-no- can be derived from the root *ǵerH- ‘crumble, scatter’. Tradition-"
*ǵerH-n-on-.,1,8,"m. ‘core, kernel’ < PGm. *kernan- < *ǵerH-n-on-. Finally, a verbal attestation can be seen in"
*ǵerh₂-,2,8,"ally, this root has been equated with *ǵerh₂- ‘age, mature’, cf. Skt. járⁱ ‘age’, OCS zьrěti ‘ripen’,"
*ǵhel-,1,7,?*g´ʰolH-o- (*^ghel- 2 ‘schneiden’?? [44:434];? *ǵhel- ‘plow’ [18:435]; *gʰel- ‘plough’ [10])
*ǵhelH-,1,29,*ǵhelH-
*ǵhersd-,1,29,*ǵhersd-
*ǵhresdhi-,1,3,*ǵhresdhi- ‘± grain’
*ǵhreud-,1,29,*ǵhreud-
*ǵi̯,1,15,"larly reflect *ǵʰs or *ǵi̯, it can only be maintained as a loan from unattested Sogd. *myjwk(h)"
*ǵrH-no-,9,7,"*ǵrH-no- (*^gr̥-nóm [44:390–1]; *^grhₐnóm ‘grain’ [18:236]; *^gr̥Hnóm [19:43, 116–7]; *^grhₐnóm"
*ǵrH-ro-,1,8,"*glāro- < *ǵrH-ro- ‘grainy’ [83:I, 605–6]. More straightforward cognates exist in Celtic and"
*ǵrH-u-no-,1,19,cize. The alternative derivation from *ǵrH-u-no- [69:278–9] finds no support outside
*ǵrH-ueh₂-,1,8,"grève f. ‘riverbank, shore’, Cat. grava f. ‘gravel’) < *ǵrH-ueh₂- [84] and ON kjarni, OHG kerno"
*ǵrhano´m,1,3,"*ǵrhano´m ‘± grain,? barley’"
*ǵʰ(e)rs(d)-,1,7,"*ǵʰ(e)rs(d)- (*^gherzd(h), Gen. *^ghr̥zd(h)-es; ^gherzdā [44:446]; *^gʰresdʰ(i), gen. *^gʰrsdʰós ‘bar-"
*ǵʰ(e)rsd-.,1,31,must at least admit the cereal term *(H)ieu(H)- and perhaps *ǵʰ(e)rsd-. For the core Indo-
*ǵʰel-,1,7,"On the basis of Skt. hala- ‘plow’ and Arm. jlem ‘make furrows’, a verbal root *ǵʰel- ‘plow’"
*ǵʰersd-,1,7,"An element *ǵʰersd- (not *ǵʰersdʰ-) is supported by Italic and Germanic, as well as poten-"
*ǵʰersd-.,2,27,"revision. We have, for instance, modified *ǵʰersdʰ- to *ǵʰersd-. This is the least problematic"
*ǵʰersd-eh₂-,1,7,from a neuter root noun. The Germanic formation implies a preform *ǵʰersd-eh₂- resembling
*ǵʰersdʰ-,1,27,"revision. We have, for instance, modified *ǵʰersdʰ- to *ǵʰersd-. This is the least problematic"
*ǵʰersdʰ-),1,7,"An element *ǵʰersd- (not *ǵʰersdʰ-) is supported by Italic and Germanic, as well as poten-"
*ǵʰolH-o-,1,7,"*ǵʰōl- [61:435]. Even if the reconstruction of a term *ǵʰolH-o- is justified, the involved seman-"
*ǵʰolH-o-.,1,7,"and Arm. joł ‘stick’, i.e. by assuming a potentially shared and inherited o-stem *ǵʰolH-o-. The"
*ǵʰreud-,2,18,"*ǵʰreud- ‘crush’. Within Germanic, the parallel OHG gruzzi n. ‘grits’, G Grütze f.pl. ‘groats’,"
*ǵʰrsd,1,7,"lated to Italic and doubtlessly late. Alb. drithë may continue a paradigm *ǵʰrsd, pl. *ǵʰrsd-eh₂."
*ǵʰrsd-eh₂-.,1,7,"*drisdā < *ǵʰrsd-eh₂-. Alternatively, we can assume that *sd and *sdʰ both became dh, but that"
*ǵʰrsd-eh₂.,1,7,"lated to Italic and doubtlessly late. Alb. drithë may continue a paradigm *ǵʰrsd, pl. *ǵʰrsd-eh₂."
*ǵʰrud-(i)neh₂-,1,19,"if from *ǵʰrud-(i)neh₂- [20], cannot be accepted, as a nasal resulting from *-dn- does not rhota-"
*ǵʰr̥sd-,1,7,"Regarding the Albanian form, one obstacle to deriving drithë from *ǵʰr̥sd- is that palatove-"
*ǵʰs,1,15,"larly reflect *ǵʰs or *ǵi̯, it can only be maintained as a loan from unattested Sogd. *myjwk(h)"
*ǵʰēl-,1,7,"hapax Arm. jlem ‘furrow’, if reliable, would rather presuppose an ablauting variant *ǵʰēl- or"
*ǵʰōl-,1,7,"*ǵʰōl- [61:435]. Even if the reconstruction of a term *ǵʰolH-o- is justified, the involved seman-"
*ȏ,1,11,*ȏ stь
*χalđiz,1,42,"tischen *-i(a)-Adjektive und zur Etymologie von fi. kallis ‘teuer; lieb’, urgerm. *χalđiz ‘eher; lieber’ und"
*χord-ejo-,1,7,sta f. ‘barley’ < PGm. *gerstō-; Lat. hordeum n. ‘barley’ < PIt. *χord-ejo-
*ϑakri-(?),1,20,*kork-o- [17:594]. The occasionally adduced Alb. thekër f. ‘rye’ < PAlb. *ϑakri-(?) is almost
*ϕolkā,1,25,field’  Gaul. *olca < PC *ϕolkā
*ϕrikā,1,25,"Gaul. rica, W rhych f. ‘furrow’ < PC *ϕrikā"
*ḥaraš-,1,12,"potentially comes from Hitt. ḫārš-ⁱ ‘till (the soil)’, which, if not a loan from WSem. *ḥaraš-"
*ḫall-,1,23,"-anna/i- to the etymologically obscure root *ḫall- < *h₂(e)lH- or *h₃(e)lH- [75:271]. If related,"
*ḱker(H)-s-,1,14,"The comparison can be partially saved by reconstructing *ḱker(H)-s- (or *kers- [19:82]), a"
*ḱkerH-,2,14,"then be an s-stem created to the PIE root *ḱkerH- ‘feed’, cf. Gk. κορέννυμι ‘satiate, fill’ <"
*ḱkerH-es-,1,14,"*ḱkorh₁-(?), Lat. Cerēs, -eris f. ‘goddess of grain and fruits’ < *ḱkerH-es-, Lith. šérti ‘feed"
*ḱkerH-o(s)-,1,15,"(animals)’ < *ḱkerH-, Alb. thjer m. ‘acorn’ < *ḱkerH-o(s)- [18:248–9]. However, Hitt. karaš has"
*ḱkop-o-,1,14,"with Skt. śāpa- ‘flotsam’ and Lith. šãpas m. ‘straw’, pl. ‘flotsam’ < *ḱkop-o- [77:II, 629; 144]."
*ḱkop-ro-,2,21,"forms with PGm. *hab(e/a)ran- and Jass. zabar, by metathesis from *ḱkop-ro- [19:81], is for-"
*ḱkorh₁-(?),1,14,"*ḱkorh₁-(?), Lat. Cerēs, -eris f. ‘goddess of grain and fruits’ < *ḱkerH-es-, Lith. šérti ‘feed"
*ḱop-r-,1,22,?*tḱop-ero- (*^k(ó)pr̥ ‘oats’ [19:58; 193]):? Hitt. kappar- ‘greens(?)’ <? PAn. *ḱop-r-;? Jassic
?*bʰar-(e)s-,1,5,"?*bʰar-(e)s- (*bhares- [44:111]; *bʰárs, gen. *bʰarés(o)s? ‘barley’ [18:51]; *bhars- [19:57]; *bʰars"
?*gweu-os-,1,29,?*gweu-os-
?*g´ʰolH-o-,1,7,?*g´ʰolH-o- (*^ghel- 2 ‘schneiden’?? [44:434];? *ǵhel- ‘plow’ [18:435]; *gʰel- ‘plough’ [10])
?*g´ʰrud-o-,1,18,"?*g´ʰrud-o- (*ghrū̆dom [19:119]): Lith. grū́das, Latv. grûds m. ‘grain’ < PB *gruʔda-; OE grotan"
?*gʷ(e)u-s-o-,1,23,"?*gʷ(e)u-s-o- (*gēu-, gəu-, gū- [44:393–8]): Lat. būris, būra f. ‘plow pole’ ? Sab. < PIt."
?*h2eḱk-ti-,1,29,?*h2eḱk-ti-
?*h₂/₃elg´(ʰ)-,1,19,?*h₂/₃elg´(ʰ)- (?*h₂/₃elǵ(h)- ‘grain or millet?’ [18:237];? *h₂/₃elǵ(h)- [135:164]): Hitt. ḫalki- c.
?*h₂/₃elǵ(h)-,1,19,?*h₂/₃elg´(ʰ)- (?*h₂/₃elǵ(h)- ‘grain or millet?’ [18:237];? *h₂/₃elǵ(h)- [135:164]): Hitt. ḫalki- c.
?*h₂ed-o(s)-,1,9,"?*h₂ed-o(s)- (*ades-, *ados- [44:3]; *h₂ed- ‘grain, barley’ [18:273]; *H₂adHor [19:101–3, 117–"
?*h₂eḱ-ti-,1,11,"?*h₂eḱ-ti- (*a^ksti- [44:18–22]; *hₐe^kstí- ‘awn, bristle’ [18:237]; *h₂e^kstí- ‘ear’ [10]):? ToB āśce f."
?*kok-ro-,1,20,?*kok-ro- ~ *kork-io- (*korkri̯o- [44:529]): OGutn. hagri m. ‘oats’ < PGm.? *hagran-; OIr.
?*kwels-,1,29,?*kwels-
?*kʷeh₂t-i-,1,24,"?*kʷeh₂t-i- (?*kʷet- [18:104]):? Gk. Hes. πήτεα ‘bran’; OIr. cáith f. ‘chaff, husks’ < PC *k(ʷ)āti-"
?*kʷels-,1,20,"?*kʷels- (*kʷel-1, *kʷelə- [44:639–40]):? Hitt. gulš-zⁱ ‘carve, engrave’; Skt. karṣ‘pull, drag;"
?*kʷet-,1,24,"?*kʷeh₂t-i- (?*kʷet- [18:104]):? Gk. Hes. πήτεα ‘bran’; OIr. cáith f. ‘chaff, husks’ < PC *k(ʷ)āti-"
?*meig´ʰ-,1,15,"?*meig´ʰ- (*mei^g(h)- ‘barley’ [18:51]; *mei^gʰ- ‘± grain’) [10]: Khot. mäṣṣa-, miṣṣa- ‘field for"
?*ne(h₁)i-uo-,1,24,"?*ne(h₁)i-uo- (*nei-u̯o- [44:311–4; 79:8]): Gk. νειόB f. ‘fallow land’; OCS n’iva, Ru. níva, SCr."
?*perḱk-,1,29,?*perḱk-
?*pro^kom,1,21,†*proḱ-so- (?*pro^kom [19:81]): ToB proksa pl. ‘?’; OPru. prassan ‘millet’ < PWB *pra(ś)a- (if
?*tḱop-ero-,1,22,?*tḱop-ero- (*^k(ó)pr̥ ‘oats’ [19:58; 193]):? Hitt. kappar- ‘greens(?)’ <? PAn. *ḱop-r-;? Jassic
†*h₂eui(ḱ/g´ʰ)s-,1,19,"†*h₂eui(ḱ/g´ʰ)s- (*au̯i^g- ‘Grasart, Hafer’ [44:88]; *hₐeu̯isos [18:7, 409]; *H₂awi^g-i- [19:66];"
†*keres-,1,14,"†*keres- (*^ker-2, ^kerə-, ^krē- [44:577]; *kers [19:82]; *keres- ‘millet’ [10]): Hitt. karaš n. ‘wheat,"
†*mel(H)-i-,1,24,"†*mel(H)-i- (*mél-i-, -n-és [44:718];? *melh₂- [18:383]; *melH-i [19:77]): Lat. milium n. ‘millet’"
†*pano-,1,15,"†*pano- (*pank-, *pang- ‘Bu¨schel der Hirse’ [44:789];? *pano- ~ *paniko/ehₐ- ‘millet’ [18:383];"
†*pano-).,1,11,"cum ‘millet’ from Lat. pānus ‘tuft, ear (of millet)’ (see †*pano-)."
†*proḱ-so-,1,21,†*proḱ-so- (?*pro^kom [19:81]): ToB proksa pl. ‘?’; OPru. prassan ‘millet’ < PWB *pra(ś)a- (if
†*su(e)h₂-ro/eh₂-,1,22,"†*su(e)h₂-ro/eh₂- (*swaH₂-raH [19:79–81]): Oss. I xor ‘grain, barley’, D xwar ‘grain, millet’;"
†*tḱor-iano-,1,23,†*tḱor-iano- (*^kþoryanos [19:99–100]): Arm. cᶜorean ‘wheat’; OIr. tuirenn f. ‘wheat’
└›*h2ed-o(s)-,1,29,└›*h2ed-o(s)-
└›*h2erh3-tro-,1,29,└›*h2erh3-tro-
└›*h2erh3-ur/n-,1,29,└›*h2erh3-ur/n-
└›*h2l(e)h1-ur/n-,1,29,└›*h2l(e)h1-ur/n-
└›*h2loh1-uo/eh2-,1,29,└›*h2loh1-uo/eh2-
└›*p(o)lH-u-,1,29,└›*p(o)lH-u-
└›*pelH-ou-,1,29,└›*pelH-ou-
└›*prḱk(-eh2)-,1,29,└›*prḱk(-eh2)-
└›*puH-ro-,1,29,└›*puH-ro-
└›*se-sh1-io-,1,30,└›*se-sh1-io-
└›*seh1-men-,1,30,└›*seh1-men-
└›*serp-o/eh2-,1,30,└›*serp-o/eh2-
└›*solk-o-,1,30,└›*solk-o-
└›*spor-eh2-,1,30,└›*spor-eh2-
└›*ǵhrud-o(n)-,1,29,└›*ǵhrud-o(n)-
└›?*kweh2t-i-,1,29,└›?*kweh2t-i-
└›?*ǵholH-o-,1,29,└›?*ǵholH-o-
