merged_term	DW0 (Transposit)	narGloss	old1_term	match_type	review_flag	PIE Root	PIE 0	BVS!	DW0 (Actual)	DW1-F	DW1-B	DE	D2	pos	List(s)	CIGBS	Sem.	narEty	narDer	narAttest	narDisc	narNomRoot	narNomDer	conRoot class	conRootUltimate	conDeriv	conEty:	conPlan:	PIE	PIt	PC	PGm	PBl	PSl	Gr.	EDB	AD	dedup_notes	intake_bucket	intake_reason	best_current_id	best_current_lemma	best_current_gloss	best_current_status	best_match_score	top_current_matches	parsed_new_terms	parsed_new_glosses	pos_coarse
-((i)t)amos	-((i)t)amos	superlative adjectival suffiɣ	-((i)t)amos	dw0				FALSE						?																									probable_new_entry	no_match							-itamos	superlative adjectival suffiɣ	
-(i)tā	*-(i)tā			old2_only		*-(i)teh₂		FALSE		-(i)tā																													probable_new_entry	no_match							-itā		
-āks	-āks			old2_only		*-eh₂-k-s		FALSE		-āks																													probable_new_entry	no_match							-āks		
-āsios	-āsios	Forms relational adjectives to nouns; neut. form	-āsios	dw0				FALSE						?				From EAD.							PIE														probable_new_entry	no_match							-āsios	forms relational adjectives to nouns; neut. form	
-ātos	-ātos	Creates denominative possessional or qualitiative adjectives.		old2_only		*-eh₂tos		FALSE		-ātos																													probable_new_entry	no_match							-ātos	creates denominative possessional; qualitiative adjectives	
-ðōts	-ðōts	"de-nominal and de-adjectival agentive suffiɣ, ‘-doer’"	-ðōts	gloss	REVIEW:gloss-match	*dʰéh₁-	*dʰóh₁-t-s	FALSE		"-ðōts, -ðōts, -sōts"	"-ðōts, -ðōts, -sōts"			n. c m/f.				From EAD.																				old-1 form was '-ðōts'	probable_new_entry	low_match	345	duzviros	"ne'er-do-well, bumpkin; criminal, villain, evil-doer"	canonical	1.37	"345:duzviros:ne'er-do-well, bumpkin; criminal, villain, evil-doer (1.37)"	-ðōts	"de-nominal and de-adjectival agentive suffiɣ, -doer"	noun
-ɣis	-ɣis	"‘-thrower, -slinger’"	-ɣis	dw0				FALSE										Since OD.																					probable_new_entry	no_match							-ɣis	"-thrower, -slinger"	
-īnos	-īnos		-īnos	dw0		*-ihₓnos ~ *-ihₓnosi̯o		FALSE																															probable_new_entry	no_match							-īnos		
"-man, -mens"	"-man, -mens"	Creates abstract nouns of concept or result from verbs.	"-man, -mens"	dw0				FALSE						?																									probable_new_entry	no_match							-man; -mens	creates abstract nouns of concept; result from verbs	
"-mēn, -menes"	"-mēn, -menes"	Creates agent nouns from verbs.	"-mēn, -menes"	dw0				FALSE						?																									probable_new_entry	no_match							-mēn; -menes	creates agent nouns from verbs	
-ments	-ments	‘-minded’		old2_only				FALSE		-ments									"ðubraments ‘deep-minded, thoughtful’"																				probable_new_entry	no_match							-ments	-minded	
"-mō, -monam, -(m)nes"	"-mō, -monam, -(m)nes"	Creates agent nouns from verbs.	"-mō, -monam, -(m)nes"	dw0				FALSE						?				From EAD.																					probable_new_entry	no_match							-mō; -monam; -mnes	creates agent nouns from verbs	
-ōks	-ōks		-ōks	dw0				FALSE						?																									probable_new_entry	no_match							-ōks		
-tā			-tā	old1_only	REVIEW:old1-only									n. a f.																									probable_new_entry	no_match							-tā		noun
-tāts	-tāts		-tāts	dw0				FALSE						n. c f.											PIE *-teh₂ts														probable_new_entry	no_match							-tāts		noun
-tos	-tos	Creates deverbal adjectives.; Creates verbal adjectives	-tos	exact		*(Ø)-tós ~ *(Ø)-tósi̯o		FALSE		-tos				?																									probable_new_entry	no_match							-tos	creates deverbal adjectives; creates verbal adjectives	
-tūts	-tūts		-tūts	dw0				FALSE						n. c f.											PIE *-tuhₓts														probable_new_entry	no_match							-tūts		noun
-vos	-vos		-vos	dw0				FALSE						?																									probable_new_entry	no_match							-vos		
!	!	‘guts’	!	dw0				FALSE						?	S-207																								probable_merge	gloss_exact	82	ɣórnā	guts	canonical	6.50	"82:ɣórnā:guts (6.50) | 70:ɣarā́:guts; fortitude, health (5.17)"	!	guts	
!	!	‘turnip’		old2_only				FALSE						?			agric.	"!From D1 rap-, from D0 rap-"																					probable_new_entry	no_match							!	turnip	
"!gāvōn, -s"	"!gāvōn, -s"	"‘workforce, the working class; slavery or state of subjugation’"	"!gāvōn, -s"	dw0				FALSE						n. n n.				"From EAD gaavoor, gaavoons with leveling of the obl. root into the direct cases complete by OD."									vathek												probable_new_entry	no_match							!gāvōn; -s	"workforce, the working class; slavery; state of subjugation"	noun
"!gnōman,"		"‘knowledge, eɣperience’"	"!gnōman,"	old1_only	REVIEW:old1-only									n. c n.				"!From D0 gnooman, a derivation with -man from gno, ‘to know’."																					probable_new_entry	no_match							"!gnōman,"	"knowledge, eɣperience"	noun
adk	adk	‘laurel’	adk	dw0				FALSE						n. a f.			flora	From EAD.									"PIt. *lau(χ)-ro-, “ *dakʷʰ-nā- and *daukʰ-nā-”   dakʷʰ, daukʰ, lau(χ)"												probable_new_entry	no_match							adk	laurel	noun
akmela	akmela	‘hops’	akmela	dw0				FALSE						n. a f.			flora	Since OD.				kum-el- or ku-mel- ?			wanderwort		From Pre-Proto-Germanic per *humelan- EDPG 255 < **kumelo- vel sim from a widely-spread wanderwort.												probable_new_entry	no_match							akmela	hops	noun
akmina	akmina	‘cumin’	akmina	dw0				FALSE						n. o n.			flora	Since OD.	cumnom?			kum-in or ku-min- ?																	probable_new_entry	no_match							akmina	cumin	noun
akros	akros	‘sharp’	akros	exact		*h₂eḱ-	*h₂eḱ-r-ós ~ *h₂eḱ-r-ósio	FALSE		"akros, -om, -ā"		aśruz		adj. a/o		"PIt, PK, PBS"		From EAD.				ak-r																	probable_merge	gloss_exact	10	akús	sharp	canonical	7.50	10:akús:sharp (7.50)	akros	sharp	adj
aksīa	aksīa	‘aɣe’	aksīa	dw0				FALSE						n. a f.				From EAD.				ak-					"Wanderwort per EDL PIt. *h₂eskʷ-ieh₂- and EDPG *h₂egʷ-is-ih₂- or *agwesī-, Gr. *h₂egʷ-si-."	assi < aksi		EDL 59: ascia < *aks-/ask-.	—	*akwesī- < *h₂egʷis-ieh₂-							probable_new_entry	no_match							aksīa	aɣe	noun
akvis	akvis	‘sharp’	akvis	exact				FALSE		"akvis, -i"				adj. i					ak-w-is																				probable_merge	gloss_exact	10	akús	sharp	canonical	7.50	10:akús:sharp (7.50)	akvis	sharp	adj
alaiva	alaiva	‘lark’	alaiva	dw0				FALSE						n. a f.			fauna	From EAD.							wanderwort		Eur. subs. *alaw- ~ *alaiw- ‘lark’			alauda from Gaul.	alawda	"laiwaz, gen. laiwizaz"	laiw- ~ alaw?	laiw- ~ alaw?		"allauda, llaudeta, egazabal"			probable_new_entry	no_match							alaiva	lark	noun
"aliks, alikos"	"aliks, alikos"	‘emmer groats’	"aliks, alikos"	dw0				FALSE						n. c f.			agric.	From EAD.				lik-								"EDL 33: alica “The form and meaning are almost the same as in Gr. ἄλιξ, -κος […] a word of unknown etymology.” EDG 69: ἄλιξ “The nature of the connection with Lat. alica is unknown. A loanword from an unknown language.”"									probable_new_entry	no_match							aliks; alikos	emmer groats	noun
alinna	alinna	‘alder’	alinna	dw0				FALSE						n. a f.		•IGBS	flora	From EAD alisnaa.							Likely wanderwort borrowing into IE dialects.		IELF 110	"alīna, alinna > alna?"		alsnos > Lat. alnus	werno- < PIE(?) werno-	aliso ~ alizō ~ aluz	"alksnis < a/elisaʕ, a/el(i)nio-"	"alisaʔ, elisaʔ, al(i)snio, el(i)snio"					probable_merge	partial_gloss	12	álizos	alder (tree)	canonical	3.25	12:álizos:alder (tree) (3.25)	alinna	alder	noun
alliom	alliom	‘garlic’	alliom	dw0				FALSE						n. o n.			flora	From EAD adliom and agliom. implying a borrowing after intensive contact with the donor language (vs. wanderwort with a single form).				"adl- ~ agl- < 
a-dVl- ~ a-gVl- ?"								EDL 33: ālium > allium. Kroonen JIES 40: Borrowing of Pre-Greek adl-ĩd- possible.									probable_new_entry	no_match							alliom	garlic	noun
alma	alma	‘elm (tree)’	alma	dw0				FALSE						n. a f.			flora	From LAD.				alm- < a-lVm- ?							borrowing	EDL 637: ulma < *e/olmo-.									probable_new_entry	low_match	116	kalnós	holly (tree)	unresolved	1.92	116:kalnós:holly (tree) (1.92) | 12:álizos:alder (tree) (1.92) | 137:kozlos:hazel (tree) (1.92) | 239:salikā:willow (tree) (1.92) | 322:βergós:birch (tree) (1.92)	alma	elm (tree)	noun
alsika	alsika	‘larch (tree)’	alsika	dw0				FALSE						n. c f.			flora	From EAD.				lVs : a-lVs-ik-																	probable_new_entry	low_match	116	kalnós	holly (tree)	unresolved	1.92	116:kalnós:holly (tree) (1.92) | 12:álizos:alder (tree) (1.92) | 137:kozlos:hazel (tree) (1.92) | 239:salikā:willow (tree) (1.92) | 322:βergós:birch (tree) (1.92)	alsika	larch (tree)	noun
ampinðā	anpinðā	‘catnip’	ampinða	gloss	REVIEW:gloss-match	**nep-	**h₂e-n(e)p-indʰ-	FALSE	ampinðā	ampinðā	ampinðā	—		n. a f.			flora	From LAD.				a-nep-inð-					"Pre-Greek per EDG 1,010 νέπετος < *νεπετα transformed by a-prefiɣing as proposed by Beekes, Kroonenm, et al."											old-1 form was 'ampinða'	probable_new_entry	no_match							ampinðā; ampinða	catnip	noun
andrea		"‘woman of status, lady’"	andrea	old1_only	REVIEW:old1-only									n. a f.				From LAD.				a(n)-dre-					"Vasconic per EDB 93: andere, ‘id’."												probable_merge	partial_gloss	95	gvénā	woman	canonical	2.58	95:gvénā:woman (2.58) | 96:gvénī:lady (woman of moral or social standing) (2.00) | 149:leuðertā:freed-woman (1.67)	andrea	"woman of status, lady"	noun
atnos	atnos	‘year’	atnos	exact		h₂ét-nos		FALSE		atnos	atnos	atnos		n. o m.	"S-207, SY"	"PIt, PGm"		From EAD.				at-no-s or atn-os ?					Cognates in PIt and PGer.												probable_merge	gloss_exact	307	vétos	year	canonical	7.50	307:vétos:year (7.50)	atnos	year	noun
austeros	austeros	‘east’	austeros	dw0				FALSE						n. o m.																									probable_new_entry	no_match							austeros	east	noun
Auzana	Auzana	‘goddess of dawn and the vernal equinoɣ’	Auzana	dw0				FALSE						n. a f.				"Since LAD, probably from a stem ausan- remade from EAD avsar, avsens."																					probable_merge	partial_gloss	36	déivī	goddess	canonical	2.38	"36:déivī:goddess (2.38) | 403:ɣémī:feminine personification of earth, earth-goddess (1.41)"	auzana	goddess of dawn and the vernal equinoɣ	noun
aveks	aveks	‘straw; dry plant stalks’	aveks	dw0				FALSE						n. c m.				From LAD.												EDL 64: avēna < *aweksnā-.									probable_new_entry	low_match	274	tarzús	dry	canonical	0.88	274:tarzús:dry (0.88)	aveks	straw; dry plant stalks	noun
aβlekā	aβlekā	‘fern’	piklis	gloss	REVIEW:gloss-match	**bʰel-	**h₂e-bʰ(e)l-ek-eh₂	FALSE		"aβlekā, -ās"	afleka	ableka		n. a f.				Since OD. cf. piliks.																				old-1 form was 'piklis'	probable_new_entry	no_match							aβlekā; piklis	fern	noun
aβsekā	aβsekā	"‘cart, wagon, chariot’"	kveklā	gloss	REVIEW:gloss-match	**bʰes-	**h₂e-bʰ(e)s-ek-eh₂	FALSE		"aβsekā, -ās"	afseka	—		n. a f.				Since OD.				kwel-(e)l- ?																old-1 form was 'kveklā'	probable_new_entry	no_match							aβsekā; kveklā	"cart, wagon, chariot"	noun
bokvis	bokvis	"‘stump (of a tree, severed limb, or similar)’"	bokvis	dw0				FALSE						n. i m.				Since OD.																					probable_new_entry	low_match	116	kalnós	holly (tree)	unresolved	1.43	116:kalnós:holly (tree) (1.43) | 12:álizos:alder (tree) (1.43) | 137:kozlos:hazel (tree) (1.43) | 239:salikā:willow (tree) (1.43) | 322:βergós:birch (tree) (1.43)	bokvis	"stump (of a tree, severed limb; similar)"	noun
ðamelom	ðamelom	"‘fundament, eɣistence’"	ðamelom	gloss	REVIEW:gloss-match			FALSE						n. o n.				From EAD đamelom.				đē- ~ đō- ~ đa-						ðamelom > ðamlom > ðallom ?		familia								old-1 form was 'ðamelom'	probable_new_entry	no_match							ðamelom	"fundament, eɣistence"	noun
datvis	datvis	"‘bear, especially from a mountainous region’"	datvis	dw0				FALSE						n. i m.			fauna	Since OD.				dat-w-					Proto-Kartvelian per EDKL 37: *datw-.												probable_merge	partial_gloss	28	árktos	bear	canonical	2.58	28:árktos:bear (2.58) | 363:alβárktos:white-bear (1.67) | 407:árktī:she-bear (1.67) | 175:moriarksos:predatory sea mammal (lit. sea-bear) (1.45)	datvis	"bear, especially from a mountainous region"	noun
ðegris		‘fever’	ðegris	old1_only	REVIEW:old1-only																																		probable_new_entry	no_match							ðegris	fever	
"ðēman, -s"	"ðēman, -s"	"‘life, plans’"	"ðēman, -s"	gloss	REVIEW:gloss-match			FALSE						n. n n.				"Since OD, from an alternating form  ðeeman ~ ðamens in AD."				đē- ~ đō- ~ đa-					"PIE *dʰéh₁mn̥, *dʰh₁méns."											"old-1 form was 'ðēman, -s'"	probable_merge	partial_gloss	102	gvītis	life	canonical	3.00	102:gvītis:life (3.00) | 357:gʷī́vom:life (as animating principle) (1.75)	ðēman; -s	"life, plans"	noun
ðēsa	ðēsa	"‘maker, creator, prime force of eɣistence’"	ðēsa	gloss	REVIEW:gloss-match			FALSE						n. a f.				"From EAD ðēs, ðēsam, ðases with subsequent reanalysis as an a-stem based on the accusative."				đē- ~ đō- ~ đa-																old-1 form was 'ðēsa'	probable_new_entry	low_match	245	séɣos	force; hegemony	canonical	1.43	"245:séɣos:force; hegemony (1.43) | 185:nḗr:power, force, energy (1.39)"	ðēsa	"maker, creator, prime force of eɣistence"	noun
ðeuzos	ðeuzos	‘animal (with warm breath that condenses visibly in the winter)’	ðeuzos	gloss	REVIEW:gloss-match			FALSE						n. o m.	S-207		fauna		*dʰews-ós																			old-1 form was 'ðeuzos'	probable_new_entry	low_match	97	ɣvḗr	"wild animal, beast"	canonical	1.29	"97:ɣvḗr:wild animal, beast (1.29) | 280:tód:that (0.61)"	ðeuzos	animal (with warm breath that condenses visibly in the winter)	noun
dōtis	dōtis ~ dateis	"‘act of giving; generosity, selflessness’"	dōtis	exact		*deh₃-	*déh₃tis ~ *dh₃téis	FALSE		"dōtis, -eis"	dōtis ~ dōteis			n. i f.				Since AD.				dat- ~ dō-																	probable_new_entry	low_match	41	ðētís	"deed, act"	canonical	1.52	"41:ðētís:deed, act (1.52) | 378:gvessís:speech, act of saying (1.46) | 90:gvamtís:step, act, action (1.46)"	dōtis	"act of giving; generosity, selflessness"	noun
"dōtōr, -tres"	"dōtōr, -tres"	"‘giver, donor’"	"dōtōr, -tres"	dw0		*deh₃-		FALSE						n. c m.				"Since OD, from AD dootoor, datres with leveling of the dir. root into the obl. cases."				dat- ~ dō-																	probable_new_entry	no_match							dōtōr; -tres	"giver, donor"	noun
ðrākes		"‘dregs, sediment, dross, undesirable leftovers’ usually appearing in the plural"	ðrākes	old1_only	REVIEW:old1-only									n. c m.				"Since AD, alongside ðrāɣes, indicating a borrowing."																					probable_new_entry	low_match	47	ðrāks	"dregs, debris"	canonical	1.43	"47:ðrāks:dregs, debris (1.43) | 48:ðréβos:dregs, debris (1.43)"	ðrākes	"dregs, sediment, dross, undesirable leftovers usually appearing in the plural"	noun
ðraks	ðraɣs ~ ðraɣes	"‘dregs, debris (of a fermentation process)’"		old2_only		*dʰrh₂egʰ-	*dʰrh₂egʰ-s ~ dʰrh₂egʰ-és ~	FALSE	"ðraɣs, -es"	"ðraks, ðrages"	"ðraks, ðrakes"	drać ~ draćez		n. c m.																									probable_merge	partial_gloss	47	ðrāks	"dregs, debris"	canonical	3.00	"47:ðrāks:dregs, debris (3.00) | 48:ðréβos:dregs, debris (3.00)"	ðraks	"dregs, debris (of a fermentation process)"	noun
drevom	doru ~ dreus	‘tree’	drevom	exact			*dóru ~ *dréus	FALSE		drevom	>> drevom			n. o n.	S-207		flora	"Since OD. Derived from AD doru gen.s. dreus since which only appears in formulae, poetry, and compounds."				dor- ~ dre-					PIE *doru.				"EDPC 91: *daru-, *darwo- < nom. sg. *doru, gen. sg. *drw-os."	EDPG 522: *trewa- n. < *dréu-o- (acc. sg.).							probable_merge	partial_gloss	116	kalnós	holly (tree)	unresolved	3.25	116:kalnós:holly (tree) (3.25) | 12:álizos:alder (tree) (3.25) | 137:kozlos:hazel (tree) (3.25) | 239:salikā:willow (tree) (3.25) | 322:βergós:birch (tree) (3.25)	drevom	tree	noun
ðufvis	ðuβus	‘deep’		old2_only		*dʰeu̯bʰ-	*dʰ(é)u̯bʰ-ú-s ~ *dʰubʰ-éu̯-s	FALSE	ðufus	ðufvis	dubvos //	dubuz //		adj. u																									probable_merge	gloss_exact	51	ðubús	deep	canonical	7.50	51:ðubús:deep (7.50)	ðufvis	deep	adj
ðumniom		‘the underworld; land of the dead’		old2_only		*dʰeu̯bʰ-	**dʰubʰ-r-i-ós ~ **dʰubʰ-r-i-ósi̯o	TRUE		ðumniom	ðumniom			n. o n.					"upiðumniom ‘sub-Thumniom, Bism’ aka ðubratamos"																				probable_merge	gloss_exact	50	ðubnióm	the underworld	canonical	5.83	50:ðubnióm:the underworld (5.83)	ðumniom	the underworld; land of the dead	noun
ðuɸtis	ðuβtis ~ ðuβteis	‘depth’	ðuɸtis	exact		*dʰeu̯bʰ-	**dʰu̯bʰ-tis ~ dʰu̯bʰ-teis	TRUE		"ðuɸtis, -eis"	ðuβtis ~ ðuβteis			n. i f.				Since OD.																					probable_new_entry	no_match							ðuɸtis	depth	noun
ðuskos	ðuskos	‘black’	ðuskos	gloss	REVIEW:gloss-match			FALSE		"ðuskos, -om, -ā"	ðuskos	duskos		adj. a/o	S-207			From EAD.				đus-k-								ater;		EDPG 96: *dinkwa- < *dʰengʷos.						old-1 form was 'ðuskos'	probable_merge	term_exact	54	ðuskos	"dark, dusky (of a person or object)"	canonical	5.50	"54:ðuskos:dark, dusky (of a person or object) (5.50)"	ðuskos	black	adj
ðuβnos > ðumnos	ðuβnos	‘deep’	ðuɸnos	gloss	REVIEW:gloss-match	*dʰeu̯bʰ-	*dʰubʰ-n-ós ~ *dʰubʰ-n-ósi̯o	TRUE		ðuβnos > ðumnos	dubnos	dubnos		adj. a/o		"PK, PBS"		Since OD.																				old-1 form was 'ðuɸnos'	probable_merge	gloss_exact	51	ðubús	deep	canonical	7.50	51:ðubús:deep (7.50)	ðuβnos > ðumnos; ðuɸnos	deep	adj
ðuβros	ðuβros	‘deep’		old2_only		*dʰeu̯bʰ-	*dʰubʰ-r-ós ~ *dʰubʰ-r-ósi̯o	TRUE		"ðuβros, -om, -ā"	ðufros	dubros		adj. a/o		"PK, PGm, PBS"																							probable_merge	gloss_exact	51	ðubús	deep	canonical	7.50	51:ðubús:deep (7.50)	ðuβros	deep	adj
ðuβtā > ðuɸtā	ð(e)uβtā	‘depth’	gvāmman	gloss	REVIEW:gloss-match	*dʰeu̯bʰ-	*dʰewbʰ-teh₂	TRUE		ðuβtā > ðuɸtā	duptā	duptā		n. a f.				From EAD.																				old-1 form was 'gvāmman'	probable_new_entry	no_match							ðuβtā > ðuɸtā; gvāmman	depth	noun
dvāros	dwāros	"‘far, distant’"	dvāros	exact		*dweh₂-	*dweh₂rós	FALSE		"dvāros, -om, -ā"				adj. a/o				Since OD.	dvārtaro dvārtamos																				probable_new_entry	no_match							dvāros	"far, distant"	adj
dveios	dweios	"‘terrifying, fearful, dire’"	dveios	exact		*dwei-	*dwei-s-os ~ *dwei-os-es	FALSE		"dveios, -om, -ā"				adj. a/o				Since OD.	dweitaros dweitamos			dwei-s-						> veizos?											probable_new_entry	no_match							dveios	"terrifying, fearful, dire"	adj
dveislova		‘frightening beast’	dveislova	old1_only	REVIEW:old1-only									n. a f.				From EAD.				dwei-s-					"Lat. bēlua ~ bellua and bēstia, Gr. bellerophon, Romanian balaur."	> veillova ?		dweislowā									probable_new_entry	low_match	97	ɣvḗr	"wild animal, beast"	canonical	1.75	"97:ɣvḗr:wild animal, beast (1.75)"	dveislova	frightening beast	noun
ego	ego	‘I’	ego	dw0				FALSE						pron.	"S-207, SY"			From EAD.									PIE			egō < *h1eg-(o)H	"mī, mē < me"	"ek(a) < ʔeg-H-om, ekō < *h1eg-oH."			"eʔź-um, eś? <"		egō		probable_new_entry	no_match							ego	i	pron
eimi	eimi			old2_only		*h₁éy-	*h₁éymi	FALSE		eimi				v.																									probable_new_entry	no_match							eimi		verb
en	en	‘in’	en	dw0				FALSE						part./prep.	S-207			Since AD.																					probable_new_entry	no_match							en	in	adp
februs	βeβrus ~ βeβreus	‘beaver’		old2_only		*bʰerH-	*bʰébʰr-u̯-s ~ *bʰebʰr-éu̯-s	TRUE		februs	bebrus			n. u m.																									probable_new_entry	no_match							februs	beaver	noun
feðom	βeðom	"‘hole, grave, ditch’"		old2_only			*bʰédʰh₂-om	FALSE		feðom	bedom	bedan		n. o m.				From EAD.				feð-					PIE *bʰédʰh₂-om.												probable_new_entry	no_match							feðom	"hole, grave, ditch"	noun
gavana	gavana	"‘enemy, slave; eɣonym for Damva speakers’"	gavana	dw0				FALSE						?				"Since OD derived from a root remade from the dir. and obl. roots of EAD gaavar, gaavens. c.f. gavarra from the same root."				gaw-					vathek												probable_new_entry	no_match							gavana	"enemy, slave; eɣonym for damva speakers"	
geneza	geneza	"‘ethnicity, kin (distant familial relation); kind’"	geneza	dw0				FALSE						n. a f.				"Likely the reanalyzed oblique stem of EAD genos, genozes ‘id.’."							PIE *ǵenh₁-		"PIE *ǵenh₁os, *ǵnh₁oses"												probable_new_entry	no_match							geneza	"ethnicity, kin (distant familial relation); kind"	noun
genmana		‘family (by blood and law) as opposed to members of a household’	genmana	old1_only	REVIEW:old1-only									n. a f.				"Likely a reanalyzed plural from AD genman, ganmens ‘offspring, progeny’ as an a-stem."									PIE *ǵénh₁mn̥												probable_new_entry	low_match	63	ézar	blood	canonical	2.17	"63:ézar:blood (2.17) | 75:génos:family (2.17) | 241:sanī:menstrual blood (1.37) | 301:véiks:village, household (1.37) | 221:potís:husband, head of household (1.33)"	genmana	family (by blood and law) as opposed to members of a household	noun
"gulan, -s"	"gulan, -s"	‘throat’	"gulan, -s"	dw0				FALSE						n. r/n n.				"!From EAD gvlar, glens leveling to the -an pattern by pressure from other such words."	gulamva?																				probable_new_entry	no_match							gulan; -s	throat	noun
gulis	gulis	"‘gut, organs, interior, core; inner thoughts, secrets’"	gulis	dw0				FALSE						n. i f.				Since OD.									Proto-Kartvelian per EDKL *gul-.												probable_new_entry	no_match							gulis	"gut, organs, interior, core; inner thoughts, secrets"	noun
gvāmman	gvāmman	‘depth’	theumman	gloss	REVIEW:gloss-match			FALSE						n. n n.				From EAD.							PIE **gʷeh₂bʰ-mn̥													old-1 form was 'theumman'	probable_new_entry	no_match							gvāmman; theumman	depth	noun
gvamnos	gvamnos	‘frog’	gvamnos	dw0				FALSE						n. o m.	S-207		fauna	From EAD gvaβnos.											Kroonen suggests a  ghmbh-neh2 meaning 'jump' so what about ɣamƀ- with some kind of de-verbal root meaning 'one who' like -oo-	rānā > Lat. rāna; ? > Lat. būfō	none!	"frugoo, frukk < prughoo"				igel?			probable_new_entry	no_match							gvamnos	frog	noun
ɣiesteros	ɣiesteros	‘yesterday’		old2_only			*dʰǵʰyésteros	FALSE		"ɣiesteros, -om, -ā"	ɣiesteros	giesteros		adj. a/o																									probable_new_entry	no_match							ɣiesteros	yesterday	adj
ɣoisos		‘spear’	ɣoisos	old1_only	REVIEW:old1-only									n. o m.				From EAD.				ɣois-						ꝁ				EDPG 164: *gaiza- < *gʰois-o-.							probable_merge	gloss_exact	80	ɣoizós	spear	canonical	7.50	80:ɣoizós:spear (7.50)	ɣoisos	spear	noun
ɣortos	ɣortos	"‘prison yard, prison camp’"	ɣortos	exact		*ǵʰer-	*ǵʰórtos *ǵʰórtosyo	FALSE		ɣortos /ɣortɔs/	gortos /gortɔs/	źartaz /ʒaʁtaz/		n. o m.				From EAD.				ɣor-t-					PIE *ǵʰórtos.	> ꭓortos											probable_new_entry	low_match	135	kóimos	"settlement, camp; home"	canonical	1.57	"135:kóimos:settlement, camp; home (1.57)"	ɣortos	"prison yard, prison camp"	noun
ɣostis	ɣostis	"‘guest, friend’"	ɣostis	exact		*gʰes- ?	*gʰóstis ~ *gʰostéys	FALSE		"ɣostis, -eis"	gostis ~ gosteis	gostiz ~ gostiŕi		n. i m.		NWIE		Since AD.				ɣos-t-					IELF 111: ghostis.	> χostis											probable_new_entry	low_match	257	sokiós	"friend, ally"	canonical	1.92	"257:sokiós:friend, ally (1.92) | 85:ɣostís:guest, stranger (1.92)"	ɣostis	"guest, friend"	noun
ɣvavis	ɣvavis	"‘throng, crowd; multitude’"	ɣvavis	dw0				FALSE						n. i f.				Since OD.																					probable_new_entry	low_match	321	βarkiéti	"cram, crowd"	canonical	0.17	"321:βarkiéti:cram, crowd (0.17)"	ɣvavis	"throng, crowd; multitude"	noun
ɣveltis	ɣveltis	"‘dangerous, violent, savage’"	ɣveltis	exact				FALSE		"ɣveltis, -i"				adj. i		"PK, PG"		"c.f. wild, PK gweltis [old-1: From EAD.]"				ɣwel-t-																	probable_new_entry	no_match							ɣveltis	"dangerous, violent, savage"	adj
ɣventis	ɣʷentis ~ ɣʷanteis	‘striking or beating to death’		old2_only		*gʷʰen-	*gʷʰéntis ~ *gʷʰn̥téys	FALSE	ɣʷentis	ɣventis /ɣʷentis/	gventis /gʷentis/	źentiz /ʒentiz/		n. ? ?																									probable_merge	partial_gloss	165	martís	death	canonical	2.58	165:martís:death (2.58)	ɣventis	striking; beating to death	noun
ɣveris	ɣʷeris ~ ɣʷereis	"‘wild, dangerous beast’; ‘wild (of an animal)’"	ɣveros	gloss	REVIEW:gloss-match	*ǵʰwer-	*ǵʰwer-is ~ *ǵʰwer-eis ?	TRUE		"ɣveris, -eis"	gveris	źeriz		n. i m/f.				! decide whether gʷʱ- > ɣʷ- or gʷʱ- > w	"comp. ꭓverios, superl. ꭓvertamos"			ɣwe-r-					PIE *gʰwer-os.	> χveros										old-1 form was 'ɣveros'	probable_merge	partial_gloss	97	ɣvḗr	"wild animal, beast"	canonical	2.88	"97:ɣvḗr:wild animal, beast (2.88) | 317:viðús:wild areas between farms/fields/settlements (1.35) | 93:ɣvarús:wild, beastly (0.03) | 98:ɣverīnos:having to do with wild animals (-0.09) | 99:ɣverīskos:having to do with wild animals (-0.09)"	ɣveris; ɣveros	"wild, dangerous beast; wild (of an animal)"	noun
ɣvoniom	ɣʷoni ~ ɣʷanies	"‘strike, blow, punch’"		old2_only		*gʷʰen-	*gʷʰón-i ~ *gʷʰn̥-y-és	FALSE	ɣʷoni ~ ɣʷaneis	ɣvoniom /ɣʷoniõ(m)/	gvoniom /gʷon.jõ(m)/	źoniō /ʒoɲō/		n. o n.																									probable_new_entry	no_match							ɣvoniom	"strike, blow, punch"	noun
iōra	iōra	"‘time, period, cycle, age’"	iōra	dw0				FALSE						n. a f.													PIE *yóh₁r̥ ~ *yéh₁n-												probable_new_entry	low_match	270	tánā	"stretch of time, length"	canonical	1.46	"270:tánā:stretch of time, length (1.46) | 141:kvéklos:wheel, circle; turn, cycle (1.41)"	iōra	"time, period, cycle, age"	noun
kaitā	kaitā	"‘heather, heath’"	kaitā	dw0				FALSE						n. a f.				From OD.				kait- ?	-ā		"PG, PK"														probable_new_entry	no_match							kaitā	"heather, heath"	noun
kaliks	kaliks	‘vessel for food or drink’	kaliks	dw0				FALSE						n. ? ?				"Since OD, from AD skaliks with regular loss of initial s- before another consonant."				s-kal-ik- ?								EDL 83: caliɣ < *(s)kalik- < subst. *kʷlH-ik-.									probable_merge	partial_gloss	94	gvéitom	food	canonical	2.58	94:gvéitom:food (2.58) | 384:píboti:to drink (0.33)	kaliks	vessel for food; drink	noun
kambros	kamaros	‘lobster’	kumaros	gloss	REVIEW:gloss-match		*kḿ̥h₂-er-os	FALSE		kambros	kambros	kimbraz		n. o m.			fauna	From EAD.				kum-ar- or ku-mar- ?			wanderwort		From Pre-Proto-Germanic per EDPG 254 *humaraz < **kumaros.	> kumros ?										old-1 form was 'kumaros'	probable_new_entry	no_match							kambros; kumaros	lobster	noun
kantogus	kantogus	"‘wealthy, (lit) having 100 cows’"		old2_only			*ḱm̥tógʷus	FALSE	kantogus	"kantogus, -u"	śintoguz			adj. a/o																									probable_new_entry	low_match	339	sessos	"seated, having sat"	canonical	1.46	"339:sessos:seated, having sat (1.46) | 98:ɣverīnos:having to do with wild animals (1.41) | 99:ɣverīskos:having to do with wild animals (1.41) | 101:gvetudervís:pine tree (lit. pitch-tree) (-0.09) | 175:moriarksos:predatory sea mammal (lit. sea-bear) (-0.12)"	kantogus	"wealthy, (lit) having 100 cows"	adj
kāros	kāros	"‘dear, beloved’"	kāros	exact		*keh₂-	"*keh₂-ró-s, *kh₂-ró-s"	FALSE	kāros	"kāros, -om, -ā"		karoz		adj. a/o																									already_represented	term_exact+gloss_exact	122	kāros	"dear, beloved"	canonical	12.00	"122:kāros:dear, beloved (12.00)"	kāros	"dear, beloved"	adj
karra	karra	"‘beeswaɣ, waɣ’"	karra	dw0				FALSE						n. a f.				"Since OD from forms ka(a)raa, kairaa, and ke(e)raa in AD."																					probable_new_entry	no_match							karra	"beeswaɣ, waɣ"	noun
karzos	karsos	"‘wagon, cart, chariot’"	karsos	dw0		*ḱr̥sós		FALSE		karzos	karros	śirruz		n. o m.				From OD.									PIE *ḱr̥sós.											old-1 form was 'karsos' (updated)	probable_new_entry	no_match							karzos; karsos	"wagon, cart, chariot"	noun
kātrīks	kātrīks	‘scar’	kātrīks	dw0				FALSE						n. a f.				From EAD.				kat-rik- ?								"EDL 113: cicātrīɣ, “Etymology unknown.”"									probable_new_entry	no_match							kātrīks	scar	noun
kāups ~ kāupes	kāups ~ kaupes	"‘heap, pile; garbage?’"		old2_only		*keh₂u̯p-	*kéh₂u̯p-s ~ *kh₂u̯p-és	FALSE		kāups ~ kāupes	kāups ~ kāupes			n. o m.																									probable_new_entry	no_match							kāups; kāupes	"heap, pile; garbage?"	noun
klāvis	klāvis	"‘key, pin, pick’"		old2_only	REVIEW:possible-split			FALSE						n. i m.				Since OD.				klā-w-i-s																	probable_new_entry	low_match	40	ðélgos	"pin, needle"	canonical	1.67	"40:ðélgos:pin, needle (1.67)"	klāvis	"key, pin, pick"	noun
klāvis	klāwis	‘bolt (of a door); lock’	klāvis	exact	REVIEW:possible-split	*kleh₂u̯-	*kléh₂u̯-i-s	FALSE		klāvis								Since OD.																					probable_new_entry	low_match	59	ðvṓr	door	canonical	1.58	59:ðvṓr:door (1.58)	klāvis	bolt (of a door); lock	
klāvos	klāvos	"‘bolt, pin, rod, bar’"	klāvos	dw0				FALSE						n. o m.				From EAD.				klā-w-o-s																	probable_new_entry	low_match	40	ðélgos	"pin, needle"	canonical	1.52	"40:ðélgos:pin, needle (1.52)"	klāvos	"bolt, pin, rod, bar"	noun
klōps ~ klōpes	"klōps, -pes"	‘thief’	"klōps, -pes"	dw0				FALSE		klōps ~ klōpes	klōpos	klōps		n. c m.				From EAD kloops.				klōp-																"old-1 form was 'klōps, -pes' (updated)"	probable_new_entry	no_match							klōps; klōpes; -pes	thief	noun
"knuks, -es"	"knuks, -es"	‘nut’	"knuks, -es"	dw0				FALSE						n. c f.		CGI		From EAD with				knuk-			wanderwort		Eur. subs. PGm. *hnut- ‘nut’			"EDL 420: nuɣ, nucis < PIt. *knuk- < borrowing"									probable_new_entry	no_match							knuks; -es	nut	noun
koipos?	koipos?	‘stick’	koipos?	dw0				FALSE						n. ? ?	S-207																								probable_merge	partial_gloss	100	gvétu	pointed stick	canonical	3.25	100:gvétu:pointed stick (3.25)	koipos?	stick	noun
koitom	koitom	‘shield'	koitom	dw0				FALSE						n. o n.		NWIE		"Since OD, from AD skoitom with regular loss of initial s- before another consonant."	skoitom > koitom > keitom > kētom			s-koit-o-					IELF 110: *skei̯tom ~ *skoi̯tom.	> skeitom by assim.											probable_new_entry	no_match							koitom	shield	noun
kokobis	kokobis	‘pheasant’	kokobis	dw0				FALSE						n. i m.				Since OD.				ko-kob-																	probable_new_entry	no_match							kokobis	pheasant	noun
kom	kom	‘with’	kom	dw0				FALSE						?	S-207			From EAD.									PIE *kóm.												probable_new_entry	no_match							kom	with	
koslos	koslos	‘hazel’	koslos	dw0				FALSE										Since OD.																					probable_new_entry	low_match	137	kozlos	hazel (tree)	canonical	2.25	137:kozlos:hazel (tree) (2.25)	koslos	hazel	
kozlā	koslā	‘hazel’	aksula	gloss	REVIEW:gloss-match	**kos-	**kos-l-	FALSE	koslā	kozlā	kozlā	kōlā		n. a f.			flora	From LAD.				kVs : a-kVs-ul-					PIt kosula etc. with a-prefiɣation											old-1 form was 'aksula'	probable_merge	partial_gloss	137	kozlos	hazel (tree)	canonical	3.25	137:kozlos:hazel (tree) (3.25)	kozlā; aksula	hazel	noun
koβuks	"koβugs, -es"	‘hawk’	"koβuks, -ges"	gloss	REVIEW:gloss-match		*kobʰug-	FALSE	koβuks ~ koβuges	"koβuks, koβuges"	kobugos	kobugos		n. c m.			fauna	From EAD.							wanderwort		"EDPG 197: PGm. habuka- < kab⁽ʰ⁾u-k/g-, Sl. kab⁽ʰ⁾uk-io-, Lat. capus < kapu-."			kapu-		kabʰ-uk-		kabʰ-uk-io-			kabʰ-uk-s	"old-1 form was 'koβuks, -ges'"	probable_new_entry	no_match							koβuks; -ges	hawk	noun
krispos	krispos	‘curly’	kripsos	gloss	REVIEW:gloss-match			FALSE		"krispos, -om, -ā"				adj. a/o		CI•••		Since OD.	kripstaros kripstamos			krips-					"IELF 107: Lat. crispus, Gaul. criɣsus < *krips-o- < *krei̯p-os."	> krissos ?										old-1 form was 'kripsos'	probable_new_entry	no_match							krispos; kripsos	curly	adj
krūros	krūros	‘bloody’		old2_only		*krewh₂-	*kruh₂-rós	FALSE		"krūros, -om, -ā"				adj. a/o																									probable_new_entry	no_match							krūros	bloody	adj
kukurra	kukurra	‘cooking pot; small cauldron’	kukurra	dw0				FALSE						n. a f.			flora	"!From D0 in various forms kv(r)kv(r)ra with obvious wander-root meaning something like ‘bowl, cup, small hollow container’."				ku-kur-			neologism		See Cons section for cucurunða.												probable_new_entry	low_match	154	līðrā́	small amount	canonical	1.52	"154:līðrā́:small amount (1.52) | 172:menús:small (0.88) | 163:manús:small, tiny (0.03)"	kukurra	cooking pot; small cauldron	noun
kukurrunðā	kukurrunða	‘cucumber’	kukurrunða	gloss	REVIEW:gloss-match			FALSE		"kukurrunðā, -ās"	kukurrunðā	kukurrunda		n. a f.			flora	"!From D0 in forms kv(r)kv(r)v(n)d(h)aa, -i(n)d(h)aa."	kukurrunðelos ‘penis (derisive) lit. little cucumber’ > cucurundlos > ?			ku-kur-unð-			neologism		EDL 148: cucumis; EDL 149: curcubita; EDPG 266 *hwerhwetjō- < *kʷer-kʷet- all point to a wanderwort root **ku(r)ku(r)-.											old-1 form was 'kukurrunða'	probable_new_entry	no_match							kukurrunðā; kukurrunða	cucumber	noun
kuliks	kuliks	‘holly’	kuliks	exact				FALSE		"kuliks, -es"	"kuliks, kulikes"	kulika		n. c m.				"From OD, root-doublet of kulisā (q.v.). Likely borrowing."				kul-ik-	-ik-		"PG, PK"														probable_merge	partial_gloss	116	kalnós	holly (tree)	unresolved	3.25	116:kalnós:holly (tree) (3.25)	kuliks	holly	noun
kulisā	kulisā	‘holly’	kulisā	dw0				FALSE						n. a f.				"From OD, root-doublet of kuliks (q.v.). Likely borrowing."				kul-is-	-is-		"PG, PK"														probable_merge	partial_gloss	116	kalnós	holly (tree)	unresolved	3.25	116:kalnós:holly (tree) (3.25)	kulisā	holly	noun
kvapō	kvapō	‘confidence artist; pickpocket’	kvapō	dw0				FALSE						n. c m.				From EAD.																					probable_new_entry	no_match							kvapō	confidence artist; pickpocket	noun
kvapos	kvapos	"‘conman, cheat, petty criminal’"	kvapos	dw0				FALSE						n. o m.																									probable_new_entry	low_match	345	duzviros	"ne'er-do-well, bumpkin; criminal, villain, evil-doer"	canonical	1.31	"345:duzviros:ne'er-do-well, bumpkin; criminal, villain, evil-doer (1.31)"	kvapos	"conman, cheat, petty criminal"	noun
kve	kve	‘and’	kve	dw0				FALSE						?	S-207			From EAD kve in both conjuctive and clitic use.							PIE						EDPC 176: *-kʷe ‘id.’								probable_new_entry	no_match							kve	and	
kveklom	kveklom	"‘wheel, circle’"	kveklom	dw0				FALSE						n. o n.				Since AD.				kwel-(e)l- ?																	probable_merge	gloss_exact	141	kvéklos	"wheel, circle; turn, cycle"	canonical	6.50	"141:kvéklos:wheel, circle; turn, cycle (6.50)"	kveklom	"wheel, circle"	noun
kvelis	kvelis	‘head-cold’	kvelis	dw0				FALSE						n. i f.				Since OD.				kwel-i-																	probable_merge	partial_gloss	120	káput	head	unresolved	3.00	"120:káput:head (3.00) | 221:potís:husband, head of household (1.75) | 74:gelús:cold (1.50)"	kvelis	head-cold	noun
kveris	kveris	‘crow’	kveris	dw0				FALSE						n. i m.			fauna	Since AD.				kwer-					Proto-Kartvelian per EDKL 93: *ḳwer-. for /k’weri/ > /kwerɪs/ with rule k’- > k-. css												probable_new_entry	no_match							kveris	crow	noun
kveros	kveros	‘cauldron’	kveros	dw0				FALSE						n. o m.				From LAD.	kverelos cooking pot?																				probable_new_entry	no_match							kveros	cauldron	noun
kvī	kʷī	‘how?’		old2_only		*kʷíh₁		FALSE	kvī /kʷī/	kvī /kʷī/	kī /kī/			?																									probable_new_entry	no_match							kvī	how?	
leisa	leisa	"‘furrow, track’"	leisa	dw0				FALSE						n. a f.			agric.	From EAD leisa.				leis-					IELF 110: *l(V)i̯hₓseh₂			EDL 345: līra < PIt. *loisā- < PIE *lois-h₂-.		EDPG 324: *laisō- < *lóis-eh₂-.							probable_merge	partial_gloss	156	lóizā	"furrow; track, trail"	canonical	2.83	"156:lóizā:furrow; track, trail (2.83)"	leisa	"furrow, track"	noun
lēius	lēius	‘smooth’	lēius	dw0				FALSE						?	S-207			Since OD.																					probable_new_entry	no_match							lēius	smooth	
lepos		‘hare’	lepos	old1_only	REVIEW:old1-only									n. o m.			fauna	From EAD.				lep-																	probable_new_entry	no_match							lepos	hare	noun
leukos	leukos	"‘bright, shining’"	leukos	exact		*lewk-	*lewkós	FALSE		"leukos, -om, -ā"	loukos ~ loukosio	lūkuz ~ lūkuŕi		adj. a/o				Since OD.																					probable_new_entry	no_match							leukos	"bright, shining"	adj
leuksnā	leuksna	‘moon’	leuksna	dw0				FALSE		leuksnā	leuɣsnā	lousna		n. a f.	"S-207, SY"			From EAD levksnaa.				leuk-s-nā						> louksna > louɣsna > lūsna > lūnna		Lat. lūna < louksna < louks-n-a-	lowɣsnā < louks-n-a-	mēnan- < meʕn-s or meʕn-os					lūcsna < loucsna < louksnā < louks-n-a-	old-1 form was 'leuksna' (updated)	probable_merge	gloss_exact	159	lóuksnā	moon	canonical	7.50	159:lóuksnā:moon (7.50)	leuksnā; leuksna	moon	noun
lokos	lokos	‘salmon’	lokos	dw0				FALSE						n. o m.				"From EAD lokōs, loksos, subsequently reanalyzed as an o-stem from the genitive by OD."																					probable_new_entry	no_match							lokos	salmon	noun
magis (many)	magis	‘many’	magis	exact				FALSE		"magis, -i"				adj. i	S-207							mag-																	probable_merge	partial_gloss	212	pelús	"much, many"	canonical	3.25	"212:pelús:much, many (3.25)"	magis many; magis	many	adj
magis (more)	magis	‘more’		old2_only				FALSE		"magis, -i"				adj. i				From EAD.	"magios ‘yet more, much’ magitamos ‘most, so much, too much’"			mag-																	probable_new_entry	no_match							magis more	more	adj
magnos		"‘big, great, powerful, large’"	magnos	old1_only	REVIEW:old1-only									adj. a/o	S-207			Since AD.	"comp. magnios superl. magnitamos is irregular, using the comparative stem, to prevent a -gnt- sequence."			mag-n-								EDL 358: magnus < PIt. magnos < mǵ-no- from Schrijver’s RDC- > RaDC-.	EDPC 253: *magyos < *méǵh₂-.	"EDPG 361: *mekila- < *meǵ-el-. “Unlike the other IE languages,  Germanic added a suffiɣ *-ila- ( < *-eli-?) to
the root *meǵ-."							probable_new_entry	low_match	206	pánts	large predatory cat	canonical	-0.04	"206:pánts:large predatory cat (-0.04) | 208:párts:large predatory cat (-0.04) | 146:kvoinā́:blood-money, ransom, great cost (-0.12) | 252:skválos:large fish or whale; sea monster (-0.12) | 279:tigrís:large, striped, predatory cat of forest environs (-0.15)"	magnos	"big, great, powerful, large"	adj
makros	makros	"‘thin (skinny), weak’"	makros	exact				FALSE		"makros, -om, -ā"				adj. a/o				Since OD.	"comp. makrios, super. makritamos."			mak-r-																	probable_merge	partial_gloss	272	tanús	thin	canonical	2.58	272:tanús:thin (2.58)	makros	"thin (skinny), weak"	adj
makvis	makvis	‘blackberry’	makvis	exact				FALSE		"makvis, -eis"				n. i f.			agric.	Since OD.				mak-w-					Proto-Kartvelian per EDKL 117: *maq̣w-.												probable_new_entry	no_match							makvis	blackberry	noun
mālom ~ mālōs	mālom	‘apple’	mālom	dw0				FALSE		mālom ~ mālōs				n. o n.				From EAD.				māl-					"Per Kroonen, PIE *(s)mh₂l-."											old-1 form was 'mālom' (updated)	probable_merge	gloss_exact	393	ábōl	apple	candidate	7.50	393:ábōl:apple (7.50)	mālom; mālōs	apple	noun
mandragā		‘mandrake’	mandragā	old1_only	REVIEW:old1-only									n. a f.			flora	"From LAD, appearing alongside original mandraks until supplanting it by OD."				mandrag-					Greek												probable_new_entry	no_match							mandragā	mandrake	noun
mandraks		‘mandrake’	mandraks	old1_only	REVIEW:old1-only									n. c f.			flora	"Attested in AD, appearing alongside and being supplanted by mandraga (q.v.) since OD before being suppla."				mandrag-																	probable_new_entry	no_match							mandraks	mandrake	noun
mantis	mantis	‘thought’	mantis	exact		*men-	*mén-t-is ~ *mn̥-t-éis	FALSE		"mantis, -eis"		minti		n. i f.				Since OD.																					probable_new_entry	no_match							mantis	thought	noun
markos		‘horse’	markos	old1_only	REVIEW:old1-only									n. o m.								mar-k-																	probable_merge	gloss_exact	60	ékvos	horse	canonical	7.50	60:ékvos:horse (7.50)	markos	horse	noun
martos	martos	‘dead’	martos	exact				FALSE		"martos, -om, -ā"				adj. a/o				From EAD.	"comp. marseros, superl. marsamos"			mart-w-																	probable_merge	gloss_exact	166	martus	dead	canonical	7.50	166:martus:dead (7.50)	martos	dead	adj
matlis	matlis	‘worm’	matlis	dw0				FALSE						n. i m.				Since OD.									Proto-Kartvelian per EDKL 117: *ma-ṭl-.												probable_merge	gloss_exact	297	varmís	worm	canonical	7.50	297:varmís:worm (7.50)	matlis	worm	noun
melðanios	melðanios	‘hammer of the thunder god; blacksmith’s hammer; lightning’	melðanios	dw0		*meldʰ-n-	*meldʰ-n-i-os	FALSE		melðanios	meldanios	mildiniaz*		n. o m.				From EAD.			"Early depictions are of a hammer. Later depictions include sledge- and peen-hammers but also mauls and even aɣes, the latter two in association with oaks."	mel-ð-an- ?					West 2007:253 melðuniyaz from Watkins 1995:429 melð[u]nijaz. Watkins mentions Pokorny but I haven’t found it yet. Both forms imply a pre-form **meld⁽ʰ⁾-n-yos. Would such a form cause a Latinate **melbonius?									"EDB 544: milna ‘hammer of the thunderer’ < *mild-n-, *meld-n- < *m(e)ldʰ-n-."		old-1 form was 'melðanios' (updated)	probable_new_entry	low_match	1	agnís	god	canonical	2.25	"1:agnís:god (2.25) | 358:méltrom:hammer (2.25) | 37:deivós:god, deity (1.43) | 359:melðániios:Melðanjos (divine hammer of Agnis) (1.32)"	melðanios	hammer of the thunder god; blacksmiths hammer; lightning	noun
melit		‘honey’	melit	old1_only	REVIEW:old1-only									n. c n.				Since AD.		meðu vīnom melitē e[sti] ‘mead is wine from (by) honey.’																			probable_merge	gloss_exact	170	melí	honey	canonical	7.50	170:melí:honey (7.50)	melit	honey	noun
meskalia	meskalia	‘pear’	meskalia	dw0				FALSE						n. a f.			agric.	"From EAD meskaliaa. EAD amskaliaa, with the same meaning, is attested marginally and may indicate a borrowing of two related forms from the lending language."									Proto-Karvelian per EDKL 125: *msɣal-.												probable_merge	partial_gloss	162	malom	"apple, pear"	canonical	3.25	"162:malom:apple, pear (3.25)"	meskalia	pear	noun
mezala	mezala	‘blackbird’	mezala	dw0				FALSE						n. a f.			fauna	Since AD.				mes-al-			unknown		EDL 375: merula < PIt. mesVlā-; EDPC 268: *mesal-kā < PIE *mes-al-; EDPG 25: *amslōn- eɣhibiting a root  *amsl- ~ *mesal-.	> mesla ?											probable_new_entry	no_match							mezala	blackbird	noun
monoɣos		‘many’	monoɣos	old1_only	REVIEW:old1-only									adj. a/o					"comp. monoǵios, superl. monoǵitamos"																				probable_merge	partial_gloss	212	pelús	"much, many"	canonical	3.25	"212:pelús:much, many (3.25)"	monoɣos	many	adj
"nās, nases"	"nās, nases"	‘nose’	"nās, nases"	dw0				FALSE						n. c f.	"S-207, SY"			Since OD.																					probable_merge	gloss_exact	180	nāzā	nose	canonical	7.50	180:nāzā:nose (7.50)	nās; nases	nose	noun
nekom	nekom	"‘without, (lit) not with’"	nekom	dw0				FALSE						?				From EAD.																					probable_new_entry	low_match	101	gvetudervís	pine tree (lit. pitch-tree)	canonical	0.50	"101:gvetudervís:pine tree (lit. pitch-tree) (0.50) | 342:ne:not; lest (sentential negation) (0.50) | 175:moriarksos:predatory sea mammal (lit. sea-bear) (0.45) | 66:ɣamṓ:person, human being, (lit.) earthling (0.45)"	nekom	"without, (lit) not with"	
nemeza		"‘clearing in a forest as a sacred site, sacred forest’"	nemeza	old1_only	REVIEW:old1-only									n. a f.				"From OD, a derivation from the oblique stem of nemos, nemesos ‘id.’."				nem-es-																	probable_new_entry	low_match	355	sakrovéstrom	"sanctuary, sacred precinct (institutional)"	canonical	1.41	"355:sakrovéstrom:sanctuary, sacred precinct (institutional) (1.41) | 279:tigrís:large, striped, predatory cat of forest environs (1.35) | 353:danvivéits:well-watcher, well-priest, guardian of the sacred precinct (1.35) | 356:éngman:sacred fire-nature; the quality of being ensouled by fire (1.35) | 354:sakrós:sacred, holy, set apart (-0.09)"	nemeza	"clearing in a forest as a sacred site, sacred forest"	noun
nēr ~ neres	*nḗr ~ *néram̥ ~ an̥rés ~ nér(i)	"‘vital energy, (like the concept of qi)’"		old2_only			*h₂nḗr ~ *h₂nérm̥ ~ h₂n̥rés ~ h₂nér(i)	FALSE	nēr ~ neres	nēr ~ neres	nēr ~ neres			n. c m.																									probable_new_entry	low_match	185	nḗr	"power, force, energy"	canonical	1.39	"185:nḗr:power, force, energy (1.39)"	nēr; neres	"vital energy, (like the concept of qi)"	noun
nēvana	nēvana	"‘sinew, tendon; gristle’"	nēvana	dw0				FALSE						n. r/n n.				"From EAD sneevar, snavens leveling to snēvar, snēvans by OD."				snēw-						"> snēvar, snēvans > nēvan, -s"											probable_new_entry	no_match							nēvana	"sinew, tendon; gristle"	noun
neβalā ~ neβalās	neβalā	"‘fog, mist, vapor’"		old2_only		*nébʰ-	*nebʰ-l̥-eh₂	FALSE		neβalā ~ neβalās	neβalā	nebila		n. a f.																									probable_merge	partial_gloss	173	miɣlā	mist	canonical	2.58	"173:miɣlā:mist (2.58) | 188:neβalom:fog, mist, haze; confusion (2.13)"	neβalā; neβalās	"fog, mist, vapor"	noun
neβezā		"‘fog, especially as an omen’"	neβezā	old1_only	REVIEW:old1-only									n. a f.				"From OD, a derivation from the oblique stem of neβos, neβesos ‘id.’."				neβ-																	probable_new_entry	low_match	188	neβalom	"fog, mist, haze; confusion"	canonical	1.65	"188:neβalom:fog, mist, haze; confusion (1.65)"	neβezā	"fog, especially as an omen"	noun
okris	okris	"‘edge, overhang’"	okris	dw0				FALSE						n. i m.				Since OD.																					probable_new_entry	no_match							okris	"edge, overhang"	noun
oksīom	oksīom	‘eye’	oksīom	dw0				FALSE						n. o n.	"S-207, SY"			"From EAD s-stem nom sg. oks, gen. sg. okses and irregular pl. (dual?) oksī with the plural form reinterpreted as a new o-stem root appearing by LAD."										(> oɣsīom) > ossīom ?		ok(e)los < PIE *ʕʷekʷ-(e)lo-s		augōn- n. < ʕʷeqʷ-n-			óps < *ʕʷéqʷ-s		?		probable_merge	partial_gloss	377	dákru	tear (of an eye)	canonical	3.25	377:dákru:tear (of an eye) (3.25)	oksīom	eye	noun
opos ~ opezos	opos ~ opesos	"‘all, every’"	opnis	gloss	REVIEW:gloss-match	h₃ep-	*h₃ép-os ~ *h₃ép-es-	FALSE		opos ~ opezos	opos	opos		adj. i	S-207			From EAD.										> omnis > onnis ?										old-1 form was 'opnis'	probable_merge	gloss_exact	14	alnós	"all, every"	canonical	7.50	"14:alnós:all, every (7.50)"	opos; opezos; opnis	"all, every"	adj
orfiom	orfiom	‘inheritance’	orfiom	dw0				FALSE						n. o n.				From EAD.				orf-i-					PIE *h₃orbʰ-yo-m.												probable_new_entry	no_match							orfiom	inheritance	noun
orrea	orrea	‘juniper’	orrea	dw0				FALSE						n. a f.			flora	From EAD.																					probable_new_entry	no_match							orrea	juniper	noun
orvom	orvom	‘pea’	orvom	dw0				FALSE						n. o n.			agric.	From EAD.				orw- or or-w- ?			unknown		Kroonen?			EDL 195: ervum < PIt. *erVgʷ-o- ?		EDPG 37: *arwīt- < *arw-īd-.							probable_new_entry	no_match							orvom	pea	noun
ost	ost	‘bone’	ost	exact				FALSE		"ost, -es"		ostom		n. c n.	"S-207, SY"			Since AD.				ost-ī- ?								os(sum) << ʕʷést-s	knami- < *konʕm ‘leg’	baina- < [unclear]				enazur	< ʕʷést-s		probable_merge	gloss_exact	199	óst	bone	canonical	7.50	199:óst:bone (7.50)	ost	bone	noun
ousīom	ousīom	‘ear’	ousīom	dw0				FALSE						n. o n.	"S-207, SY"			"!From D0 oows, nom. dual oowsii an s-stem with a plural (dual?)  in -ī reinterpreted as the root of a neut. o-stem. Shortening of initial -oo- by analogy with AD oks ~ OD okvīom?"										osvīom > ousīom by analogy with oksiom/ossiom?											probable_new_entry	no_match							ousīom	ear	noun
ovis	ovis	‘sheep’	ovis	dw0				FALSE						n. i m.			fauna	Since AD.				ow-i- ?																	probable_new_entry	no_match							ovis	sheep	noun
pardis	pardis	"‘fart, especially a loud one’"		old2_only		*perd-	*pr̥d-i-s	FALSE		"pardis, -eis"	pardis		pādis (-VrC- > -VVC-)	n. i m.																									probable_merge	partial_gloss	207	párdus	fart	canonical	2.58	207:párdus:fart (2.58) | 361:βórnos:baby boy; the born one (1.50) | 193:óinos:one (1.08) | 117:kamtóm:one hundred (0.17) | 113:kaikos:blind; one-eyed (0.07)	pardis	"fart, especially a loud one"	noun
parkvom	parkvom	‘rib’	parkvom	dw0				FALSE						n. o n.				From EAD parkus.																					probable_new_entry	no_match							parkvom	rib	noun
peiskis	peiskis	‘fish’	peiskis	dw0				FALSE						n. i m.	"S-207, SY"		fauna	Since OD.				peis-k- ?					PIE *p(e)isk-os.			pisk-i-s	feiskos < peisk-o-s	fiska- < pisk-o-s							probable_merge	gloss_exact	217	piskós	fish	canonical	7.50	217:piskós:fish (7.50)	peiskis	fish	noun
peku ~ pekous	peku	‘wealth’	peku	dw0		*péḱ-	*péḱ-u̯	FALSE		peku ~ pekous		peću		n. u n.				"From EAD, supplanted by pekwom (q.v.) by OD and appearing only in poetry and formulae since."				pek-																old-1 form was 'peku' (updated)	probable_merge	term_exact	211	peku	"wealth, livestock"	canonical	7.75	"211:peku:wealth, livestock (7.75)"	peku; pekous	wealth	noun
pekvom	pekvom	‘wealth’	pekvom	dw0				FALSE						n. o n.				"From OD, a reanalysis of peku ‘cattle, livestock; wealth’ as the root of an o-stem neuter noun."																					probable_merge	partial_gloss	211	peku	"wealth, livestock"	canonical	3.25	"211:peku:wealth, livestock (3.25)"	pekvom	wealth	noun
peleks	peleks	‘maul’	peleks	dw0				FALSE						n. c m.				"From EAD peleks, pelekvam with the direct root taken into the oblique cases by OD."	pelekdots 'woodsplitter'			pelek-																	probable_new_entry	no_match							peleks	maul	noun
"penkves, -a"	"penkves, -a"	‘five’	"penkves, -a"	dw0				FALSE						num. (irr)	S-207			"From EAD penkve, reinterpreted as a c-stem, plural-only adjective."												kʷenkʷe < penkʷe	kʷenkʷe < penkʷe	fimfe < pimpe < penkʷe					pencues < pencue < penkʷe		probable_new_entry	low_match	213	penkve	five	canonical	6.00	213:penkve:five (6.00)	penkves; -a	five	noun
perkvāsiom	perkvāsiom	"‘oak grove, sacred site of oak trees, oak forest’"	perkvāsiom	dw0				FALSE						n. o n.				From EAD.				perkʷ-			PIE *perkʷ-														probable_new_entry	low_match	214	pérkus	oak	unresolved	2.17	"214:pérkus:oak (2.17) | 183:némos:grove; sanctuary (1.37) | 355:sakrovéstrom:sanctuary, sacred precinct (institutional) (1.31) | 279:tigrís:large, striped, predatory cat of forest environs (1.27) | 353:danvivéits:well-watcher, well-priest, guardian of the sacred precinct (1.27)"	perkvāsiom	"oak grove, sacred site of oak trees, oak forest"	noun
"pervan, -s"	"pervan, -s"	"‘boulder, rock’"	"pervan, -s"	dw0				FALSE						n. r/n n.				"From EAD pervar, parvens with normal -ar ~ -en- > -an leveling."				"per-wa-n-
per-w-an-"					PIE heteroclitic r/n *pérwr̥.												probable_new_entry	no_match							pervan; -s	"boulder, rock"	noun
pervana	pervana	"‘bridge, crossing, way’"	pervana	dw0				FALSE						n. a f.				"From OD, the plural of parvan reanalysed as a fem. noun."				"per-wa-n-
per-w-an-"																	probable_merge	partial_gloss	370	partús	"crossing, bridge, ford"	canonical	2.33	"370:partús:crossing, bridge, ford (2.33)"	pervana	"bridge, crossing, way"	noun
petara	petara	‘feather’	petara	dw0				FALSE						n. a f.	S-207			"Since OD, probaby from the same root as EAD petar, petans."	petaros ‘bird; (lit) feathered’			pet-																	probable_merge	gloss_exact	216	pétrā	feather	canonical	7.50	216:pétrā:feather (7.50)	petara	feather	noun
petaros	petaros	"‘bird, (lit.) feathered’"	petaros	dw0				FALSE						n. o m.	S-207		fauna	!From EAD.				pet-ar-										fuglaz < flug-la- < pluk-lo-				zori			probable_new_entry	low_match	101	gvetudervís	pine tree (lit. pitch-tree)	canonical	1.50	"101:gvetudervís:pine tree (lit. pitch-tree) (1.50) | 175:moriarksos:predatory sea mammal (lit. sea-bear) (1.45) | 66:ɣamṓ:person, human being, (lit.) earthling (1.45)"	petaros	"bird, (lit.) feathered"	noun
"pēts, -tes"	"pēts, -tes"	‘vindictive household spirit that plays malicious tricks’	"pēts, -tes"	dw0				FALSE						n. c m.			FMR	"From EAD with competing forms spāts  spaits, and spēts and t/d in the oblique indicating long-term and/or intensive contact between speakers of the borrowing and lending languages."									Coinage based on a childhood memory.												probable_new_entry	low_match	301	véiks	"village, household"	unresolved	1.32	"301:véiks:village, household (1.32) | 221:potís:husband, head of household (1.29) | 352:dā́nvī:feminine water-spirit, water-nymph (1.27) | 386:dérvī:feminine tree spirit, wood-nymph (1.25) | 280:tód:that (0.61)"	pēts; -tes	vindictive household spirit that plays malicious tricks	noun
petus	petus	‘penis’	petus	exact				FALSE		petus	petus			n. u m.				Since OD.				pet-			PG peton														probable_new_entry	no_match							petus	penis	noun
pezdis	pesdis	"‘fart, especially a soft or silent one’"		old2_only		*pesd-	*pésd-i-s	FALSE		"pezdis, -eis"	pezdis		pēdis (-VzC- > -VVC-)	n. i m.																									probable_merge	partial_gloss	207	párdus	fart	canonical	2.38	207:párdus:fart (2.38) | 361:βórnos:baby boy; the born one (1.41) | 161:maldús:soft (0.88) | 193:óinos:one (0.88) | 117:kamtóm:one hundred (0.03)	pezdis	"fart, especially a soft; silent one"	noun
piklis	piklis	‘fern’		old2_only				FALSE						n. i f.				Since OD. cf. piliks.									Proto-Karvelian per EDKL 83 *ipɣl-.												probable_new_entry	no_match							piklis	fern	noun
pītu ~ pītous	pītu ~ pīteus	‘food’		old2_only		*pei̯h₂-	*péi̯h₂-t-u̯ ~ *pi̯h₂-t-éu̯ ~s	FALSE		pītu ~ pītous				n. u n.																									probable_merge	gloss_exact	94	gvéitom	food	canonical	7.50	94:gvéitom:food (7.50)	pītu; pītous	food	noun
plānos	plānos	‘full’	plānos	exact		*pleh₂-	"*pleh₂-nos, *pl̥h₂-nos"	FALSE		"plānos, -om, -ā"				adj. a/o				Since AD.	"plāntaros, plāntamos"						PIE *pleh₁- > *pl̥h₁nós														probable_merge	gloss_exact	204	palnos	full	canonical	7.50	204:palnos:full (7.50)	plānos	full	adj
pleunðantom	pleunðantom	‘lead (metal)’	pleunðantom	gloss	REVIEW:gloss-match			FALSE						n. o n.			minerals	"Since OD, from AD pl(e)u(n)ðom. [old-1: Since OD, from AD pl(e)u(n)ðom.]"							unknown		NWIE?	plūdom?										old-1 form was 'pleunðantom'	probable_merge	partial_gloss	389	maldantóm	lead	candidate	3.00	"389:maldantóm:lead (3.00) | 362:áios:copper, bronze; (earlier) metal (1.65)"	pleunðantom	lead (metal)	noun
po	po	"‘off, away’"	po	dw0				FALSE						?				F																					probable_new_entry	no_match							po	"off, away"	
polka	polka	‘ploughed piece of land’	polka	dw0				FALSE						n. a f.		NWIE	agric.	From D0 polkaa.									IELF 110: *polḱeh₂.												probable_new_entry	no_match							polka	ploughed piece of land	noun
possus		‘low’	possus	old1_only	REVIEW:old1-only									adj. u				"From possu, loc.p. of pōts ‘foot’ (q.v.)."																					probable_merge	partial_gloss	402	ɣemelos	"lowly, low-lying, humble, simple"	unresolved	2.65	"402:ɣemelos:lowly, low-lying, humble, simple (2.65)"	possus	low	adj
"pūn, -s"	"pūn, -s"	‘fire (inanimate)’	"pūn, -s"	dw0				FALSE						n. r/n n.				"From EAD pūr, pūns."	"pūrāsiom ‘fireplace, hearth’, pūr"			pū-					PIE heteroclitic collective *puh₂-r/n- per Klimp 2015:79.												probable_merge	partial_gloss	224	pū́r	fire	canonical	3.00	224:pū́r:fire (3.00) | 35:ðeɣvís:fire (3.00) | 356:éngman:sacred fire-nature; the quality of being ensouled by fire (1.54)	pūn; -s	fire (inanimate)	noun
ɸaβnā	ɸaβnā	‘bean’	ɸaβnā	dw0				FALSE						n. a f.			flora	"Since OD, from AD 𐌘𐌀𐌘𐌍𐌀𐌀 βaβnaa."	famnela ‘little bean’			fam-					Wanderwort per EDL and EDPG.			faba < βaβā- < b⁽ʰ⁾ab⁽ʰ⁾-		*baunō- < bʰau-(neh₂-)					ƀan-na < ƀaƀ-na < bʰaw ~  b⁽ʰ⁾ab⁽ʰ⁾ (< βʷaβʷ- ?)		probable_new_entry	no_match							ɸaβnā	bean	noun
ɸeðom		"‘hole, grave; dungeon’"	ɸeðom	old1_only	REVIEW:old1-only									n. o m.				From EAD.				feð-					PIE *bʰédʰh₂-om.												probable_new_entry	no_match							ɸeðom	"hole, grave; dungeon"	noun
ɸilis	ɸilis	"‘friendship, friendly love’"	ɸilis	dw0				FALSE						n. i f.																									probable_new_entry	no_match							ɸilis	"friendship, friendly love"	noun
ɸlōza	ɸlōza	"‘goddess of plant life, especially flowers’"	ɸlōza	dw0				FALSE						n. a f.				From EAD.				flo-s-																	probable_merge	partial_gloss	102	gvītis	life	canonical	2.38	"102:gvītis:life (2.38) | 36:déivī:goddess (2.38) | 357:gʷī́vom:life (as animating principle) (1.46) | 403:ɣémī:feminine personification of earth, earth-goddess (1.41)"	ɸlōza	"goddess of plant life, especially flowers"	noun
ɸoðvā	ɸoðvā	‘battle’	ɸoðvā	gloss	REVIEW:gloss-match			FALSE						n. a f.				Since Ad.																				old-1 form was 'ɸoðvā'	probable_merge	partial_gloss	124	katús	"battle, fight"	unresolved	3.25	"124:katús:battle, fight (3.25)"	ɸoðvā	battle	noun
ɸoðvarā	ɸoðvarā	‘goddess of war; battle’	ɸoðvarā	gloss	REVIEW:gloss-match			FALSE						n. a f.				"Since AD, an apparent r-derivation from an unattested ɸoðvar ~ ɸaðvens. which would have usually resulted in a root *ɸoðvan-. [old-1: Since AD, an apparent r-derivation from an unattested ɸoðvar ~ ɸaðvens. which would have usually resulted in a root *ɸoðvan-.]"														EDPG 47: *badwō- < *bʰoudʰ-ueh₂.						old-1 form was 'ɸoðvarā'	probable_merge	partial_gloss	36	déivī	goddess	canonical	2.58	"36:déivī:goddess (2.58) | 124:katús:battle, fight (1.67) | 403:ɣémī:feminine personification of earth, earth-goddess (1.50)"	ɸoðvarā	goddess of war; battle	noun
ɸorna	ɸorna	‘baby girl’	ɸorna	dw0				FALSE						n. a f.				From EAD.				for-n-																	probable_new_entry	low_match	327	βórnā	baby (female)	unresolved	1.92	327:βórnā:baby (female) (1.92) | 361:βórnos:baby boy; the born one (1.65)	ɸorna	baby girl	noun
ɸrektrom	ɸrektrom	‘hammer’	ɸrektrom	dw0				FALSE						n. o n.				Since OD.							PIE *bʰreg-														probable_merge	gloss_exact	358	méltrom	hammer	canonical	7.50	358:méltrom:hammer (7.50)	ɸrektrom	hammer	noun
ɸrēvanā	ɸrēvanā	"‘spring, well, source’"	ɸrēvanā	dw0				FALSE						n. a f.				"Since OD from a root remade from *ɸrēvar, *ɸravens with the V-a ~ a-e- > V-a change for r/n stems."				"frē-wan-a
frēw-an-a"																	probable_new_entry	low_match	381	vozrā	Spring (season)	canonical	1.67	"381:vozrā:Spring (season) (1.67) | 408:vozrī:female personification of Spring (1.57) | 353:danvivéits:well-watcher, well-priest, guardian of the sacred precinct (1.42) | 345:duzviros:ne'er-do-well, bumpkin; criminal, villain, evil-doer (1.37)"	ɸrēvanā	"spring, well, source"	noun
rēgiom ~ rēgiōs	rēgiom			old2_only		*h₃reǵ-	*h₃rḗǵ-i̯om	FALSE		rēgiom ~ rēgiōs		rēźio /rēʒjo/																											probable_new_entry	no_match							rēgiom; rēgiōs		
regman ~ regmanes	regman ~ argméns	‘responsibility’		old2_only		*h₃reǵ-	*h₃reǵ-mn̥ ~ *h₃rǵ-mén-s	FALSE		regman ~ regmanes	reǵminoz																												probable_new_entry	no_match							regman; regmanes	responsibility	
regtos	rēgtos	"‘correct, straight’"	rēgtos	dw0				FALSE		"regtos, -om, -ā"	rektos	rektos		adj. a/o	S-207			"Since OD, from AD regtos with -g- > -k- by assimilatory devoicing."	"comp. rēktaros, superl. rēktamos."			rēg- ~ reg-			PIE *h₃reǵ-			>> rettos										old-1 form was 'rēgtos' (updated)	probable_new_entry	low_match	226	regús	"right, correct, proper"	canonical	1.75	"226:regús:right, correct, proper (1.75)"	regtos; rēgtos	"correct, straight"	adj
rektus	regtus	‘law’	regtus	dw0		*h₃reǵ-	*h₃reǵ-tu̯s	FALSE		rektus	rektus	reśtuz		n. u m.								rēg- ~ reg-			PIE *h₃reǵ-													old-1 form was 'regtus' (updated)	probable_new_entry	no_match							rektus; regtus	law	noun
reuðar ~ ruðens	reuðar ~ ruðens			old2_only		*h₁rewdʰ-	**h₁reudʰ-r̥ ~ **h₁rudʰ-én-s	FALSE																															probable_new_entry	no_match							reuðar; ruðens		
reunafera	reunafera	"‘goddess of secrets, secret knowledge, writing, reading, literacy, and literature’"	reunafera	dw0				FALSE						n. a f.				From EAD.																					probable_new_entry	low_match	36	déivī	goddess	canonical	2.06	"36:déivī:goddess (2.06) | 403:ɣémī:feminine personification of earth, earth-goddess (1.24)"	reunafera	"goddess of secrets, secret knowledge, writing, reading, literacy, and literature"	noun
rōssos		‘red’	rōssos	old1_only	REVIEW:old1-only									adj. a/o	S-207			"Since OD, from AD rouðos with regular loss of glide lengthening the preceding vowel and reanalysis of -ss-< -ðt- as the adjectival root."	"comp. rōssaros, super. rōssamos."			rouð-																	probable_merge	gloss_exact	232	rouðós	red	canonical	7.50	232:rouðós:red (7.50) | 234:ruðrós:red (7.50)	rōssos	red	adj
rudantom	rudantom	‘copper’	rudantom	dw0				FALSE						n. o n.			minerals	Since AD.																					probable_merge	partial_gloss	362	áios	"copper, bronze; (earlier) metal"	canonical	2.75	"362:áios:copper, bronze; (earlier) metal (2.75)"	rudantom	copper	noun
ruðēti	ruðēti			old2_only		*h₁rewdʰ-	*h₁rudʰéh₁ti	FALSE																															probable_new_entry	no_match							ruðēti		
rudom	rudom	‘ore’	rudom	dw0				FALSE						n. o n.			minerals	From OD.				raud-			wanderwort		Eur. subs. *arud- ~ raud- ‘ore’			"EDL 515: raudus, -eris < diff’t IE lang with pre-form *h1r(e/o)udʰ-os. (De Vaan does not mentiom subtratum.)"		EDPG 37: *arut- (< PPGm. arud- ?) borrowed from a-prefiɣ lang.							probable_new_entry	no_match							rudom	ore	noun
ruðris				old2_only		*h₁rewdʰ-		TRUE		ruðris																													probable_new_entry	no_match							ruðris		
ruðrom ~ ruðrōs		‘redness; swelling; embarrassment’		old2_only		*h₁rewdʰ-		TRUE		ruðrom ~ ruðrōs	ruðrom ~ ruðrosio			n. o n.																									probable_merge	gloss_exact	233	róuðos	"redness; embarrassment, arousal"	canonical	5.58	"233:róuðos:redness; embarrassment, arousal (5.58)"	ruðrom; ruðrōs	redness; swelling; embarrassment	noun
ruðs ~ ruðes	reuðs ~ ruðes			old2_only		*h₁rewdʰ-	*h₁réwdʰ-s ~ *h₁rudʰ-és/ós	TRUE		ruðs ~ ruðes	reuðs ~ ruðes		reðs ~ ruðes																										probable_new_entry	no_match							ruðs; ruðes		
russis	ruððis			old2_only		*h₁rewdʰ-	**h₁rudʰ-dʰh₁-is	TRUE		russis	russis																												probable_new_entry	no_match							russis		
ruts	ruts	‘copper’	ruts	dw0				FALSE						n. c m.			minerals	Since AD with gen.s. both rudes and rutes.																					probable_merge	partial_gloss	362	áios	"copper, bronze; (earlier) metal"	canonical	2.75	"362:áios:copper, bronze; (earlier) metal (2.75)"	ruts	copper	noun
sagarra	sagarra	‘apple’	sagarra	dw0				FALSE						n. a f.			agric.	From EAD.				sag-ar-					"Vasconic per EDB 335: sagar, ‘id’."												probable_merge	gloss_exact	393	ábōl	apple	candidate	7.50	393:ábōl:apple (7.50)	sagarra	apple	noun
sakvantom	sakvantom	‘tin’	sakvantom	dw0				FALSE						n. o n.			minerals	"Since OD, from AD sakvom (q.v.) and -antom ‘metal; subtstance, material’."																					probable_new_entry	no_match							sakvantom	tin	noun
sakvom	sakvom	‘tin’	sakvom	dw0				FALSE						n. o n.			minerals	"In AD as (t)saɣvom, (t)saɣvom, and (t)sakvom. The inconsistent onset in (t)s- and variation in the labiovelar, as well as its association with a trade item, indicate a likely borrowing during intensive language contact. See sakvantom."				saɣw- ~ sakw-					Proto-Circassion t͡saɣʷ.												probable_new_entry	no_match							sakvom	tin	noun
"sān, -s"	"sān, -s"	‘sun’	"sān, -s"	dw0				FALSE						n. r/n n.	"S-207, SY"			"From EAD sāval, savens leveling to sāvan, sāvans by OD and contracting (-V̄̆¹YV̄̆¹- > V̄¹) to sān, sāns by CD."										"sāval, sāvans > sāl, sāns > sān, -s"											probable_merge	gloss_exact	243	sā́val	sun	canonical	7.50	243:sā́val:sun (7.50) | 405:sāl:sun (7.50) | 406:sūl:sun (7.50)	sān; -s	sun	noun
sanatsa	sanatsa	‘willow’	sanatsa	dw0				FALSE						n. a f.			flora	From EAD.									"Vasconic per EDB 335: sahats, < sanats ‘id’."	> sanassa											probable_merge	partial_gloss	239	salikā	willow (tree)	canonical	3.25	239:salikā:willow (tree) (3.25)	sanatsa	willow	noun
saβa	saβa	"‘sap, wine concentrate, (fig) blood’"	saβa	dw0				FALSE						n. a f.			vinic.	From EAD.							unknown														probable_new_entry	low_match	63	ézar	blood	canonical	2.25	"63:ézar:blood (2.25) | 241:sanī:menstrual blood (1.43) | 146:kvoinā́:blood-money, ransom, great cost (1.32)"	saβa	"sap, wine concentrate, (fig) blood"	noun
sēklom	sēklom	‘scythe’	sēklom	dw0				FALSE						n. o n.				From EAD.				sēk-l-			PIE *sek-.														probable_new_entry	no_match							sēklom	scythe	noun
seks	seks	‘siɣ’	seks	dw0				FALSE						num. (irr)				From EAD.									PIE *(s)ueks.			seɣ < seks < (s)ueks	sweɣs < sweks	sehs < seks < (s)uek-s							probable_new_entry	no_match							seks	siɣ	noun
seliom	seliom	‘sweet meat (animal organs as food)’	seliom	dw0				FALSE						n. o n.				From EAD.																					probable_new_entry	low_match	94	gvéitom	food	canonical	2.25	"94:gvéitom:food (2.25) | 97:ɣvḗr:wild animal, beast (1.39) | 264:svādús:sweet (0.75)"	seliom	sweet meat (animal organs as food)	noun
setra	setra	‘sturgeon’	setra	dw0				FALSE						n. a f.													"Eur. subs. PGm. sturjan-, sturjōn- < *str-i- (not sure what this means) ~ PBS *asetr-, esetr-"												probable_new_entry	no_match							setra	sturgeon	noun
soɣvā	soɣvā	‘sea’	soɣvā	dw0				FALSE						n. a f.	S-207			Since OD.									Proto-Kartvelian per EDKL 62: *zɣwa-.	> sova											probable_merge	gloss_exact	174	morí	sea	canonical	7.50	174:morí:sea (7.50)	soɣvā	sea	noun
sokios	sokios	"‘friend, ally, companion (in a platonic sense)’"	sokios	exact				FALSE		sokios	sokios	sokiuz		n. o m.				From EAD.	sokia ‘girlfriend (in a romantic sense)’	oinos sokios vēros ‘a true friend’		sok-i-																	probable_merge	partial_gloss	257	sokiós	"friend, ally"	canonical	2.75	"257:sokiós:friend, ally (2.75)"	sokios	"friend, ally, companion (in a platonic sense)"	noun
statis	statis	"‘standing, position, station (in life or social situations)’"	statis	dw0				FALSE						n. i f.				Since AD.																					probable_new_entry	low_match	102	gvītis	life	canonical	2.17	102:gvītis:life (2.17) | 96:gvénī:lady (woman of moral or social standing) (1.61) | 357:gʷī́vom:life (as animating principle) (1.33)	statis	"standing, position, station (in life; social situations)"	noun
sulla	sulla	‘daughter’	sulla	dw0				FALSE			sulla			n. a f.				"Since OD, from AD sunela."				sun-						> sunla > sulla											probable_merge	gloss_exact	52	ðúktēr	daughter	canonical	7.50	52:ðúktēr:daughter (7.50)	sulla	daughter	noun
talkvō	talkvō	‘to talk’	talkvō	dw0				FALSE						v.				From D0 t(a)lkvoo.									tl̥kʷ- > talkʷ-?												probable_new_entry	no_match							talkvō	to talk	verb
taludom	taludom	‘temple? shrine?’ (hapaɣ)	taludom	exact				FALSE		taludom	taludom	—		n. o n.				Since AD.									Coinage based on the generated Sitrama Nerro teɣt.												probable_new_entry	no_match							taludom	temple? shrine? (hapaɣ)	noun
tānom	tarnom	"‘thorn, jagger; brush comprised of plants with thorns or jaggers’"		old2_only			*tr̥nós >	FALSE		tānom	tarnom	tirnan		n. o m.				Since OD.																					probable_new_entry	no_match							tānom	"thorn, jagger; brush comprised of plants with thorns; jaggers"	noun
tarnos		"‘thorn, brier’"	tarnos	old1_only	REVIEW:old1-only									n. o m.				Since OD.																					probable_new_entry	no_match							tarnos	"thorn, brier"	noun
tāstus ~ tāstous	tarstus ~ tarsteus	‘thirst’	tarstus	gloss	REVIEW:gloss-match	*ters-	*térs-tu-s ~ *tr̥s-téw-s	FALSE		tāstus ~ tāstous	tarstus ~ tarstous	tirstuz ~ tirtstouz		n. u m.																								old-1 form was 'tarstus'	probable_new_entry	no_match							tāstus; tāstous; tarstus	thirst	noun
terzom ~ terzōs	tersom	"‘desert, arid area’"		old2_only		*ters-	*ters-ó-m ~ *ters-ó-si̯o	FALSE		terzom ~ terzōs	terzo			n. o n.																									probable_new_entry	no_match							terzom; terzōs	"desert, arid area"	noun
theumman	theumman	‘depth’		old2_only				FALSE						?											PIE *dʰewbʰ-mn̥														probable_new_entry	no_match							theumman	depth	
"tos, tom, ta"	"tos, tom, ta"	‘the’	"tos, tom, ta"	dw0				FALSE						?				From EAD.																					probable_new_entry	no_match							tos; tom; ta	the	
upelos	upelos	"‘bad, evil’"	upelos	dw0				FALSE						n. o m.	S-207			From EAD.				up-el-			unknown		EDPG 117: *elhja- < *h1elk-io-.	upelos > /upᵊlos/ > uplos > ullos?		EDL 360: malus < PIt. *malo- < PIE *mol-o- (uncertain).	"EDPC 105: *druko- < PIE *dʰrewgʰ- with special formal pleading.

EDPC 396: *ufelo- < PIE *h₂up-elo- < *h₂wop-."	"EDPG 557: *ubilaz < *up-elo- but ≠ *h₂wop-.

elhjaz < h1elkos"							probable_new_entry	low_match	345	duzviros	"ne'er-do-well, bumpkin; criminal, villain, evil-doer"	canonical	1.47	"345:duzviros:ne'er-do-well, bumpkin; criminal, villain, evil-doer (1.47)"	upelos	"bad, evil"	noun
uperi	uperi	"‘over, above’"	uperi	dw0				FALSE						?				From EAD.																					probable_new_entry	low_match	286	upér	over	canonical	2.00	286:upér:over (2.00)	uperi	"over, above"	
vāðeks	wāðeks	"‘tyrant, warlord, conqueror’"	"vāðeks, -kes"	gloss	REVIEW:gloss-match	*weh₂dʰ-	**weh₂dʰ-ek-s	FALSE		vāðeks /waːðeks/	vādeks /waːdeks/			n. c m.				From AD 𐌖𐌀𐌀𐌈𐌄𐌊𐌔.		vāðeks melðaniom mādieti ‘may the invader meet Melðanios!’		wāð-ek-			PIE *u̯eh₂dʰ- as if from PIE or post-PIE noms. *u̯eh₂dʰ-ék-s gen.s. u̯h₂dʰ-ék-es with a sense of ‘one who tresspasses’ but unsure of what the actual PIE form would have been.		"The subject of Vathek, by William Beckford, “who, for the sake of empty pomp and forbidden power, had sullied himself with a thousand crimes, became a prey to grief without end, and remorse without mitigation[.]” But also perhaps a derivation of PIE *weh₂dʰ- and a spurious -ek- suffiɣ?"											"old-1 form was 'vāðeks, -kes'"	probable_new_entry	no_match							vāðeks; -kes	"tyrant, warlord, conqueror"	noun
vantrom	vantrom	"‘awe, wonder’"	vantrom	dw0			*wn̥h₁-tro-m	FALSE						n. o m.				Since AD.																					probable_new_entry	no_match							vantrom	"awe, wonder"	noun
vapnis	vapnis	‘oven’	vapnis	dw0				FALSE						n. ? ?				From EAD.				up-n-						upnos > umnos > unnos ? assimilation				EDPG 557 *ufna- < *upno- ?							probable_new_entry	no_match							vapnis	oven	noun
veidara	veidara	‘goddess of wisdom’	veidara	dw0				FALSE						n. a f.				"From LAD, from the stem of LAD veidan leveled from EAD veidar, videns all ultimately from a root veid- ‘see, know’."																					probable_merge	partial_gloss	36	déivī	goddess	canonical	3.00	"36:déivī:goddess (3.00) | 403:ɣémī:feminine personification of earth, earth-goddess (1.65)"	veidara	goddess of wisdom	noun
veistvō	veistvō	"‘we two, the two of us, the speaker and listener only’"	veistvō	dw0				FALSE						pron.	S-207			"Since OD, a compound of veis ‘we’ and dvō ‘two’."				wei-du-																	probable_new_entry	low_match	55	dúvō	two	canonical	0.67	55:dúvō:two (0.67) | 58:dvṓ:two (0.67)	veistvō	"we two, the two of us, the speaker and listener only"	pron
vereza	vereza	‘Summer’	vereza	dw0				FALSE						n. a f.				"Since OD, an a-stem derivative of the oblique of AD weros, weresos ‘id.’"				wer- ~ wor-			"PIE *gʱwér- > *gʱwéros, *gʱwéresos."														probable_new_entry	no_match							vereza	summer	noun
vēris	vēris	‘truth’		old2_only				FALSE						n. i f.				Since AD.																					probable_new_entry	no_match							vēris	truth	noun
"verman, -s"	"verman, -s"	‘warmth’	"verman, -s"	dw0				FALSE						n. n n.				"Since OD, from AD werman ~ warmens."				wer- ~ wor-			"PIE *gʱwér- > *gʱwéros, *gʱwéresos."														probable_new_entry	no_match							verman; -s	warmth	noun
vērotāts ~ vērotātes				old2_only		*weh₁-	*weh₁-r-o-teh₂ts	FALSE		vērotāts ~ vērotātes				n. ? ?																									probable_new_entry	no_match							vērotāts; vērotātes		noun
vesus		"‘(archaic) good, eɣcellent’"	vesus	old1_only	REVIEW:old1-only									adj. u				Since AD but relegated to formulae and poetry by OD.	"comp. vestaros, spl. vestamos"																				probable_merge	partial_gloss	309	vezús	good	canonical	2.58	"309:vezús:good (2.58) | 388:déru:tree (archaic) (0.17) | 404:sāval:sun (archaic, religious register) (0.00)"	vesus	"(archaic) good, eɣcellent"	adj
vētis	vētis	‘hatred’	vētis	dw0				FALSE						n. i f.				"Since OD, from AD dvētis."																					probable_merge	gloss_exact	111	kā́dos	hatred	canonical	7.50	111:kā́dos:hatred (7.50)	vētis	hatred	noun
vīnom	vīnom	‘wine’	vīnom	dw0				FALSE						n. o n.			vinic.	From EAD.				wī-n-					PIE												probable_new_entry	no_match							vīnom	wine	noun
"vodan, -s"	"vodan, -s"	‘water (inanimate)’	"vodan, -s"	dw0				FALSE						n. r/n n.	"S-207, SY"			"Since OD, from AD wodar ~ wedans."				wod-ar/n-		r/n				"vodar, vodans > vodan, -s"											probable_merge	partial_gloss	284	udṓr	water	canonical	3.00	"284:udṓr:water (3.00) | 314:vódar:water (3.00) | 351:dā́nu:flowing water, river (1.75) | 352:dā́nvī:feminine water-spirit, water-nymph (1.65)"	vodan; -s	water (inanimate)	noun
vordos		"‘dirty, stained; dark’"	vordos	old1_only	REVIEW:old1-only									adj. a/o				"Since OD, from AD svordos."	"comp. vorsaros, superl. worsamos"			swo-r-d- ?																	probable_merge	partial_gloss	267	svórdos	dirty	canonical	2.58	"267:svórdos:dirty (2.58) | 57:ðuzvos:dark (of a color) (1.67) | 54:ðuskos:dark, dusky (of a person or object) (1.50)"	vordos	"dirty, stained; dark"	adj
vormos	wormos	‘warm’	vornos	gloss	REVIEW:gloss-match			FALSE		"vormos, -om, -ā"				adj. a/o	S-207			"Since OD, from AD vormos, with m > n from assimilation in the comp. and spl. forms."	"comp. vorntaros, superl. vorntamos"			wer- ~ wor-			PIE *gʱwér- >  *gʱwormos.													old-1 form was 'vornos'	probable_new_entry	no_match							vormos; vornos	warm	adj
wosara	wosara	‘Spring (season)’	vosara	gloss	REVIEW:gloss-match			FALSE						n. a f.				"Since OD, an a-stem derivation of an n-stem reanalysis of OD vosar, vesans."				wes-ar-																old-1 form was 'vosara'	probable_merge	gloss_exact	381	vozrā	Spring (season)	canonical	7.50	381:vozrā:Spring (season) (7.50)	wosara; vosara	spring (season)	noun
βussos	βussos	‘awake’		old2_only		*bʰewdʰ-	*bʰudʰtós	FALSE		"βussos, -om, -ā"	ɸussos	buttoz		adj. a/o																									probable_new_entry	no_match							βussos	awake	adj