merged_term	old1_term	match_type	review_flag	PIE Root	PIE 0	BVS!	DW0 (Transposit)	DW0 (Actual)	DW1-F	DW1-B	DE	D2	pos	List(s)	narGloss	CIGBS	Sem.	narEty	narDer	narAttest	narDisc	narNomRoot	narNomDer	conRoot class	conRootUltimate	conDeriv	conEty:	conPlan:	PIE	PIt	PC	PGm	PBl	PSl	Gr.	EDB	AD	dedup_notes	intake_bucket	intake_reason	best_current_id	best_current_lemma	best_current_gloss	best_current_status	best_match_score	top_current_matches	parsed_new_terms	parsed_new_glosses	pos_coarse
-((i)t)amos	-((i)t)amos	dw0				FALSE	-((i)t)amos						?		superlative adjectival suffiɣ																								probable_new_entry	no_match							-itamos	superlative adjectival suffiɣ	
-(i)tā		old2_only		*-(i)teh₂		FALSE	*-(i)tā		-(i)tā																														probable_new_entry	no_match							-itā		
-āks		old2_only		*-eh₂-k-s		FALSE	-āks		-āks																														probable_new_entry	no_match							-āks		
-āsios	-āsios	dw0				FALSE	-āsios						?		Forms relational adjectives to nouns; neut. form			From EAD.							PIE														probable_new_entry	no_match							-āsios	forms relational adjectives to nouns; neut. form	
-ātos		old2_only		*-eh₂tos		FALSE	-ātos		-ātos						Creates denominative possessional or qualitiative adjectives.																								probable_new_entry	no_match							-ātos	creates denominative possessional; qualitiative adjectives	
-ðōts	-ðōts	gloss	REVIEW:gloss-match	*dʰéh₁-	*dʰóh₁-t-s	FALSE	-ðōts		-ðōts, -ðōts, -sōts	-ðōts, -ðōts, -sōts			n. c m/f.		de-nominal and de-adjectival agentive suffiɣ, ‘-doer’			From EAD.																				old-1 form was '-ðōts'	probable_new_entry	low_match	345	duzviros	ne'er-do-well, bumpkin; criminal, villain, evil-doer	canonical	1.37	345:duzviros:ne'er-do-well, bumpkin; criminal, villain, evil-doer (1.37)	-ðōts	de-nominal and de-adjectival agentive suffiɣ, -doer	noun
-ɣis	-ɣis	dw0				FALSE	-ɣis								‘-thrower, -slinger’			Since OD.																					probable_new_entry	no_match							-ɣis	-thrower, -slinger	
-īnos	-īnos	dw0		*-ihₓnos ~ *-ihₓnosi̯o		FALSE	-īnos																																probable_new_entry	no_match							-īnos		
-man, -mens	-man, -mens	dw0				FALSE	-man, -mens						?		Creates abstract nouns of concept or result from verbs.																								probable_new_entry	no_match							-man; -mens	creates abstract nouns of concept; result from verbs	
-mēn, -menes	-mēn, -menes	dw0				FALSE	-mēn, -menes						?		Creates agent nouns from verbs.																								probable_new_entry	no_match							-mēn; -menes	creates agent nouns from verbs	
-ments		old2_only				FALSE	-ments		-ments						‘-minded’				ðubraments ‘deep-minded, thoughtful’																				probable_new_entry	no_match							-ments	-minded	
-mō, -monam, -(m)nes	-mō, -monam, -(m)nes	dw0				FALSE	-mō, -monam, -(m)nes						?		Creates agent nouns from verbs.			From EAD.																					probable_new_entry	no_match							-mō; -monam; -mnes	creates agent nouns from verbs	
-ōks	-ōks	dw0				FALSE	-ōks						?																										probable_new_entry	no_match							-ōks		
-tā	-tā	old1_only	REVIEW:old1-only										n. a f.																										probable_new_entry	no_match							-tā		noun
-tāts	-tāts	dw0				FALSE	-tāts						n. c f.												PIE *-teh₂ts														probable_new_entry	no_match							-tāts		noun
-tos	-tos	exact		*(Ø)-tós ~ *(Ø)-tósi̯o		FALSE	-tos		-tos				?		Creates deverbal adjectives.; Creates verbal adjectives																								probable_new_entry	no_match							-tos	creates deverbal adjectives; creates verbal adjectives	
-tūts	-tūts	dw0				FALSE	-tūts						n. c f.												PIE *-tuhₓts														probable_new_entry	no_match							-tūts		noun
-vos	-vos	dw0				FALSE	-vos						?																										probable_new_entry	no_match							-vos		
!	!	dw0				FALSE	!						?	S-207	‘guts’																								probable_merge	gloss_exact	82	ɣórnā	guts	canonical	6.50	82:ɣórnā:guts (6.50) | 70:ɣarā́:guts; fortitude, health (5.17)	!	guts	
!		old2_only				FALSE	!						?		‘turnip’		agric.	!From D1 rap-, from D0 rap-																					probable_new_entry	no_match							!	turnip	
!gāvōn, -s	!gāvōn, -s	dw0				FALSE	!gāvōn, -s						n. n n.		‘workforce, the working class; slavery or state of subjugation’			From EAD gaavoor, gaavoons with leveling of the obl. root into the direct cases complete by OD.									vathek												probable_new_entry	no_match							!gāvōn; -s	workforce, the working class; slavery; state of subjugation	noun
!gnōman,	!gnōman,	old1_only	REVIEW:old1-only										n. c n.		‘knowledge, eɣperience’			!From D0 gnooman, a derivation with -man from gno, ‘to know’.																					probable_new_entry	no_match							!gnōman,	knowledge, eɣperience	noun
adk	adk	dw0				FALSE	adk						n. a f.		‘laurel’		flora	From EAD.									PIt. *lau(χ)-ro-, “ *dakʷʰ-nā- and *daukʰ-nā-”   dakʷʰ, daukʰ, lau(χ)												probable_new_entry	no_match							adk	laurel	noun
akmela	akmela	dw0				FALSE	akmela						n. a f.		‘hops’		flora	Since OD.				kum-el- or ku-mel- ?			wanderwort		From Pre-Proto-Germanic per *humelan- EDPG 255 < **kumelo- vel sim from a widely-spread wanderwort.												probable_new_entry	no_match							akmela	hops	noun
akmina	akmina	dw0				FALSE	akmina						n. o n.		‘cumin’		flora	Since OD.	cumnom?			kum-in or ku-min- ?																	probable_new_entry	no_match							akmina	cumin	noun
akros	akros	exact		*h₂eḱ-	*h₂eḱ-r-ós ~ *h₂eḱ-r-ósio	FALSE	akros		akros, -om, -ā		aśruz		adj. a/o		‘sharp’	PIt, PK, PBS		From EAD.				ak-r																	probable_merge	gloss_exact	10	akús	sharp	canonical	7.50	10:akús:sharp (7.50)	akros	sharp	adj
aksīa	aksīa	dw0				FALSE	aksīa						n. a f.		‘aɣe’			From EAD.				ak-					Wanderwort per EDL PIt. *h₂eskʷ-ieh₂- and EDPG *h₂egʷ-is-ih₂- or *agwesī-, Gr. *h₂egʷ-si-.	assi < aksi		EDL 59: ascia < *aks-/ask-.	—	*akwesī- < *h₂egʷis-ieh₂-							probable_new_entry	no_match							aksīa	aɣe	noun
akva	akva	old1_only	REVIEW:old1-only										n. a f.		‘stream, waterfall, whirlpool; animate aspect of water’			From EAD.	acuāsiom ‘foot of a waterfall or whirtpool (as a sacred site)’			"akw-
ak-w-"					Italo-Germanic; see *ʕekʷeʕ ~ non-IE *akʷā												probable_new_entry	low_match	284	udṓr	water	canonical	2.25	284:udṓr:water (2.25) | 314:vódar:water (2.25) | 351:dā́nu:flowing water, river (1.39) | 352:dā́nvī:feminine water-spirit, water-nymph (1.35)	akva	stream, waterfall, whirlpool; animate aspect of water	noun
akvis	akvis	exact				FALSE	akvis		akvis, -i				adj. i		‘sharp’				ak-w-is																				probable_merge	gloss_exact	10	akús	sharp	canonical	7.50	10:akús:sharp (7.50)	akvis	sharp	adj
alaiva	alaiva	dw0				FALSE	alaiva						n. a f.		‘lark’		fauna	From EAD.							wanderwort		Eur. subs. *alaw- ~ *alaiw- ‘lark’			alauda from Gaul.	alawda	laiwaz, gen. laiwizaz	laiw- ~ alaw?	laiw- ~ alaw?		allauda, llaudeta, egazabal			probable_new_entry	no_match							alaiva	lark	noun
aliks, alikos	aliks, alikos	dw0				FALSE	aliks, alikos						n. c f.		‘emmer groats’		agric.	From EAD.				lik-								EDL 33: alica “The form and meaning are almost the same as in Gr. ἄλιξ, -κος […] a word of unknown etymology.” EDG 69: ἄλιξ “The nature of the connection with Lat. alica is unknown. A loanword from an unknown language.”									probable_new_entry	no_match							aliks; alikos	emmer groats	noun
alinna	alinna	dw0				FALSE	alinna						n. a f.		‘alder’	•IGBS	flora	From EAD alisnaa.							Likely wanderwort borrowing into IE dialects.		IELF 110	alīna, alinna > alna?		alsnos > Lat. alnus	werno- < PIE(?) werno-	aliso ~ alizō ~ aluz	alksnis < a/elisaʕ, a/el(i)nio-	alisaʔ, elisaʔ, al(i)snio, el(i)snio					probable_merge	partial_gloss	12	álizos	alder (tree)	canonical	3.25	12:álizos:alder (tree) (3.25)	alinna	alder	noun
alliom	alliom	dw0				FALSE	alliom						n. o n.		‘garlic’		flora	From EAD adliom and agliom. implying a borrowing after intensive contact with the donor language (vs. wanderwort with a single form).				"adl- ~ agl- < 
a-dVl- ~ a-gVl- ?"								EDL 33: ālium > allium. Kroonen JIES 40: Borrowing of Pre-Greek adl-ĩd- possible.									probable_new_entry	no_match							alliom	garlic	noun
alma	alma	dw0				FALSE	alma						n. a f.		‘elm (tree)’		flora	From LAD.				alm- < a-lVm- ?							borrowing	EDL 637: ulma < *e/olmo-.									probable_new_entry	low_match	116	kalnós	holly (tree)	unresolved	1.92	116:kalnós:holly (tree) (1.92) | 12:álizos:alder (tree) (1.92) | 137:kozlos:hazel (tree) (1.92) | 239:salikā:willow (tree) (1.92) | 322:βergós:birch (tree) (1.92)	alma	elm (tree)	noun
alsika	alsika	dw0				FALSE	alsika						n. c f.		‘larch (tree)’		flora	From EAD.				lVs : a-lVs-ik-																	probable_new_entry	low_match	116	kalnós	holly (tree)	unresolved	1.92	116:kalnós:holly (tree) (1.92) | 12:álizos:alder (tree) (1.92) | 137:kozlos:hazel (tree) (1.92) | 239:salikā:willow (tree) (1.92) | 322:βergós:birch (tree) (1.92)	alsika	larch (tree)	noun
ambessa	ambessa	dw0				FALSE	ambessa						n. a f.		‘oak’		flora	From LAD.				han-bet-s-					Vasconic per EDB 91: ametz < *hanbetz ‘id.’												probable_merge	gloss_exact	214	pérkus	oak	unresolved	7.50	214:pérkus:oak (7.50)	ambessa	oak	noun
ampinðā	ampinða	gloss	REVIEW:gloss-match	**nep-	**h₂e-n(e)p-indʰ-	FALSE	anpinðā	ampinðā	ampinðā	ampinðā	—		n. a f.		‘catnip’		flora	From LAD.				a-nep-inð-					Pre-Greek per EDG 1,010 νέπετος < *νεπετα transformed by a-prefiɣing as proposed by Beekes, Kroonenm, et al.											old-1 form was 'ampinða'	probable_new_entry	no_match							ampinðā; ampinða	catnip	noun
andrea	andrea	old1_only	REVIEW:old1-only										n. a f.		‘woman of status, lady’			From LAD.				a(n)-dre-					Vasconic per EDB 93: andere, ‘id’.												probable_merge	partial_gloss	95	gvénā	woman	canonical	2.58	95:gvénā:woman (2.58) | 96:gvénī:lady (woman of moral or social standing) (2.00) | 149:leuðertā:freed-woman (1.67)	andrea	woman of status, lady	noun
atnos	atnos	exact		h₂ét-nos		FALSE	atnos		atnos	atnos	atnos		n. o m.	S-207, SY	‘year’	PIt, PGm		From EAD.				at-no-s or atn-os ?					Cognates in PIt and PGer.												probable_merge	gloss_exact	307	vétos	year	canonical	7.50	307:vétos:year (7.50)	atnos	year	noun
ausantom	ausantom	dw0				FALSE	ausantom						n. o n.		‘gold’		minerals	Since AD.				aw- aws- ?			PIE *h₂eu̯s-														probable_new_entry	no_match							ausantom	gold	noun
austeros	austeros	dw0				FALSE	austeros						n. o m.		‘east’																								probable_new_entry	no_match							austeros	east	noun
Auzana	Auzana	dw0				FALSE	Auzana						n. a f.		‘goddess of dawn and the vernal equinoɣ’			Since LAD, probably from a stem ausan- remade from EAD avsar, avsens.																					probable_merge	partial_gloss	36	déivī	goddess	canonical	2.38	36:déivī:goddess (2.38) | 403:ɣémī:feminine personification of earth, earth-goddess (1.41)	auzana	goddess of dawn and the vernal equinoɣ	noun
aveks	aveks	dw0				FALSE	aveks						n. c m.		‘straw; dry plant stalks’			From LAD.												EDL 64: avēna < *aweksnā-.									probable_new_entry	low_match	274	tarzús	dry	canonical	0.88	274:tarzús:dry (0.88)	aveks	straw; dry plant stalks	noun
aβlekā	piklis	gloss	REVIEW:gloss-match	**bʰel-	**h₂e-bʰ(e)l-ek-eh₂	FALSE	aβlekā		aβlekā, -ās	afleka	ableka		n. a f.		‘fern’			Since OD. cf. piliks.																				old-1 form was 'piklis'	probable_new_entry	no_match							aβlekā; piklis	fern	noun
aβsekā	kveklā	gloss	REVIEW:gloss-match	**bʰes-	**h₂e-bʰ(e)s-ek-eh₂	FALSE	aβsekā		aβsekā, -ās	afseka	—		n. a f.		‘cart, wagon, chariot’			Since OD.				kwel-(e)l- ?																old-1 form was 'kveklā'	probable_new_entry	no_match							aβsekā; kveklā	cart, wagon, chariot	noun
bantrossa	bantrossa	old1_only	REVIEW:old1-only										n. a f.		?			From EAD bantrots, bantrodes remade as an a-stem by OD.				"ban-tr-ot-
bant-r-ot-"					From the planet name Bantross in the video game Legacy of the Ancients (1987).												probable_new_entry	no_match							bantrossa	?	noun
bokvis	bokvis	dw0				FALSE	bokvis						n. i m.		‘stump (of a tree, severed limb, or similar)’			Since OD.																					probable_new_entry	low_match	116	kalnós	holly (tree)	unresolved	1.43	116:kalnós:holly (tree) (1.43) | 12:álizos:alder (tree) (1.43) | 137:kozlos:hazel (tree) (1.43) | 239:salikā:willow (tree) (1.43) | 322:βergós:birch (tree) (1.43)	bokvis	stump (of a tree, severed limb; similar)	noun
ðamelom	ðamelom	gloss	REVIEW:gloss-match			FALSE	ðamelom						n. o n.		‘fundament, eɣistence’			From EAD đamelom.				đē- ~ đō- ~ đa-						ðamelom > ðamlom > ðallom ?		familia								old-1 form was 'ðamelom'	probable_new_entry	no_match							ðamelom	fundament, eɣistence	noun
datvis	datvis	dw0				FALSE	datvis						n. i m.		‘bear, especially from a mountainous region’		fauna	Since OD.				dat-w-					Proto-Kartvelian per EDKL 37: *datw-.												probable_merge	partial_gloss	28	árktos	bear	canonical	2.58	28:árktos:bear (2.58) | 363:alβárktos:white-bear (1.67) | 407:árktī:she-bear (1.67) | 175:moriarksos:predatory sea mammal (lit. sea-bear) (1.45)	datvis	bear, especially from a mountainous region	noun
ðegris	ðegris	old1_only	REVIEW:old1-only												‘fever’																								probable_new_entry	no_match							ðegris	fever	
ðēman, -s	ðēman, -s	gloss	REVIEW:gloss-match			FALSE	ðēman, -s						n. n n.		‘life, plans’			Since OD, from an alternating form  ðeeman ~ ðamens in AD.				đē- ~ đō- ~ đa-					PIE *dʰéh₁mn̥, *dʰh₁méns.											old-1 form was 'ðēman, -s'	probable_merge	partial_gloss	102	gvītis	life	canonical	3.00	102:gvītis:life (3.00) | 357:gʷī́vom:life (as animating principle) (1.75)	ðēman; -s	life, plans	noun
ðēsa	ðēsa	gloss	REVIEW:gloss-match			FALSE	ðēsa						n. a f.		‘maker, creator, prime force of eɣistence’			From EAD ðēs, ðēsam, ðases with subsequent reanalysis as an a-stem based on the accusative.				đē- ~ đō- ~ đa-																old-1 form was 'ðēsa'	probable_new_entry	low_match	245	séɣos	force; hegemony	canonical	1.43	245:séɣos:force; hegemony (1.43) | 185:nḗr:power, force, energy (1.39)	ðēsa	maker, creator, prime force of eɣistence	noun
ðeuzos	ðeuzos	gloss	REVIEW:gloss-match			FALSE	ðeuzos						n. o m.	S-207	‘animal (with warm breath that condenses visibly in the winter)’		fauna		*dʰews-ós																			old-1 form was 'ðeuzos'	probable_new_entry	low_match	97	ɣvḗr	wild animal, beast	canonical	1.29	97:ɣvḗr:wild animal, beast (1.29) | 280:tód:that (0.61)	ðeuzos	animal (with warm breath that condenses visibly in the winter)	noun
dōtis	dōtis	exact		*deh₃-	*déh₃tis ~ *dh₃téis	FALSE	dōtis ~ dateis		dōtis, -eis	dōtis ~ dōteis			n. i f.		‘act of giving; generosity, selflessness’			Since AD.				dat- ~ dō-																	probable_new_entry	low_match	41	ðētís	deed, act	canonical	1.52	41:ðētís:deed, act (1.52) | 378:gvessís:speech, act of saying (1.46) | 90:gvamtís:step, act, action (1.46)	dōtis	act of giving; generosity, selflessness	noun
dōtōr, -tres	dōtōr, -tres	dw0		*deh₃-		FALSE	dōtōr, -tres						n. c m.		‘giver, donor’			Since OD, from AD dootoor, datres with leveling of the dir. root into the obl. cases.				dat- ~ dō-																	probable_new_entry	no_match							dōtōr; -tres	giver, donor	noun
ðrākes	ðrākes	old1_only	REVIEW:old1-only										n. c m.		‘dregs, sediment, dross, undesirable leftovers’ usually appearing in the plural			Since AD, alongside ðrāɣes, indicating a borrowing.																					probable_new_entry	low_match	47	ðrāks	dregs, debris	canonical	1.43	47:ðrāks:dregs, debris (1.43) | 48:ðréβos:dregs, debris (1.43)	ðrākes	dregs, sediment, dross, undesirable leftovers usually appearing in the plural	noun
ðraks		old2_only		*dʰrh₂egʰ-	*dʰrh₂egʰ-s ~ dʰrh₂egʰ-és ~	FALSE	ðraɣs ~ ðraɣes	ðraɣs, -es	ðraks, ðrages	ðraks, ðrakes	drać ~ draćez		n. c m.		‘dregs, debris (of a fermentation process)’																								probable_merge	partial_gloss	47	ðrāks	dregs, debris	canonical	3.00	47:ðrāks:dregs, debris (3.00) | 48:ðréβos:dregs, debris (3.00)	ðraks	dregs, debris (of a fermentation process)	noun
drevom	drevom	exact			*dóru ~ *dréus	FALSE	doru ~ dreus		drevom	>> drevom			n. o n.	S-207	‘tree’		flora	Since OD. Derived from AD doru gen.s. dreus since which only appears in formulae, poetry, and compounds.				dor- ~ dre-					PIE *doru.				EDPC 91: *daru-, *darwo- < nom. sg. *doru, gen. sg. *drw-os.	EDPG 522: *trewa- n. < *dréu-o- (acc. sg.).							probable_merge	partial_gloss	116	kalnós	holly (tree)	unresolved	3.25	116:kalnós:holly (tree) (3.25) | 12:álizos:alder (tree) (3.25) | 137:kozlos:hazel (tree) (3.25) | 239:salikā:willow (tree) (3.25) | 322:βergós:birch (tree) (3.25)	drevom	tree	noun
ðufvis		old2_only		*dʰeu̯bʰ-	*dʰ(é)u̯bʰ-ú-s ~ *dʰubʰ-éu̯-s	FALSE	ðuβus	ðufus	ðufvis	dubvos //	dubuz //		adj. u		‘deep’																								probable_merge	gloss_exact	51	ðubús	deep	canonical	7.50	51:ðubús:deep (7.50)	ðufvis	deep	adj
ðumniom		old2_only		*dʰeu̯bʰ-	**dʰubʰ-r-i-ós ~ **dʰubʰ-r-i-ósi̯o	TRUE			ðumniom	ðumniom			n. o n.		‘the underworld; land of the dead’				upiðumniom ‘sub-Thumniom, Bism’ aka ðubratamos																				probable_merge	gloss_exact	50	ðubnióm	the underworld	canonical	5.83	50:ðubnióm:the underworld (5.83)	ðumniom	the underworld; land of the dead	noun
ðuɸtis	ðuɸtis	exact		*dʰeu̯bʰ-	**dʰu̯bʰ-tis ~ dʰu̯bʰ-teis	TRUE	ðuβtis ~ ðuβteis		ðuɸtis, -eis	ðuβtis ~ ðuβteis			n. i f.		‘depth’			Since OD.																					probable_new_entry	no_match							ðuɸtis	depth	noun
ðuskos	ðuskos	gloss	REVIEW:gloss-match			FALSE	ðuskos		ðuskos, -om, -ā	ðuskos	duskos		adj. a/o	S-207	‘black’			From EAD.				đus-k-								ater;		EDPG 96: *dinkwa- < *dʰengʷos.						old-1 form was 'ðuskos'	probable_merge	term_exact	54	ðuskos	dark, dusky (of a person or object)	canonical	5.50	54:ðuskos:dark, dusky (of a person or object) (5.50)	ðuskos	black	adj
ðuβnos > ðumnos	ðuɸnos	gloss	REVIEW:gloss-match	*dʰeu̯bʰ-	*dʰubʰ-n-ós ~ *dʰubʰ-n-ósi̯o	TRUE	ðuβnos		ðuβnos > ðumnos	dubnos	dubnos		adj. a/o		‘deep’	PK, PBS		Since OD.																				old-1 form was 'ðuɸnos'	probable_merge	gloss_exact	51	ðubús	deep	canonical	7.50	51:ðubús:deep (7.50)	ðuβnos > ðumnos; ðuɸnos	deep	adj
ðuβros		old2_only		*dʰeu̯bʰ-	*dʰubʰ-r-ós ~ *dʰubʰ-r-ósi̯o	TRUE	ðuβros		ðuβros, -om, -ā	ðufros	dubros		adj. a/o		‘deep’	PK, PGm, PBS																							probable_merge	gloss_exact	51	ðubús	deep	canonical	7.50	51:ðubús:deep (7.50)	ðuβros	deep	adj
ðuβtā > ðuɸtā	gvāmman	gloss	REVIEW:gloss-match	*dʰeu̯bʰ-	*dʰewbʰ-teh₂	TRUE	ð(e)uβtā		ðuβtā > ðuɸtā	duptā	duptā		n. a f.		‘depth’			From EAD.																				old-1 form was 'gvāmman'	probable_new_entry	no_match							ðuβtā > ðuɸtā; gvāmman	depth	noun
dvāros	dvāros	exact		*dweh₂-	*dweh₂rós	FALSE	dwāros		dvāros, -om, -ā				adj. a/o		‘far, distant’			Since OD.	dvārtaro dvārtamos																				probable_new_entry	no_match							dvāros	far, distant	adj
dveios	dveios	exact		*dwei-	*dwei-s-os ~ *dwei-os-es	FALSE	dweios		dveios, -om, -ā				adj. a/o		‘terrifying, fearful, dire’			Since OD.	dweitaros dweitamos			dwei-s-						> veizos?											probable_new_entry	no_match							dveios	terrifying, fearful, dire	adj
dveislova	dveislova	old1_only	REVIEW:old1-only										n. a f.		‘frightening beast’			From EAD.				dwei-s-					Lat. bēlua ~ bellua and bēstia, Gr. bellerophon, Romanian balaur.	> veillova ?		dweislowā									probable_new_entry	low_match	97	ɣvḗr	wild animal, beast	canonical	1.75	97:ɣvḗr:wild animal, beast (1.75)	dveislova	frightening beast	noun
ego	ego	dw0				FALSE	ego						pron.	S-207, SY	‘I’			From EAD.									PIE			egō < *h1eg-(o)H	mī, mē < me	ek(a) < ʔeg-H-om, ekō < *h1eg-oH.			eʔź-um, eś? <		egō		probable_new_entry	no_match							ego	i	pron
eimi		old2_only		*h₁éy-	*h₁éymi	FALSE	eimi		eimi				v.																										probable_new_entry	no_match							eimi		verb
en	en	dw0				FALSE	en						part./prep.	S-207	‘in’			Since AD.																					probable_new_entry	no_match							en	in	adp
februs		old2_only		*bʰerH-	*bʰébʰr-u̯-s ~ *bʰebʰr-éu̯-s	TRUE	βeβrus ~ βeβreus		februs	bebrus			n. u m.		‘beaver’																								probable_new_entry	no_match							februs	beaver	noun
feðom		old2_only			*bʰédʰh₂-om	FALSE	βeðom		feðom	bedom	bedan		n. o m.		‘hole, grave, ditch’			From EAD.				feð-					PIE *bʰédʰh₂-om.												probable_new_entry	no_match							feðom	hole, grave, ditch	noun
gavana	gavana	dw0				FALSE	gavana						?		‘enemy, slave; eɣonym for Damva speakers’			Since OD derived from a root remade from the dir. and obl. roots of EAD gaavar, gaavens. c.f. gavarra from the same root.				gaw-					vathek												probable_new_entry	no_match							gavana	enemy, slave; eɣonym for damva speakers	
geneza	geneza	dw0				FALSE	geneza						n. a f.		‘ethnicity, kin (distant familial relation); kind’			Likely the reanalyzed oblique stem of EAD genos, genozes ‘id.’.							PIE *ǵenh₁-		PIE *ǵenh₁os, *ǵnh₁oses												probable_new_entry	no_match							geneza	ethnicity, kin (distant familial relation); kind	noun
genmana	genmana	old1_only	REVIEW:old1-only										n. a f.		‘family (by blood and law) as opposed to members of a household’			Likely a reanalyzed plural from AD genman, ganmens ‘offspring, progeny’ as an a-stem.									PIE *ǵénh₁mn̥												probable_new_entry	low_match	63	ézar	blood	canonical	2.17	63:ézar:blood (2.17) | 75:génos:family (2.17) | 241:sanī:menstrual blood (1.37) | 301:véiks:village, household (1.37) | 221:potís:husband, head of household (1.33)	genmana	family (by blood and law) as opposed to members of a household	noun
gulan, -s	gulan, -s	dw0				FALSE	gulan, -s						n. r/n n.		‘throat’			!From EAD gvlar, glens leveling to the -an pattern by pressure from other such words.	gulamva?																				probable_new_entry	no_match							gulan; -s	throat	noun
gulis	gulis	dw0				FALSE	gulis						n. i f.		‘gut, organs, interior, core; inner thoughts, secrets’			Since OD.									Proto-Kartvelian per EDKL *gul-.												probable_new_entry	no_match							gulis	gut, organs, interior, core; inner thoughts, secrets	noun
gvamis	gvamis	exact		**ǵʷh₂em-	**ǵʷh₂ém-is	FALSE	gʷamis	gvamis /gʷamis/	gvamis /gʷamis/	źamiz /ʒamiz/			n. i m.		‘zombie’			Since OD.				gʷam-					Proto-Kartvelian per EDKL 28: *gwam-.												probable_new_entry	no_match							gvamis	zombie	noun
gvāmman	theumman	gloss	REVIEW:gloss-match			FALSE	gvāmman						n. n n.		‘depth’			From EAD.							PIE **gʷeh₂bʰ-mn̥													old-1 form was 'theumman'	probable_new_entry	no_match							gvāmman; theumman	depth	noun
gvamnos	gvamnos	dw0				FALSE	gvamnos						n. o m.	S-207	‘frog’		fauna	From EAD gvaβnos.											Kroonen suggests a  ghmbh-neh2 meaning 'jump' so what about ɣamƀ- with some kind of de-verbal root meaning 'one who' like -oo-	rānā > Lat. rāna; ? > Lat. būfō	none!	frugoo, frukk < prughoo				igel?			probable_new_entry	no_match							gvamnos	frog	noun
ɣaidis	acerros	gloss	REVIEW:gloss-match			FALSE	ɣaids		ɣaidis	gaidos	gaidaz		n. c m.		‘goat’		fauna	Since AD. [old-1: From EAD.]				ɣaid-			unknown		Italo-Germanic.	> ꭓaidos										old-1 form was 'acerros'	probable_merge	gloss_exact	65	ɣáits	goat	canonical	7.50	65:ɣáits:goat (7.50)	ɣaidis; acerros	goat	noun
ɣamō ~ ɣamones	ɣamō, ɣamnes	gloss	REVIEW:gloss-match		*ǵʰm̥ṓ ~	FALSE	ɣamō ~ ɣamones		ɣamō ~ ɣamones	gamanos	źimō		n. n n.	S-207	‘man (human being)’			From EAD.				ɣam-					From Kroonen's											old-1 form was 'ɣamō, ɣamnes'	probable_new_entry	low_match	66	ɣamṓ	person, human being, (lit.) earthling	unresolved	2.00	66:ɣamṓ:person, human being, (lit.) earthling (2.00) | 150:leuðertos:freed-man (1.67) | 312:virós:man; husband (1.67) | 356:éngman:sacred fire-nature; the quality of being ensouled by fire (1.42)	ɣamō; ɣamones; ɣamō, ɣamnes	man (human being)	noun
ɣiesteros		old2_only			*dʰǵʰyésteros	FALSE	ɣiesteros		ɣiesteros, -om, -ā	ɣiesteros	giesteros		adj. a/o		‘yesterday’																								probable_new_entry	no_match							ɣiesteros	yesterday	adj
ɣoisos	ɣoisos	old1_only	REVIEW:old1-only										n. o m.		‘spear’			From EAD.				ɣois-						ꝁ				EDPG 164: *gaiza- < *gʰois-o-.							probable_merge	gloss_exact	80	ɣoizós	spear	canonical	7.50	80:ɣoizós:spear (7.50)	ɣoisos	spear	noun
ɣortos	ɣortos	exact		*ǵʰer-	*ǵʰórtos *ǵʰórtosyo	FALSE	ɣortos		ɣortos /ɣortɔs/	gortos /gortɔs/	źartaz /ʒaʁtaz/		n. o m.		‘prison yard, prison camp’			From EAD.				ɣor-t-					PIE *ǵʰórtos.	> ꭓortos											probable_new_entry	low_match	135	kóimos	settlement, camp; home	canonical	1.57	135:kóimos:settlement, camp; home (1.57)	ɣortos	prison yard, prison camp	noun
ɣostis	ɣostis	exact		*gʰes- ?	*gʰóstis ~ *gʰostéys	FALSE	ɣostis		ɣostis, -eis	gostis ~ gosteis	gostiz ~ gostiŕi		n. i m.		‘guest, friend’	NWIE		Since AD.				ɣos-t-					IELF 111: ghostis.	> χostis											probable_new_entry	low_match	257	sokiós	friend, ally	canonical	1.92	257:sokiós:friend, ally (1.92) | 85:ɣostís:guest, stranger (1.92)	ɣostis	guest, friend	noun
ɣvavis	ɣvavis	dw0				FALSE	ɣvavis						n. i f.		‘throng, crowd; multitude’			Since OD.																					probable_new_entry	low_match	321	βarkiéti	cram, crowd	canonical	0.17	321:βarkiéti:cram, crowd (0.17)	ɣvavis	throng, crowd; multitude	noun
ɣveltis	ɣveltis	exact				FALSE	ɣveltis		ɣveltis, -i				adj. i		‘dangerous, violent, savage’	PK, PG		c.f. wild, PK gweltis [old-1: From EAD.]				ɣwel-t-																	probable_new_entry	no_match							ɣveltis	dangerous, violent, savage	adj
ɣventis		old2_only		*gʷʰen-	*gʷʰéntis ~ *gʷʰn̥téys	FALSE	ɣʷentis ~ ɣʷanteis	ɣʷentis	ɣventis /ɣʷentis/	gventis /gʷentis/	źentiz /ʒentiz/		n. ? ?		‘striking or beating to death’																								probable_merge	partial_gloss	165	martís	death	canonical	2.58	165:martís:death (2.58)	ɣventis	striking; beating to death	noun
ɣveris	ɣveros	gloss	REVIEW:gloss-match	*ǵʰwer-	*ǵʰwer-is ~ *ǵʰwer-eis ?	TRUE	ɣʷeris ~ ɣʷereis		ɣveris, -eis	gveris	źeriz		n. i m/f.		‘wild, dangerous beast’; ‘wild (of an animal)’			! decide whether gʷʱ- > ɣʷ- or gʷʱ- > w	comp. ꭓverios, superl. ꭓvertamos			ɣwe-r-					PIE *gʰwer-os.	> χveros										old-1 form was 'ɣveros'	probable_merge	partial_gloss	97	ɣvḗr	wild animal, beast	canonical	2.88	97:ɣvḗr:wild animal, beast (2.88) | 317:viðús:wild areas between farms/fields/settlements (1.35) | 93:ɣvarús:wild, beastly (0.03) | 98:ɣverīnos:having to do with wild animals (-0.09) | 99:ɣverīskos:having to do with wild animals (-0.09)	ɣveris; ɣveros	wild, dangerous beast; wild (of an animal)	noun
ɣvoniom		old2_only		*gʷʰen-	*gʷʰón-i ~ *gʷʰn̥-y-és	FALSE	ɣʷoni ~ ɣʷanies	ɣʷoni ~ ɣʷaneis	ɣvoniom /ɣʷoniõ(m)/	gvoniom /gʷon.jõ(m)/	źoniō /ʒoɲō/		n. o n.		‘strike, blow, punch’																								probable_new_entry	no_match							ɣvoniom	strike, blow, punch	noun
iōra	iōra	dw0				FALSE	iōra						n. a f.		‘time, period, cycle, age’												PIE *yóh₁r̥ ~ *yéh₁n-												probable_new_entry	low_match	270	tánā	stretch of time, length	canonical	1.46	270:tánā:stretch of time, length (1.46) | 141:kvéklos:wheel, circle; turn, cycle (1.41)	iōra	time, period, cycle, age	noun
kaitā	kaitā	dw0				FALSE	kaitā						n. a f.		‘heather, heath’			From OD.				kait- ?	-ā		PG, PK														probable_new_entry	no_match							kaitā	heather, heath	noun
kaliks	kaliks	dw0				FALSE	kaliks						n. ? ?		‘vessel for food or drink’			Since OD, from AD skaliks with regular loss of initial s- before another consonant.				s-kal-ik- ?								EDL 83: caliɣ < *(s)kalik- < subst. *kʷlH-ik-.									probable_merge	partial_gloss	94	gvéitom	food	canonical	2.58	94:gvéitom:food (2.58) | 384:píboti:to drink (0.33)	kaliks	vessel for food; drink	noun
kambros	kumaros	gloss	REVIEW:gloss-match		*kḿ̥h₂-er-os	FALSE	kamaros		kambros	kambros	kimbraz		n. o m.		‘lobster’		fauna	From EAD.				kum-ar- or ku-mar- ?			wanderwort		From Pre-Proto-Germanic per EDPG 254 *humaraz < **kumaros.	> kumros ?										old-1 form was 'kumaros'	probable_new_entry	no_match							kambros; kumaros	lobster	noun
kanabis	kanabis	dw0				FALSE	kanabis						n. i f.		‘cannabis’		flora	Since AD.				kanab- ?			wanderwort		Gr. cannab	> kambis											probable_new_entry	no_match							kanabis	cannabis	noun
kantogus		old2_only			*ḱm̥tógʷus	FALSE	kantogus	kantogus	kantogus, -u	śintoguz			adj. a/o		‘wealthy, (lit) having 100 cows’																								probable_new_entry	low_match	339	sessos	seated, having sat	canonical	1.46	339:sessos:seated, having sat (1.46) | 98:ɣverīnos:having to do with wild animals (1.41) | 99:ɣverīskos:having to do with wild animals (1.41) | 101:gvetudervís:pine tree (lit. pitch-tree) (-0.09) | 175:moriarksos:predatory sea mammal (lit. sea-bear) (-0.12)	kantogus	wealthy, (lit) having 100 cows	adj
kāros	kāros	exact		*keh₂-	*keh₂-ró-s, *kh₂-ró-s	FALSE	kāros	kāros	kāros, -om, -ā		karoz		adj. a/o		‘dear, beloved’																								already_represented	term_exact+gloss_exact	122	kāros	dear, beloved	canonical	12.00	122:kāros:dear, beloved (12.00)	kāros	dear, beloved	adj
karra	karra	dw0				FALSE	karra						n. a f.		‘beeswaɣ, waɣ’			Since OD from forms ka(a)raa, kairaa, and ke(e)raa in AD.																					probable_new_entry	no_match							karra	beeswaɣ, waɣ	noun
kartvis	kartvis	dw0				FALSE	kartvis						n. i m.		‘magpie’		fauna	Since OD.				s-kar-t-w-					Proto-Kartvelian per EDKL 259: *čɣartw- for /t͡ʃɣartwi/ > /ᵗskartwɪs/ > /skartwɪs/.												probable_new_entry	no_match							kartvis	magpie	noun
karzos	karsos	dw0		*ḱr̥sós		FALSE	karsos		karzos	karros	śirruz		n. o m.		‘wagon, cart, chariot’			From OD.									PIE *ḱr̥sós.											old-1 form was 'karsos' (updated)	probable_new_entry	no_match							karzos; karsos	wagon, cart, chariot	noun
kassuks, -kes	kassuks, -kes	dw0				FALSE	kassuks, -kes						n. c m.		‘bitch (slur)’			Since OD.									Proto-Turkic *kančïk.	> kassuks											probable_new_entry	no_match							kassuks; -kes	bitch (slur)	noun
kātrīks	kātrīks	dw0				FALSE	kātrīks						n. a f.		‘scar’			From EAD.				kat-rik- ?								EDL 113: cicātrīɣ, “Etymology unknown.”									probable_new_entry	no_match							kātrīks	scar	noun
kāups ~ kāupes		old2_only		*keh₂u̯p-	*kéh₂u̯p-s ~ *kh₂u̯p-és	FALSE	kāups ~ kaupes		kāups ~ kāupes	kāups ~ kāupes			n. o m.		‘heap, pile; garbage?’																								probable_new_entry	no_match							kāups; kāupes	heap, pile; garbage?	noun
klāvis	klāvis	exact	REVIEW:possible-split	*kleh₂u̯-	*kléh₂u̯-i-s	FALSE	klāwis		klāvis						‘bolt (of a door); lock’			Since OD.																					probable_new_entry	low_match	59	ðvṓr	door	canonical	1.58	59:ðvṓr:door (1.58)	klāvis	bolt (of a door); lock	
klāvis		old2_only	REVIEW:possible-split			FALSE	klāvis						n. i m.		‘key, pin, pick’			Since OD.				klā-w-i-s																	probable_new_entry	low_match	40	ðélgos	pin, needle	canonical	1.67	40:ðélgos:pin, needle (1.67)	klāvis	key, pin, pick	noun
klāvos	klāvos	dw0				FALSE	klāvos						n. o m.		‘bolt, pin, rod, bar’			From EAD.				klā-w-o-s																	probable_new_entry	low_match	40	ðélgos	pin, needle	canonical	1.52	40:ðélgos:pin, needle (1.52)	klāvos	bolt, pin, rod, bar	noun
klōps ~ klōpes	klōps, -pes	dw0				FALSE	klōps, -pes		klōps ~ klōpes	klōpos	klōps		n. c m.		‘thief’			From EAD kloops.				klōp-																old-1 form was 'klōps, -pes' (updated)	probable_new_entry	no_match							klōps; klōpes; -pes	thief	noun
knuks, -es	knuks, -es	dw0				FALSE	knuks, -es						n. c f.		‘nut’	CGI		From EAD with				knuk-			wanderwort		Eur. subs. PGm. *hnut- ‘nut’			EDL 420: nuɣ, nucis < PIt. *knuk- < borrowing									probable_new_entry	no_match							knuks; -es	nut	noun
koipos?	koipos?	dw0				FALSE	koipos?						n. ? ?	S-207	‘stick’																								probable_merge	partial_gloss	100	gvétu	pointed stick	canonical	3.25	100:gvétu:pointed stick (3.25)	koipos?	stick	noun
koitom	koitom	dw0				FALSE	koitom						n. o n.		‘shield'	NWIE		Since OD, from AD skoitom with regular loss of initial s- before another consonant.	skoitom > koitom > keitom > kētom			s-koit-o-					IELF 110: *skei̯tom ~ *skoi̯tom.	> skeitom by assim.											probable_new_entry	no_match							koitom	shield	noun
kokobis	kokobis	dw0				FALSE	kokobis						n. i m.		‘pheasant’			Since OD.				ko-kob-																	probable_new_entry	no_match							kokobis	pheasant	noun
kom	kom	dw0				FALSE	kom						?	S-207	‘with’			From EAD.									PIE *kóm.												probable_new_entry	no_match							kom	with	
koslos	koslos	dw0				FALSE	koslos								‘hazel’			Since OD.																					probable_new_entry	low_match	137	kozlos	hazel (tree)	canonical	2.25	137:kozlos:hazel (tree) (2.25)	koslos	hazel	
kozlā	aksula	gloss	REVIEW:gloss-match	**kos-	**kos-l-	FALSE	koslā	koslā	kozlā	kozlā	kōlā		n. a f.		‘hazel’		flora	From LAD.				kVs : a-kVs-ul-					PIt kosula etc. with a-prefiɣation											old-1 form was 'aksula'	probable_merge	partial_gloss	137	kozlos	hazel (tree)	canonical	3.25	137:kozlos:hazel (tree) (3.25)	kozlā; aksula	hazel	noun
koβuks	koβuks, -ges	gloss	REVIEW:gloss-match		*kobʰug-	FALSE	koβugs, -es	koβuks ~ koβuges	koβuks, koβuges	kobugos	kobugos		n. c m.		‘hawk’		fauna	From EAD.							wanderwort		EDPG 197: PGm. habuka- < kab⁽ʰ⁾u-k/g-, Sl. kab⁽ʰ⁾uk-io-, Lat. capus < kapu-.			kapu-		kabʰ-uk-		kabʰ-uk-io-			kabʰ-uk-s	old-1 form was 'koβuks, -ges'	probable_new_entry	no_match							koβuks; -ges	hawk	noun
krispos	kripsos	gloss	REVIEW:gloss-match			FALSE	krispos		krispos, -om, -ā				adj. a/o		‘curly’	CI•••		Since OD.	kripstaros kripstamos			krips-					IELF 107: Lat. crispus, Gaul. criɣsus < *krips-o- < *krei̯p-os.	> krissos ?										old-1 form was 'kripsos'	probable_new_entry	no_match							krispos; kripsos	curly	adj
krūros		old2_only		*krewh₂-	*kruh₂-rós	FALSE	krūros		krūros, -om, -ā				adj. a/o		‘bloody’																								probable_new_entry	no_match							krūros	bloody	adj
kukurra	kukurra	dw0				FALSE	kukurra						n. a f.		‘cooking pot; small cauldron’		flora	!From D0 in various forms kv(r)kv(r)ra with obvious wander-root meaning something like ‘bowl, cup, small hollow container’.				ku-kur-			neologism		See Cons section for cucurunða.												probable_new_entry	low_match	154	līðrā́	small amount	canonical	1.52	154:līðrā́:small amount (1.52) | 172:menús:small (0.88) | 163:manús:small, tiny (0.03)	kukurra	cooking pot; small cauldron	noun
kukurrunðā	kukurrunða	gloss	REVIEW:gloss-match			FALSE	kukurrunða		kukurrunðā, -ās	kukurrunðā	kukurrunda		n. a f.		‘cucumber’		flora	!From D0 in forms kv(r)kv(r)v(n)d(h)aa, -i(n)d(h)aa.	kukurrunðelos ‘penis (derisive) lit. little cucumber’ > cucurundlos > ?			ku-kur-unð-			neologism		EDL 148: cucumis; EDL 149: curcubita; EDPG 266 *hwerhwetjō- < *kʷer-kʷet- all point to a wanderwort root **ku(r)ku(r)-.											old-1 form was 'kukurrunða'	probable_new_entry	no_match							kukurrunðā; kukurrunða	cucumber	noun
kuliks	kuliks	exact				FALSE	kuliks		kuliks, -es	kuliks, kulikes	kulika		n. c m.		‘holly’			From OD, root-doublet of kulisā (q.v.). Likely borrowing.				kul-ik-	-ik-		PG, PK														probable_merge	partial_gloss	116	kalnós	holly (tree)	unresolved	3.25	116:kalnós:holly (tree) (3.25)	kuliks	holly	noun
kulisā	kulisā	dw0				FALSE	kulisā						n. a f.		‘holly’			From OD, root-doublet of kuliks (q.v.). Likely borrowing.				kul-is-	-is-		PG, PK														probable_merge	partial_gloss	116	kalnós	holly (tree)	unresolved	3.25	116:kalnós:holly (tree) (3.25)	kulisā	holly	noun
kunis	kunis	dw0				FALSE	kunis						n. i m/f.	S-207, SY	‘dog’		fauna	From EAD.				kun-					PIE kuōn (<*kuon-s), kuon-m, kun-os > (PIt?) kō, kanem			kō, kwanem, kunos; kuōn, kuon-m, kun-os;		hunda-z				zakur			probable_merge	gloss_exact	144	kvṓ	dog	canonical	7.50	144:kvṓ:dog (7.50)	kunis	dog	noun
kvabis	kvabis	dw0				FALSE	kvabis						n. i f.		‘cave’			Since OD.				kwab-					Proto-Kartvelian per EDKL 216: *kwab-.												probable_new_entry	no_match							kvabis	cave	noun
kvamblis	kvamblis	dw0				FALSE	kvamblis						n. i m.		‘incense’			Since OD.				kvam-l-					Proto-Kartvelian per EDKL 91: *ḳwaml-.												probable_new_entry	no_match							kvamblis	incense	noun
kvapō	kvapō	dw0				FALSE	kvapō						n. c m.		‘confidence artist; pickpocket’			From EAD.																					probable_new_entry	no_match							kvapō	confidence artist; pickpocket	noun
kvapos	kvapos	dw0				FALSE	kvapos						n. o m.		‘conman, cheat, petty criminal’																								probable_new_entry	low_match	345	duzviros	ne'er-do-well, bumpkin; criminal, villain, evil-doer	canonical	1.31	345:duzviros:ne'er-do-well, bumpkin; criminal, villain, evil-doer (1.31)	kvapos	conman, cheat, petty criminal	noun
kve	kve	dw0				FALSE	kve						?	S-207	‘and’			From EAD kve in both conjuctive and clitic use.							PIE						EDPC 176: *-kʷe ‘id.’								probable_new_entry	no_match							kve	and	
kveklom	kveklom	dw0				FALSE	kveklom						n. o n.		‘wheel, circle’			Since AD.				kwel-(e)l- ?																	probable_merge	gloss_exact	141	kvéklos	wheel, circle; turn, cycle	canonical	6.50	141:kvéklos:wheel, circle; turn, cycle (6.50)	kveklom	wheel, circle	noun
kvelis	kvelis	dw0				FALSE	kvelis						n. i f.		‘head-cold’			Since OD.				kwel-i-																	probable_merge	partial_gloss	120	káput	head	unresolved	3.00	120:káput:head (3.00) | 221:potís:husband, head of household (1.75) | 74:gelús:cold (1.50)	kvelis	head-cold	noun
kveris	kveris	dw0				FALSE	kveris						n. i m.		‘crow’		fauna	Since AD.				kwer-					Proto-Kartvelian per EDKL 93: *ḳwer-. for /k’weri/ > /kwerɪs/ with rule k’- > k-. css												probable_new_entry	no_match							kveris	crow	noun
kveros	kveros	dw0				FALSE	kveros						n. o m.		‘cauldron’			From LAD.	kverelos cooking pot?																				probable_new_entry	no_match							kveros	cauldron	noun
kvetores, -a	kvetores, -a	dw0				FALSE	kvetores, -a						num. (irr)	S-207	‘four’			From EAD.												quattuor < kʷatwōr < kʷetwōr	kʷetwores	fedwar- < kʷet-uor-					tuores, tuora < kʷetwores		probable_new_entry	low_match	143	kvetvóres	four	canonical	6.00	143:kvetvóres:four (6.00)	kvetores; -a	four	noun
kvī		old2_only		*kʷíh₁		FALSE	kʷī	kvī /kʷī/	kvī /kʷī/	kī /kī/			?		‘how?’																								probable_new_entry	no_match							kvī	how?	
kvissis	kvissis	dw0				FALSE	kvissis						n. i m.		‘mountain goat’		fauna	Since OD.				kwi-ss-					Proto-Kartvelian per EDKL  95: *ḳwic-. css												probable_merge	partial_gloss	65	ɣáits	goat	canonical	3.00	65:ɣáits:goat (3.00) | 115:kalnís:mountain (hill) (1.92) | 64:ɣáitos:he-goat (1.92)	kvissis	mountain goat	noun
leisa	leisa	dw0				FALSE	leisa						n. a f.		‘furrow, track’		agric.	From EAD leisa.				leis-					IELF 110: *l(V)i̯hₓseh₂			EDL 345: līra < PIt. *loisā- < PIE *lois-h₂-.		EDPG 324: *laisō- < *lóis-eh₂-.							probable_merge	partial_gloss	156	lóizā	furrow; track, trail	canonical	2.83	156:lóizā:furrow; track, trail (2.83)	leisa	furrow, track	noun
lēius	lēius	dw0				FALSE	lēius						?	S-207	‘smooth’			Since OD.																					probable_new_entry	no_match							lēius	smooth	
lepos	lepos	old1_only	REVIEW:old1-only										n. o m.		‘hare’		fauna	From EAD.				lep-																	probable_new_entry	no_match							lepos	hare	noun
leukos	leukos	exact		*lewk-	*lewkós	FALSE	leukos		leukos, -om, -ā	loukos ~ loukosio	lūkuz ~ lūkuŕi		adj. a/o		‘bright, shining’			Since OD.																					probable_new_entry	no_match							leukos	bright, shining	adj
leuksnā	leuksna	dw0				FALSE	leuksna		leuksnā	leuɣsnā	lousna		n. a f.	S-207, SY	‘moon’			From EAD levksnaa.				leuk-s-nā						> louksna > louɣsna > lūsna > lūnna		Lat. lūna < louksna < louks-n-a-	lowɣsnā < louks-n-a-	mēnan- < meʕn-s or meʕn-os					lūcsna < loucsna < louksnā < louks-n-a-	old-1 form was 'leuksna' (updated)	probable_merge	gloss_exact	159	lóuksnā	moon	canonical	7.50	159:lóuksnā:moon (7.50)	leuksnā; leuksna	moon	noun
līðrā ~ līðrās	leiðra	gloss	REVIEW:gloss-match	*l(e)ihₓ	*l(e)ihₓ-dʰr-eh₂	FALSE	līðrā		līðrā ~ līðrās	līðrā			n. a f.		‘a pouring of liquid, either potable or molten metal; coin, ingot’			Since OD, from AD leiðra with regular lengthening after loss of glide. [old-1: Since OD, from AD leiðra with regular lengthening after loss of glide.]		leifars, abbrev. for l[ei]ðr[ā] f[a]rs[osio] ‘iron ingots’, a common abbreviation appearing on work orders and receipts.		leitʰ-r-						> līđra > līðra ?		EDL 339: lībra < PIt. *leiðra-; Weiss 2021 3: *lī-dʰrā. < *l(e)ihₓ-dʰreh₂.					EDG 867: λίτρα < *līðra from Sicily possible.			old-1 form was 'leiðra'	probable_new_entry	low_match	362	áios	copper, bronze; (earlier) metal	canonical	1.24	362:áios:copper, bronze; (earlier) metal (1.24)	līðrā; līðrās; leiðra	a pouring of liquid, either potable; molten metal; coin, ingot	noun
lokos	lokos	dw0				FALSE	lokos						n. o m.		‘salmon’			From EAD lokōs, loksos, subsequently reanalyzed as an o-stem from the genitive by OD.																					probable_new_entry	no_match							lokos	salmon	noun
magis (many)	magis	exact				FALSE	magis		magis, -i				adj. i	S-207	‘many’							mag-																	probable_merge	partial_gloss	212	pelús	much, many	canonical	3.25	212:pelús:much, many (3.25)	magis many; magis	many	adj
magis (more)		old2_only				FALSE	magis		magis, -i				adj. i		‘more’			From EAD.	magios ‘yet more, much’ magitamos ‘most, so much, too much’			mag-																	probable_new_entry	no_match							magis more	more	adj
magnos	magnos	old1_only	REVIEW:old1-only										adj. a/o	S-207	‘big, great, powerful, large’			Since AD.	comp. magnios superl. magnitamos is irregular, using the comparative stem, to prevent a -gnt- sequence.			mag-n-								EDL 358: magnus < PIt. magnos < mǵ-no- from Schrijver’s RDC- > RaDC-.	EDPC 253: *magyos < *méǵh₂-.	"EDPG 361: *mekila- < *meǵ-el-. “Unlike the other IE languages,  Germanic added a suffiɣ *-ila- ( < *-eli-?) to
the root *meǵ-."							probable_new_entry	low_match	206	pánts	large predatory cat	canonical	-0.04	206:pánts:large predatory cat (-0.04) | 208:párts:large predatory cat (-0.04) | 146:kvoinā́:blood-money, ransom, great cost (-0.12) | 252:skválos:large fish or whale; sea monster (-0.12) | 279:tigrís:large, striped, predatory cat of forest environs (-0.15)	magnos	big, great, powerful, large	adj
makros	makros	exact				FALSE	makros		makros, -om, -ā				adj. a/o		‘thin (skinny), weak’			Since OD.	comp. makrios, super. makritamos.			mak-r-																	probable_merge	partial_gloss	272	tanús	thin	canonical	2.58	272:tanús:thin (2.58)	makros	thin (skinny), weak	adj
makvis	makvis	exact				FALSE	makvis		makvis, -eis				n. i f.		‘blackberry’		agric.	Since OD.				mak-w-					Proto-Kartvelian per EDKL 117: *maq̣w-.												probable_new_entry	no_match							makvis	blackberry	noun
mālom ~ mālōs	mālom	dw0				FALSE	mālom		mālom ~ mālōs				n. o n.		‘apple’			From EAD.				māl-					Per Kroonen, PIE *(s)mh₂l-.											old-1 form was 'mālom' (updated)	probable_merge	gloss_exact	393	ábōl	apple	candidate	7.50	393:ábōl:apple (7.50)	mālom; mālōs	apple	noun
mandragā	mandragā	old1_only	REVIEW:old1-only										n. a f.		‘mandrake’		flora	From LAD, appearing alongside original mandraks until supplanting it by OD.				mandrag-					Greek												probable_new_entry	no_match							mandragā	mandrake	noun
mandraks	mandraks	old1_only	REVIEW:old1-only										n. c f.		‘mandrake’		flora	Attested in AD, appearing alongside and being supplanted by mandraga (q.v.) since OD before being suppla.				mandrag-																	probable_new_entry	no_match							mandraks	mandrake	noun
mantis	mantis	exact		*men-	*mén-t-is ~ *mn̥-t-éis	FALSE	mantis		mantis, -eis		minti		n. i f.		‘thought’			Since OD.																					probable_new_entry	no_match							mantis	thought	noun
margvos		old2_only		*mréǵʰ-	*mréǵʰ-u̯-s ~ *mr̥ǵʰ-éu̯-s	TRUE	marɣus > margus	margvis /margwis/	margvos /margʷɔs/	margvos /margʷɔs/	mirźuz /mirʒuz/		adj. u		‘brief’																								probable_merge	partial_gloss	164	marɣús	brief, fast, quick	canonical	2.92	164:marɣús:brief, fast, quick (2.92)	margvos	brief	adj
markos	markos	old1_only	REVIEW:old1-only										n. o m.		‘horse’							mar-k-																	probable_merge	gloss_exact	60	ékvos	horse	canonical	7.50	60:ékvos:horse (7.50)	markos	horse	noun
martos	martos	exact				FALSE	martos		martos, -om, -ā				adj. a/o		‘dead’			From EAD.	comp. marseros, superl. marsamos			mart-w-																	probable_merge	gloss_exact	166	martus	dead	canonical	7.50	166:martus:dead (7.50)	martos	dead	adj
matlis	matlis	dw0				FALSE	matlis						n. i m.		‘worm’			Since OD.									Proto-Kartvelian per EDKL 117: *ma-ṭl-.												probable_merge	gloss_exact	297	varmís	worm	canonical	7.50	297:varmís:worm (7.50)	matlis	worm	noun
meðios		old2_only		*me-dʰi	*médʰyos	FALSE	meðios		meðios	medios	mediaz		adj. a/o	S-207	‘middle’			Since OD, from AD rouðos with regular loss of glide lengthening the preceding vowel and reanalysis of -ss-< -ðt- as the adjectival root.	comp. rōssaros, super. rōssamos.			rouð-			PIE *h₁rewdʰ-														probable_merge	term_exact	168	meðios	middle, medium	canonical	7.75	168:meðios:middle, medium (7.75)	meðios	middle	adj
meðu	meðu	dw0		*médʰ-	*médʰu ~ *m̥dʰéws	FALSE	meðu		meðu	medum	medu		n. u n.		‘mead, intoɣicating beverage’	PK, PGm, PBS		Since AD.				með-						> meðvom ?										old-1 form was 'meðu' (updated)	probable_new_entry	low_match	169	méðu	intoxicating beverage	canonical	1.52	169:méðu:intoxicating beverage (1.52)	meðu	mead, intoɣicating beverage	noun
melðanios	melðanios	dw0		*meldʰ-n-	*meldʰ-n-i-os	FALSE	melðanios		melðanios	meldanios	mildiniaz*		n. o m.		‘hammer of the thunder god; blacksmith’s hammer; lightning’			From EAD.			Early depictions are of a hammer. Later depictions include sledge- and peen-hammers but also mauls and even aɣes, the latter two in association with oaks.	mel-ð-an- ?					West 2007:253 melðuniyaz from Watkins 1995:429 melð[u]nijaz. Watkins mentions Pokorny but I haven’t found it yet. Both forms imply a pre-form **meld⁽ʰ⁾-n-yos. Would such a form cause a Latinate **melbonius?									EDB 544: milna ‘hammer of the thunderer’ < *mild-n-, *meld-n- < *m(e)ldʰ-n-.		old-1 form was 'melðanios' (updated)	probable_new_entry	low_match	1	agnís	god	canonical	2.25	1:agnís:god (2.25) | 358:méltrom:hammer (2.25) | 37:deivós:god, deity (1.43) | 359:melðániios:Melðanjos (divine hammer of Agnis) (1.32)	melðanios	hammer of the thunder god; blacksmiths hammer; lightning	noun
melit	melit	old1_only	REVIEW:old1-only										n. c n.		‘honey’			Since AD.		meðu vīnom melitē e[sti] ‘mead is wine from (by) honey.’																			probable_merge	gloss_exact	170	melí	honey	canonical	7.50	170:melí:honey (7.50)	melit	honey	noun
meskalia	meskalia	dw0				FALSE	meskalia						n. a f.		‘pear’		agric.	From EAD meskaliaa. EAD amskaliaa, with the same meaning, is attested marginally and may indicate a borrowing of two related forms from the lending language.									Proto-Karvelian per EDKL 125: *msɣal-.												probable_merge	partial_gloss	162	malom	apple, pear	canonical	3.25	162:malom:apple, pear (3.25)	meskalia	pear	noun
mezala	mezala	dw0				FALSE	mezala						n. a f.		‘blackbird’		fauna	Since AD.				mes-al-			unknown		EDL 375: merula < PIt. mesVlā-; EDPC 268: *mesal-kā < PIE *mes-al-; EDPG 25: *amslōn- eɣhibiting a root  *amsl- ~ *mesal-.	> mesla ?											probable_new_entry	no_match							mezala	blackbird	noun
monoɣos	monoɣos	old1_only	REVIEW:old1-only										adj. a/o		‘many’				comp. monoǵios, superl. monoǵitamos																				probable_merge	partial_gloss	212	pelús	much, many	canonical	3.25	212:pelús:much, many (3.25)	monoɣos	many	adj
nās, nases	nās, nases	dw0				FALSE	nās, nases						n. c f.	S-207, SY	‘nose’			Since OD.																					probable_merge	gloss_exact	180	nāzā	nose	canonical	7.50	180:nāzā:nose (7.50)	nās; nases	nose	noun
nekom	nekom	dw0				FALSE	nekom						?		‘without, (lit) not with’			From EAD.																					probable_new_entry	low_match	101	gvetudervís	pine tree (lit. pitch-tree)	canonical	0.50	101:gvetudervís:pine tree (lit. pitch-tree) (0.50) | 342:ne:not; lest (sentential negation) (0.50) | 175:moriarksos:predatory sea mammal (lit. sea-bear) (0.45) | 66:ɣamṓ:person, human being, (lit.) earthling (0.45)	nekom	without, (lit) not with	
nemeza	nemeza	old1_only	REVIEW:old1-only										n. a f.		‘clearing in a forest as a sacred site, sacred forest’			From OD, a derivation from the oblique stem of nemos, nemesos ‘id.’.				nem-es-																	probable_new_entry	low_match	355	sakrovéstrom	sanctuary, sacred precinct (institutional)	canonical	1.41	355:sakrovéstrom:sanctuary, sacred precinct (institutional) (1.41) | 279:tigrís:large, striped, predatory cat of forest environs (1.35) | 353:danvivéits:well-watcher, well-priest, guardian of the sacred precinct (1.35) | 356:éngman:sacred fire-nature; the quality of being ensouled by fire (1.35) | 354:sakrós:sacred, holy, set apart (-0.09)	nemeza	clearing in a forest as a sacred site, sacred forest	noun
nēr ~ neres		old2_only			*h₂nḗr ~ *h₂nérm̥ ~ h₂n̥rés ~ h₂nér(i)	FALSE	*nḗr ~ *néram̥ ~ an̥rés ~ nér(i)	nēr ~ neres	nēr ~ neres	nēr ~ neres			n. c m.		‘vital energy, (like the concept of qi)’																								probable_new_entry	low_match	185	nḗr	power, force, energy	canonical	1.39	185:nḗr:power, force, energy (1.39)	nēr; neres	vital energy, (like the concept of qi)	noun
nēvana	nēvana	dw0				FALSE	nēvana						n. r/n n.		‘sinew, tendon; gristle’			From EAD sneevar, snavens leveling to snēvar, snēvans by OD.				snēw-						> snēvar, snēvans > nēvan, -s											probable_new_entry	no_match							nēvana	sinew, tendon; gristle	noun
newam	nevam	gloss	REVIEW:gloss-match	*h₁néw-	*h₁néw-n̥	FALSE	newan		newam	newam	nevin		num. (irr)		‘nine’			Since OD, from AD nevan.				new-								Lat. novem < PIt. newn̥ < PIE ʔnéun	nowan < (ʔ)néun	newun- < ʔnéun ~ ʔnéum						old-1 form was 'nevam'	probable_new_entry	low_match	187	névan	nine	canonical	6.00	187:névan:nine (6.00)	newam; nevam	nine	noun
neβalā ~ neβalās		old2_only		*nébʰ-	*nebʰ-l̥-eh₂	FALSE	neβalā		neβalā ~ neβalās	neβalā	nebila		n. a f.		‘fog, mist, vapor’																								probable_merge	partial_gloss	173	miɣlā	mist	canonical	2.58	173:miɣlā:mist (2.58) | 188:neβalom:fog, mist, haze; confusion (2.13)	neβalā; neβalās	fog, mist, vapor	noun
neβezā	neβezā	old1_only	REVIEW:old1-only										n. a f.		‘fog, especially as an omen’			From OD, a derivation from the oblique stem of neβos, neβesos ‘id.’.				neβ-																	probable_new_entry	low_match	188	neβalom	fog, mist, haze; confusion	canonical	1.65	188:neβalom:fog, mist, haze; confusion (1.65)	neβezā	fog, especially as an omen	noun
okris	okris	dw0				FALSE	okris						n. i m.		‘edge, overhang’			Since OD.																					probable_new_entry	no_match							okris	edge, overhang	noun
oksīom	oksīom	dw0				FALSE	oksīom						n. o n.	S-207, SY	‘eye’			From EAD s-stem nom sg. oks, gen. sg. okses and irregular pl. (dual?) oksī with the plural form reinterpreted as a new o-stem root appearing by LAD.										(> oɣsīom) > ossīom ?		ok(e)los < PIE *ʕʷekʷ-(e)lo-s		augōn- n. < ʕʷeqʷ-n-			óps < *ʕʷéqʷ-s		?		probable_merge	partial_gloss	377	dákru	tear (of an eye)	canonical	3.25	377:dákru:tear (of an eye) (3.25)	oksīom	eye	noun
opos ~ opezos	opnis	gloss	REVIEW:gloss-match	h₃ep-	*h₃ép-os ~ *h₃ép-es-	FALSE	opos ~ opesos		opos ~ opezos	opos	opos		adj. i	S-207	‘all, every’			From EAD.										> omnis > onnis ?										old-1 form was 'opnis'	probable_merge	gloss_exact	14	alnós	all, every	canonical	7.50	14:alnós:all, every (7.50)	opos; opezos; opnis	all, every	adj
orfiom	orfiom	dw0				FALSE	orfiom						n. o n.		‘inheritance’			From EAD.				orf-i-					PIE *h₃orbʰ-yo-m.												probable_new_entry	no_match							orfiom	inheritance	noun
orrea	orrea	dw0				FALSE	orrea						n. a f.		‘juniper’		flora	From EAD.																					probable_new_entry	no_match							orrea	juniper	noun
orvom	orvom	dw0				FALSE	orvom						n. o n.		‘pea’		agric.	From EAD.				orw- or or-w- ?			unknown		Kroonen?			EDL 195: ervum < PIt. *erVgʷ-o- ?		EDPG 37: *arwīt- < *arw-īd-.							probable_new_entry	no_match							orvom	pea	noun
ost	ost	exact				FALSE	ost		ost, -es		ostom		n. c n.	S-207, SY	‘bone’			Since AD.				ost-ī- ?								os(sum) << ʕʷést-s	knami- < *konʕm ‘leg’	baina- < [unclear]				enazur	< ʕʷést-s		probable_merge	gloss_exact	199	óst	bone	canonical	7.50	199:óst:bone (7.50)	ost	bone	noun
ousīom	ousīom	dw0				FALSE	ousīom						n. o n.	S-207, SY	‘ear’			!From D0 oows, nom. dual oowsii an s-stem with a plural (dual?)  in -ī reinterpreted as the root of a neut. o-stem. Shortening of initial -oo- by analogy with AD oks ~ OD okvīom?										osvīom > ousīom by analogy with oksiom/ossiom?											probable_new_entry	no_match							ousīom	ear	noun
ovis	ovis	dw0				FALSE	ovis						n. i m.		‘sheep’		fauna	Since AD.				ow-i- ?																	probable_new_entry	no_match							ovis	sheep	noun
pardis		old2_only		*perd-	*pr̥d-i-s	FALSE	pardis		pardis, -eis	pardis		pādis (-VrC- > -VVC-)	n. i m.		‘fart, especially a loud one’																								probable_merge	partial_gloss	207	párdus	fart	canonical	2.58	207:párdus:fart (2.58) | 361:βórnos:baby boy; the born one (1.50) | 193:óinos:one (1.08) | 117:kamtóm:one hundred (0.17) | 113:kaikos:blind; one-eyed (0.07)	pardis	fart, especially a loud one	noun
parkvom	parkvom	dw0				FALSE	parkvom						n. o n.		‘rib’			From EAD parkus.																					probable_new_entry	no_match							parkvom	rib	noun
peiskis	peiskis	dw0				FALSE	peiskis						n. i m.	S-207, SY	‘fish’		fauna	Since OD.				peis-k- ?					PIE *p(e)isk-os.			pisk-i-s	feiskos < peisk-o-s	fiska- < pisk-o-s							probable_merge	gloss_exact	217	piskós	fish	canonical	7.50	217:piskós:fish (7.50)	peiskis	fish	noun
peku ~ pekous	peku	dw0		*péḱ-	*péḱ-u̯	FALSE	peku		peku ~ pekous		peću		n. u n.		‘wealth’			From EAD, supplanted by pekwom (q.v.) by OD and appearing only in poetry and formulae since.				pek-																old-1 form was 'peku' (updated)	probable_merge	term_exact	211	peku	wealth, livestock	canonical	7.75	211:peku:wealth, livestock (7.75)	peku; pekous	wealth	noun
pekvom	pekvom	dw0				FALSE	pekvom						n. o n.		‘wealth’			From OD, a reanalysis of peku ‘cattle, livestock; wealth’ as the root of an o-stem neuter noun.																					probable_merge	partial_gloss	211	peku	wealth, livestock	canonical	3.25	211:peku:wealth, livestock (3.25)	pekvom	wealth	noun
peleks	peleks	dw0				FALSE	peleks						n. c m.		‘maul’			From EAD peleks, pelekvam with the direct root taken into the oblique cases by OD.	pelekdots 'woodsplitter'			pelek-																	probable_new_entry	no_match							peleks	maul	noun
penkves, -a	penkves, -a	dw0				FALSE	penkves, -a						num. (irr)	S-207	‘five’			From EAD penkve, reinterpreted as a c-stem, plural-only adjective.												kʷenkʷe < penkʷe	kʷenkʷe < penkʷe	fimfe < pimpe < penkʷe					pencues < pencue < penkʷe		probable_new_entry	low_match	213	penkve	five	canonical	6.00	213:penkve:five (6.00)	penkves; -a	five	noun
perkvāsiom	perkvāsiom	dw0				FALSE	perkvāsiom						n. o n.		‘oak grove, sacred site of oak trees, oak forest’			From EAD.				perkʷ-			PIE *perkʷ-														probable_new_entry	low_match	214	pérkus	oak	unresolved	2.17	214:pérkus:oak (2.17) | 183:némos:grove; sanctuary (1.37) | 355:sakrovéstrom:sanctuary, sacred precinct (institutional) (1.31) | 279:tigrís:large, striped, predatory cat of forest environs (1.27) | 353:danvivéits:well-watcher, well-priest, guardian of the sacred precinct (1.27)	perkvāsiom	oak grove, sacred site of oak trees, oak forest	noun
pervan, -s	pervan, -s	dw0				FALSE	pervan, -s						n. r/n n.		‘boulder, rock’			From EAD pervar, parvens with normal -ar ~ -en- > -an leveling.				"per-wa-n-
per-w-an-"					PIE heteroclitic r/n *pérwr̥.												probable_new_entry	no_match							pervan; -s	boulder, rock	noun
pervana	pervana	dw0				FALSE	pervana						n. a f.		‘bridge, crossing, way’			From OD, the plural of parvan reanalysed as a fem. noun.				"per-wa-n-
per-w-an-"																	probable_merge	partial_gloss	370	partús	crossing, bridge, ford	canonical	2.33	370:partús:crossing, bridge, ford (2.33)	pervana	bridge, crossing, way	noun
petara	petara	dw0				FALSE	petara						n. a f.	S-207	‘feather’			Since OD, probaby from the same root as EAD petar, petans.	petaros ‘bird; (lit) feathered’			pet-																	probable_merge	gloss_exact	216	pétrā	feather	canonical	7.50	216:pétrā:feather (7.50)	petara	feather	noun
petaros	petaros	dw0				FALSE	petaros						n. o m.	S-207	‘bird, (lit.) feathered’		fauna	!From EAD.				pet-ar-										fuglaz < flug-la- < pluk-lo-				zori			probable_new_entry	low_match	101	gvetudervís	pine tree (lit. pitch-tree)	canonical	1.50	101:gvetudervís:pine tree (lit. pitch-tree) (1.50) | 175:moriarksos:predatory sea mammal (lit. sea-bear) (1.45) | 66:ɣamṓ:person, human being, (lit.) earthling (1.45)	petaros	bird, (lit.) feathered	noun
pēts, -tes	pēts, -tes	dw0				FALSE	pēts, -tes						n. c m.		‘vindictive household spirit that plays malicious tricks’		FMR	From EAD with competing forms spāts  spaits, and spēts and t/d in the oblique indicating long-term and/or intensive contact between speakers of the borrowing and lending languages.									Coinage based on a childhood memory.												probable_new_entry	low_match	301	véiks	village, household	unresolved	1.32	301:véiks:village, household (1.32) | 221:potís:husband, head of household (1.29) | 352:dā́nvī:feminine water-spirit, water-nymph (1.27) | 386:dérvī:feminine tree spirit, wood-nymph (1.25) | 280:tód:that (0.61)	pēts; -tes	vindictive household spirit that plays malicious tricks	noun
petus	petus	exact				FALSE	petus		petus	petus			n. u m.		‘penis’			Since OD.				pet-			PG peton														probable_new_entry	no_match							petus	penis	noun
petvis	petvis	dw0				FALSE	petvis						n. i m.		‘millet’			Since OD.						EDPK 200															probable_new_entry	no_match							petvis	millet	noun
pezdis		old2_only		*pesd-	*pésd-i-s	FALSE	pesdis		pezdis, -eis	pezdis		pēdis (-VzC- > -VVC-)	n. i m.		‘fart, especially a soft or silent one’																								probable_merge	partial_gloss	207	párdus	fart	canonical	2.38	207:párdus:fart (2.38) | 361:βórnos:baby boy; the born one (1.41) | 161:maldús:soft (0.88) | 193:óinos:one (0.88) | 117:kamtóm:one hundred (0.03)	pezdis	fart, especially a soft; silent one	noun
piklis		old2_only				FALSE	piklis						n. i f.		‘fern’			Since OD. cf. piliks.									Proto-Karvelian per EDKL 83 *ipɣl-.												probable_new_entry	no_match							piklis	fern	noun
pītu ~ pītous		old2_only		*pei̯h₂-	*péi̯h₂-t-u̯ ~ *pi̯h₂-t-éu̯ ~s	FALSE	pītu ~ pīteus		pītu ~ pītous				n. u n.		‘food’																								probable_merge	gloss_exact	94	gvéitom	food	canonical	7.50	94:gvéitom:food (7.50)	pītu; pītous	food	noun
plānos	plānos	exact		*pleh₂-	*pleh₂-nos, *pl̥h₂-nos	FALSE	plānos		plānos, -om, -ā				adj. a/o		‘full’			Since AD.	plāntaros, plāntamos						PIE *pleh₁- > *pl̥h₁nós														probable_merge	gloss_exact	204	palnos	full	canonical	7.50	204:palnos:full (7.50)	plānos	full	adj
plektō	plektō	dw0				FALSE	plektō						v.		‘braid, plait, weave; fold’	*IGBS		From EAD.				plek- ?					IELF 110: *pleḱt-.												probable_new_entry	low_match	344	tekseti	to weave; to craft, fabricate	canonical	1.46	344:tekseti:to weave; to craft, fabricate (1.46)	plektō	braid, plait, weave; fold	verb
pleunðantom	pleunðantom	gloss	REVIEW:gloss-match			FALSE	pleunðantom						n. o n.		‘lead (metal)’		minerals	Since OD, from AD pl(e)u(n)ðom. [old-1: Since OD, from AD pl(e)u(n)ðom.]							unknown		NWIE?	plūdom?										old-1 form was 'pleunðantom'	probable_merge	partial_gloss	389	maldantóm	lead	candidate	3.00	389:maldantóm:lead (3.00) | 362:áios:copper, bronze; (earlier) metal (1.65)	pleunðantom	lead (metal)	noun
po	po	dw0				FALSE	po						?		‘off, away’			F																					probable_new_entry	no_match							po	off, away	
polka	polka	dw0				FALSE	polka						n. a f.		‘ploughed piece of land’	NWIE	agric.	From D0 polkaa.									IELF 110: *polḱeh₂.												probable_new_entry	no_match							polka	ploughed piece of land	noun
possus	possus	old1_only	REVIEW:old1-only										adj. u		‘low’			From possu, loc.p. of pōts ‘foot’ (q.v.).																					probable_merge	partial_gloss	402	ɣemelos	lowly, low-lying, humble, simple	unresolved	2.65	402:ɣemelos:lowly, low-lying, humble, simple (2.65)	possus	low	adj
pūn, -s	pūn, -s	dw0				FALSE	pūn, -s						n. r/n n.		‘fire (inanimate)’			From EAD pūr, pūns.	pūrāsiom ‘fireplace, hearth’, pūr			pū-					PIE heteroclitic collective *puh₂-r/n- per Klimp 2015:79.												probable_merge	partial_gloss	224	pū́r	fire	canonical	3.00	224:pū́r:fire (3.00) | 35:ðeɣvís:fire (3.00) | 356:éngman:sacred fire-nature; the quality of being ensouled by fire (1.54)	pūn; -s	fire (inanimate)	noun
ɸaβnā	ɸaβnā	dw0				FALSE	ɸaβnā						n. a f.		‘bean’		flora	Since OD, from AD 𐌘𐌀𐌘𐌍𐌀𐌀 βaβnaa.	famnela ‘little bean’			fam-					Wanderwort per EDL and EDPG.			faba < βaβā- < b⁽ʰ⁾ab⁽ʰ⁾-		*baunō- < bʰau-(neh₂-)					ƀan-na < ƀaƀ-na < bʰaw ~  b⁽ʰ⁾ab⁽ʰ⁾ (< βʷaβʷ- ?)		probable_new_entry	no_match							ɸaβnā	bean	noun
ɸeðom	ɸeðom	old1_only	REVIEW:old1-only										n. o m.		‘hole, grave; dungeon’			From EAD.				feð-					PIE *bʰédʰh₂-om.												probable_new_entry	no_match							ɸeðom	hole, grave; dungeon	noun
ɸerɣos	ɸerɣos	dw0				FALSE	ɸerɣos						n. o n.	S-207	‘mountain’			From EAD.				fer-g-								EDL 388: mōns, montis < PIt. *monti- < PIE *mon-ti-.	EDPC: *moniyo- < PIE *mon-.	EDPG 60: *berga- < PIE *bʰergʰ-o-.							probable_merge	partial_gloss	115	kalnís	mountain (hill)	canonical	3.25	115:kalnís:mountain (hill) (3.25)	ɸerɣos	mountain	noun
ɸilis	ɸilis	dw0				FALSE	ɸilis						n. i f.		‘friendship, friendly love’																								probable_new_entry	no_match							ɸilis	friendship, friendly love	noun
ɸlōza	ɸlōza	dw0				FALSE	ɸlōza						n. a f.		‘goddess of plant life, especially flowers’			From EAD.				flo-s-																	probable_merge	partial_gloss	102	gvītis	life	canonical	2.38	102:gvītis:life (2.38) | 36:déivī:goddess (2.38) | 357:gʷī́vom:life (as animating principle) (1.46) | 403:ɣémī:feminine personification of earth, earth-goddess (1.41)	ɸlōza	goddess of plant life, especially flowers	noun
ɸoðvā	ɸoðvā	gloss	REVIEW:gloss-match			FALSE	ɸoðvā						n. a f.		‘battle’			Since Ad.																				old-1 form was 'ɸoðvā'	probable_merge	partial_gloss	124	katús	battle, fight	unresolved	3.25	124:katús:battle, fight (3.25)	ɸoðvā	battle	noun
ɸoðvarā	ɸoðvarā	gloss	REVIEW:gloss-match			FALSE	ɸoðvarā						n. a f.		‘goddess of war; battle’			Since AD, an apparent r-derivation from an unattested ɸoðvar ~ ɸaðvens. which would have usually resulted in a root *ɸoðvan-. [old-1: Since AD, an apparent r-derivation from an unattested ɸoðvar ~ ɸaðvens. which would have usually resulted in a root *ɸoðvan-.]														EDPG 47: *badwō- < *bʰoudʰ-ueh₂.						old-1 form was 'ɸoðvarā'	probable_merge	partial_gloss	36	déivī	goddess	canonical	2.58	36:déivī:goddess (2.58) | 124:katús:battle, fight (1.67) | 403:ɣémī:feminine personification of earth, earth-goddess (1.50)	ɸoðvarā	goddess of war; battle	noun
ɸorna	ɸorna	dw0				FALSE	ɸorna						n. a f.		‘baby girl’			From EAD.				for-n-																	probable_new_entry	low_match	327	βórnā	baby (female)	unresolved	1.92	327:βórnā:baby (female) (1.92) | 361:βórnos:baby boy; the born one (1.65)	ɸorna	baby girl	noun
ɸrektrom	ɸrektrom	dw0				FALSE	ɸrektrom						n. o n.		‘hammer’			Since OD.							PIE *bʰreg-														probable_merge	gloss_exact	358	méltrom	hammer	canonical	7.50	358:méltrom:hammer (7.50)	ɸrektrom	hammer	noun
ɸrēvanā	ɸrēvanā	dw0				FALSE	ɸrēvanā						n. a f.		‘spring, well, source’			Since OD from a root remade from *ɸrēvar, *ɸravens with the V-a ~ a-e- > V-a change for r/n stems.				"frē-wan-a
frēw-an-a"																	probable_new_entry	low_match	381	vozrā	Spring (season)	canonical	1.67	381:vozrā:Spring (season) (1.67) | 408:vozrī:female personification of Spring (1.57) | 353:danvivéits:well-watcher, well-priest, guardian of the sacred precinct (1.42) | 345:duzviros:ne'er-do-well, bumpkin; criminal, villain, evil-doer (1.37)	ɸrēvanā	spring, well, source	noun
rēgiom ~ rēgiōs		old2_only		*h₃reǵ-	*h₃rḗǵ-i̯om	FALSE	rēgiom		rēgiom ~ rēgiōs		rēźio /rēʒjo/																												probable_new_entry	no_match							rēgiom; rēgiōs		
regman ~ regmanes		old2_only		*h₃reǵ-	*h₃reǵ-mn̥ ~ *h₃rǵ-mén-s	FALSE	regman ~ argméns		regman ~ regmanes	reǵminoz					‘responsibility’																								probable_new_entry	no_match							regman; regmanes	responsibility	
regtos	rēgtos	dw0				FALSE	rēgtos		regtos, -om, -ā	rektos	rektos		adj. a/o	S-207	‘correct, straight’			Since OD, from AD regtos with -g- > -k- by assimilatory devoicing.	comp. rēktaros, superl. rēktamos.			rēg- ~ reg-			PIE *h₃reǵ-			>> rettos										old-1 form was 'rēgtos' (updated)	probable_new_entry	low_match	226	regús	right, correct, proper	canonical	1.75	226:regús:right, correct, proper (1.75)	regtos; rēgtos	correct, straight	adj
rektus	regtus	dw0		*h₃reǵ-	*h₃reǵ-tu̯s	FALSE	regtus		rektus	rektus	reśtuz		n. u m.		‘law’							rēg- ~ reg-			PIE *h₃reǵ-													old-1 form was 'regtus' (updated)	probable_new_entry	no_match							rektus; regtus	law	noun
reuðar ~ ruðens		old2_only		*h₁rewdʰ-	**h₁reudʰ-r̥ ~ **h₁rudʰ-én-s	FALSE	reuðar ~ ruðens																																probable_new_entry	no_match							reuðar; ruðens		
reunafera	reunafera	dw0				FALSE	reunafera						n. a f.		‘goddess of secrets, secret knowledge, writing, reading, literacy, and literature’			From EAD.																					probable_new_entry	low_match	36	déivī	goddess	canonical	2.06	36:déivī:goddess (2.06) | 403:ɣémī:feminine personification of earth, earth-goddess (1.24)	reunafera	goddess of secrets, secret knowledge, writing, reading, literacy, and literature	noun
rōssos	rōssos	old1_only	REVIEW:old1-only										adj. a/o	S-207	‘red’			Since OD, from AD rouðos with regular loss of glide lengthening the preceding vowel and reanalysis of -ss-< -ðt- as the adjectival root.	comp. rōssaros, super. rōssamos.			rouð-																	probable_merge	gloss_exact	232	rouðós	red	canonical	7.50	232:rouðós:red (7.50) | 234:ruðrós:red (7.50)	rōssos	red	adj
rudantom	rudantom	dw0				FALSE	rudantom						n. o n.		‘copper’		minerals	Since AD.																					probable_merge	partial_gloss	362	áios	copper, bronze; (earlier) metal	canonical	2.75	362:áios:copper, bronze; (earlier) metal (2.75)	rudantom	copper	noun
ruðēti		old2_only		*h₁rewdʰ-	*h₁rudʰéh₁ti	FALSE	ruðēti																																probable_new_entry	no_match							ruðēti		
rudom	rudom	dw0				FALSE	rudom						n. o n.		‘ore’		minerals	From OD.				raud-			wanderwort		Eur. subs. *arud- ~ raud- ‘ore’			EDL 515: raudus, -eris < diff’t IE lang with pre-form *h1r(e/o)udʰ-os. (De Vaan does not mentiom subtratum.)		EDPG 37: *arut- (< PPGm. arud- ?) borrowed from a-prefiɣ lang.							probable_new_entry	no_match							rudom	ore	noun
ruðris		old2_only		*h₁rewdʰ-		TRUE			ruðris																														probable_new_entry	no_match							ruðris		
ruðrom ~ ruðrōs		old2_only		*h₁rewdʰ-		TRUE			ruðrom ~ ruðrōs	ruðrom ~ ruðrosio			n. o n.		‘redness; swelling; embarrassment’																								probable_merge	gloss_exact	233	róuðos	redness; embarrassment, arousal	canonical	5.58	233:róuðos:redness; embarrassment, arousal (5.58)	ruðrom; ruðrōs	redness; swelling; embarrassment	noun
ruðs ~ ruðes		old2_only		*h₁rewdʰ-	*h₁réwdʰ-s ~ *h₁rudʰ-és/ós	TRUE	reuðs ~ ruðes		ruðs ~ ruðes	reuðs ~ ruðes		reðs ~ ruðes																											probable_new_entry	no_match							ruðs; ruðes		
russis		old2_only		*h₁rewdʰ-	**h₁rudʰ-dʰh₁-is	TRUE	ruððis		russis	russis																													probable_new_entry	no_match							russis		
ruts	ruts	dw0				FALSE	ruts						n. c m.		‘copper’		minerals	Since AD with gen.s. both rudes and rutes.																					probable_merge	partial_gloss	362	áios	copper, bronze; (earlier) metal	canonical	2.75	362:áios:copper, bronze; (earlier) metal (2.75)	ruts	copper	noun
sagarra	sagarra	dw0				FALSE	sagarra						n. a f.		‘apple’		agric.	From EAD.				sag-ar-					Vasconic per EDB 335: sagar, ‘id’.												probable_merge	gloss_exact	393	ábōl	apple	candidate	7.50	393:ábōl:apple (7.50)	sagarra	apple	noun
sagva	sagva	dw0				FALSE	sagva						n. a f.		‘mouse’		fauna	From EAD.				sag-w-					euq: EDB 335: sagu.												probable_merge	gloss_exact	178	mū́s	mouse	canonical	7.50	178:mū́s:mouse (7.50)	sagva	mouse	noun
sākris	sākris	exact		*seh₂k-	*seh₂k-ri-s	FALSE	sākris		sākris /saːkrɪs/	sākros	sākriz		adj. i		‘sacred’			From EAD.				sāk-r-																	probable_merge	partial_gloss	354	sakrós	sacred, holy, set apart	canonical	2.75	354:sakrós:sacred, holy, set apart (2.75) | 355:sakrovéstrom:sanctuary, sacred precinct (institutional) (1.25) | 343:ðḗti:to put, place; to dedicate, make (sacred) (1.15) | 353:danvivéits:well-watcher, well-priest, guardian of the sacred precinct (1.08) | 356:éngman:sacred fire-nature; the quality of being ensouled by fire (1.08)	sākris	sacred	adj
saksom	saksom	dw0				FALSE	saksom						n. o n.		‘(ceremonial) stone or obsidian chipping aɣe’			From EAD.				sak-s-					What if PIt and PGm forms were a post-IE borrowing of *saks- ?	> sassom		EDL 327 lapis, -dis < PIt. *la/eped- < Med. *lVpVd-. EDL 541: saɣum ‘rock, boulder’ < *saks-o- < *sh₂k- (?), ≠ *sok-.	various	EDPG 421: *sahsą- ‘knife’ < *sok-so- < *sek-.					saksom, sak-klom		probable_new_entry	no_match							saksom	(ceremonial) stone; obsidian chipping aɣe	noun
sakvantom	sakvantom	dw0				FALSE	sakvantom						n. o n.		‘tin’		minerals	Since OD, from AD sakvom (q.v.) and -antom ‘metal; subtstance, material’.																					probable_new_entry	no_match							sakvantom	tin	noun
sakvom	sakvom	dw0				FALSE	sakvom						n. o n.		‘tin’		minerals	In AD as (t)saɣvom, (t)saɣvom, and (t)sakvom. The inconsistent onset in (t)s- and variation in the labiovelar, as well as its association with a trade item, indicate a likely borrowing during intensive language contact. See sakvantom.				saɣw- ~ sakw-					Proto-Circassion t͡saɣʷ.												probable_new_entry	no_match							sakvom	tin	noun
sambrus		old2_only		*smer-	*smér-u̯s ~ *sm̥r-éu̯-s	FALSE	samrus		sambrus	sambrus	smeruz		n. u m.		‘grease’	PK																							probable_merge	gloss_exact	253	smérus	grease	unresolved	7.50	253:smérus:grease (7.50)	sambrus	grease	noun
sān, -s	sān, -s	dw0				FALSE	sān, -s						n. r/n n.	S-207, SY	‘sun’			From EAD sāval, savens leveling to sāvan, sāvans by OD and contracting (-V̄̆¹YV̄̆¹- > V̄¹) to sān, sāns by CD.										sāval, sāvans > sāl, sāns > sān, -s											probable_merge	gloss_exact	243	sā́val	sun	canonical	7.50	243:sā́val:sun (7.50) | 405:sāl:sun (7.50) | 406:sūl:sun (7.50)	sān; -s	sun	noun
sanatsa	sanatsa	dw0				FALSE	sanatsa						n. a f.		‘willow’		flora	From EAD.									Vasconic per EDB 335: sahats, < sanats ‘id’.	> sanassa											probable_merge	partial_gloss	239	salikā	willow (tree)	canonical	3.25	239:salikā:willow (tree) (3.25)	sanatsa	willow	noun
sanðom	sanðom	gloss	REVIEW:gloss-match			FALSE	sanðom						n. o n.	S-207	‘sand’															sabulum < sadʱ-lo- (Kroonen) or (p)sað/f/blo- < (p)sam- or sabʱ-		samdaz < sam-ndʱ-o-						old-1 form was 'sanðom'	probable_new_entry	no_match							sanðom	sand	noun
sardea	sardea	dw0				FALSE	sardea						n. a f.		‘pitchfork’			From EAD.									euq: EDB												probable_new_entry	no_match							sardea	pitchfork	noun
saβa	saβa	dw0				FALSE	saβa						n. a f.		‘sap, wine concentrate, (fig) blood’		vinic.	From EAD.							unknown														probable_new_entry	low_match	63	ézar	blood	canonical	2.25	63:ézar:blood (2.25) | 241:sanī:menstrual blood (1.43) | 146:kvoinā́:blood-money, ransom, great cost (1.32)	saβa	sap, wine concentrate, (fig) blood	noun
sēklom	sēklom	dw0				FALSE	sēklom						n. o n.		‘scythe’			From EAD.				sēk-l-			PIE *sek-.														probable_new_entry	no_match							sēklom	scythe	noun
seks	seks	dw0				FALSE	seks						num. (irr)		‘siɣ’			From EAD.									PIE *(s)ueks.			seɣ < seks < (s)ueks	sweɣs < sweks	sehs < seks < (s)uek-s							probable_new_entry	no_match							seks	siɣ	noun
seliom	seliom	dw0				FALSE	seliom						n. o n.		‘sweet meat (animal organs as food)’			From EAD.																					probable_new_entry	low_match	94	gvéitom	food	canonical	2.25	94:gvéitom:food (2.25) | 97:ɣvḗr:wild animal, beast (1.39) | 264:svādús:sweet (0.75)	seliom	sweet meat (animal organs as food)	noun
selkos		old2_only		**selk-	**selk-ó-s	FALSE	selkos ~ seklosi̯o		selkos	selkos	selkuz		n. o m.		‘seal’																								probable_new_entry	no_match							selkos	seal	noun
sēman, -s	sēman, -s	dw0				FALSE	sēman, -s						n. n n.	S-207	‘sowing, spreading, distributing’			From EAD sēman, samens with leveing of the direct stem into the oblique by OD.				sē-																	probable_new_entry	no_match							sēman; -s	sowing, spreading, distributing	noun
sēmō, -nes	sēmō, -nes	dw0				FALSE	sēmō, -nes						n. n n.		‘sower’																								probable_new_entry	no_match							sēmō; -nes	sower	noun
sesenos	sesenos	dw0				FALSE	sesenos						n. o m.		‘bull (castrated), steer’		fauna	From EAD.				ses- ? sese- ? sesen- ?					Vasconic per EDB 374: zezen, ‘bull’.	> sesnos ?											probable_merge	partial_gloss	273	táuros	bull	canonical	2.58	273:táuros:bull (2.58)	sesenos	bull (castrated), steer	noun
sētis	sētis	dw0				FALSE	sētis						n. i m.		‘seed’			Since AD.																					probable_merge	gloss_exact	246	sḗman	seed	canonical	7.50	246:sḗman:seed (7.50)	sētis	seed	noun
setra	setra	dw0				FALSE	setra						n. a f.		‘sturgeon’												Eur. subs. PGm. sturjan-, sturjōn- < *str-i- (not sure what this means) ~ PBS *asetr-, esetr-												probable_new_entry	no_match							setra	sturgeon	noun
siplis	siplis	dw0				FALSE	siplis						n. i f.		‘beech tree’			Since OD.																					probable_merge	partial_gloss	376	βāgodrevís	beech-tree	canonical	3.50	376:βāgodrevís:beech-tree (3.50) | 116:kalnós:holly (tree) (1.92) | 12:álizos:alder (tree) (1.92) | 137:kozlos:hazel (tree) (1.92) | 239:salikā:willow (tree) (1.92)	siplis	beech tree	noun
skvombom ~ skvombōs		old2_only		**(s)gʰʷon-	ꜝsgʰʷon-b⁽ʰ⁾-om	FALSE	skʷomβom		skvombom ~ skvombōs	!skʷombom		skʷombom							skvambālos ‘slimy’																				probable_new_entry	no_match							skvombom; skvombōs		
soɣvā	soɣvā	dw0				FALSE	soɣvā						n. a f.	S-207	‘sea’			Since OD.									Proto-Kartvelian per EDKL 62: *zɣwa-.	> sova											probable_merge	gloss_exact	174	morí	sea	canonical	7.50	174:morí:sea (7.50)	soɣvā	sea	noun
sokios	sokios	exact				FALSE	sokios		sokios	sokios	sokiuz		n. o m.		‘friend, ally, companion (in a platonic sense)’			From EAD.	sokia ‘girlfriend (in a romantic sense)’	oinos sokios vēros ‘a true friend’		sok-i-																	probable_merge	partial_gloss	257	sokiós	friend, ally	canonical	2.75	257:sokiós:friend, ally (2.75)	sokios	friend, ally, companion (in a platonic sense)	noun
statis	statis	dw0				FALSE	statis						n. i f.		‘standing, position, station (in life or social situations)’			Since AD.																					probable_new_entry	low_match	102	gvītis	life	canonical	2.17	102:gvītis:life (2.17) | 96:gvénī:lady (woman of moral or social standing) (1.61) | 357:gʷī́vom:life (as animating principle) (1.33)	statis	standing, position, station (in life; social situations)	noun
sterā	sterā	exact				FALSE	sterā		sterā, -ās				n. a f.	S-207	‘star’			From EAD stera with regular loss of initial s- before a stop.																					probable_merge	gloss_exact	260	stḗr	star	canonical	7.50	260:stḗr:star (7.50)	sterā	star	noun
sulla	sulla	dw0				FALSE	sulla			sulla			n. a f.		‘daughter’			Since OD, from AD sunela.				sun-						> sunla > sulla											probable_merge	gloss_exact	52	ðúktēr	daughter	canonical	7.50	52:ðúktēr:daughter (7.50)	sulla	daughter	noun
surmela	surmela	dw0				FALSE	surmela						n. a f.		‘oak’		flora	From EAD.				sur-mel-					Vasconic per EDB 381: zur ‘wood’.	> surmla > ?											probable_merge	gloss_exact	214	pérkus	oak	unresolved	7.50	214:pérkus:oak (7.50)	surmela	oak	noun
svep-	svep-	dw0				FALSE	svep-						v.	S-207	‘to sleep’																								probable_new_entry	no_match							svep-	to sleep	verb
svepnos	svepnos	exact			*swépnos ~ *swépnosyo	FALSE	svepnos		svepnos	svepnos	sepnaz		n. o m.		‘sleep’																								probable_new_entry	no_match							svepnos	sleep	noun
tagvis	tagvis	exact			? taǵʷis	FALSE	tagʷis		tagvis /tagʷis/	tagvis /tagʷis/	taźiz /taʒiz/		n. i m.		‘mouse’		fauna	Since OD.				tag-w-					Proto-Kartvelian per EDKL 66: *tagw-.												probable_merge	gloss_exact	178	mū́s	mouse	canonical	7.50	178:mū́s:mouse (7.50)	tagvis	mouse	noun
takilis	takilis	dw0				FALSE	takilis						n. i f.		‘hazelnut’		agric.	From EAD.									Proto-Kartvelian per EDKL  78: *tɣil-.												probable_new_entry	no_match							takilis	hazelnut	noun
talkvō	talkvō	dw0				FALSE	talkvō						v.		‘to talk’			From D0 t(a)lkvoo.									tl̥kʷ- > talkʷ-?												probable_new_entry	no_match							talkvō	to talk	verb
taludom	taludom	exact				FALSE	taludom		taludom	taludom	—		n. o n.		‘temple? shrine?’ (hapaɣ)			Since AD.									Coinage based on the generated Sitrama Nerro teɣt.												probable_new_entry	no_match							taludom	temple? shrine? (hapaɣ)	noun
tānom		old2_only			*tr̥nós >	FALSE	tarnom		tānom	tarnom	tirnan		n. o m.		‘thorn, jagger; brush comprised of plants with thorns or jaggers’			Since OD.																					probable_new_entry	no_match							tānom	thorn, jagger; brush comprised of plants with thorns; jaggers	noun
tarnos	tarnos	old1_only	REVIEW:old1-only										n. o m.		‘thorn, brier’			Since OD.																					probable_new_entry	no_match							tarnos	thorn, brier	noun
tāstus ~ tāstous	tarstus	gloss	REVIEW:gloss-match	*ters-	*térs-tu-s ~ *tr̥s-téw-s	FALSE	tarstus ~ tarsteus		tāstus ~ tāstous	tarstus ~ tarstous	tirstuz ~ tirtstouz		n. u m.		‘thirst’																							old-1 form was 'tarstus'	probable_new_entry	no_match							tāstus; tāstous; tarstus	thirst	noun
terzom ~ terzōs		old2_only		*ters-	*ters-ó-m ~ *ters-ó-si̯o	FALSE	tersom		terzom ~ terzōs	terzo			n. o n.		‘desert, arid area’																								probable_new_entry	no_match							terzom; terzōs	desert, arid area	noun
theumman		old2_only				FALSE	theumman						?		‘depth’										PIE *dʰewbʰ-mn̥														probable_new_entry	no_match							theumman	depth	
tos, tom, ta	tos, tom, ta	dw0				FALSE	tos, tom, ta						?		‘the’			From EAD.																					probable_new_entry	no_match							tos; tom; ta	the	
upelos	upelos	dw0				FALSE	upelos						n. o m.	S-207	‘bad, evil’			From EAD.				up-el-			unknown		EDPG 117: *elhja- < *h1elk-io-.	upelos > /upᵊlos/ > uplos > ullos?		EDL 360: malus < PIt. *malo- < PIE *mol-o- (uncertain).	"EDPC 105: *druko- < PIE *dʰrewgʰ- with special formal pleading.

EDPC 396: *ufelo- < PIE *h₂up-elo- < *h₂wop-."	"EDPG 557: *ubilaz < *up-elo- but ≠ *h₂wop-.

elhjaz < h1elkos"							probable_new_entry	low_match	345	duzviros	ne'er-do-well, bumpkin; criminal, villain, evil-doer	canonical	1.47	345:duzviros:ne'er-do-well, bumpkin; criminal, villain, evil-doer (1.47)	upelos	bad, evil	noun
uperi	uperi	dw0				FALSE	uperi						?		‘over, above’			From EAD.																					probable_new_entry	low_match	286	upér	over	canonical	2.00	286:upér:over (2.00)	uperi	over, above	
vāðeks	vāðeks, -kes	gloss	REVIEW:gloss-match	*weh₂dʰ-	**weh₂dʰ-ek-s	FALSE	wāðeks		vāðeks /waːðeks/	vādeks /waːdeks/			n. c m.		‘tyrant, warlord, conqueror’			From AD 𐌖𐌀𐌀𐌈𐌄𐌊𐌔.		vāðeks melðaniom mādieti ‘may the invader meet Melðanios!’		wāð-ek-			PIE *u̯eh₂dʰ- as if from PIE or post-PIE noms. *u̯eh₂dʰ-ék-s gen.s. u̯h₂dʰ-ék-es with a sense of ‘one who tresspasses’ but unsure of what the actual PIE form would have been.		The subject of Vathek, by William Beckford, “who, for the sake of empty pomp and forbidden power, had sullied himself with a thousand crimes, became a prey to grief without end, and remorse without mitigation[.]” But also perhaps a derivation of PIE *weh₂dʰ- and a spurious -ek- suffiɣ?											old-1 form was 'vāðeks, -kes'	probable_new_entry	no_match							vāðeks; -kes	tyrant, warlord, conqueror	noun
vantrom	vantrom	dw0			*wn̥h₁-tro-m	FALSE	vantrom						n. o m.		‘awe, wonder’			Since AD.																					probable_new_entry	no_match							vantrom	awe, wonder	noun
vapnis	vapnis	dw0				FALSE	vapnis						n. ? ?		‘oven’			From EAD.				up-n-						upnos > umnos > unnos ? assimilation				EDPG 557 *ufna- < *upno- ?							probable_new_entry	no_match							vapnis	oven	noun
varis	varis	dw0				FALSE	varis						n. i m.		‘border marker, totem’			Since OD, from AD svaris with regular loss of initial s- before other consonants.				sɣwar-					Proto-Kartvelian per EDKL 62: *zɣwar- ‘limit, bound.’	> svaris ?											probable_new_entry	low_match	277	térman	boundary, limit, end; boundary marker	canonical	1.50	277:térman:boundary, limit, end; boundary marker (1.50)	varis	border marker, totem	noun
vātis	vātis	exact				FALSE	vātis		vātis, -eis				n. i m/f.		‘seer, oracle’			‘oracle, seer; poet’																					probable_new_entry	low_match	383	βātus	oracle, pronouncement	canonical	1.92	383:βātus:oracle, pronouncement (1.92) | 373:vātís:seer, poet, prophet (1.75)	vātis	seer, oracle	noun
vatsis	vatsis	exact				FALSE	vatsis		vatsis, -eis				n. i m.		‘goat’		fauna	Since OD.				wat-s-					Proto-Kartvelian per EDKL 50: *wac₁-.												probable_merge	gloss_exact	65	ɣáits	goat	canonical	7.50	65:ɣáits:goat (7.50)	vatsis	goat	noun
veidara	veidara	dw0				FALSE	veidara						n. a f.		‘goddess of wisdom’			From LAD, from the stem of LAD veidan leveled from EAD veidar, videns all ultimately from a root veid- ‘see, know’.																					probable_merge	partial_gloss	36	déivī	goddess	canonical	3.00	36:déivī:goddess (3.00) | 403:ɣémī:feminine personification of earth, earth-goddess (1.65)	veidara	goddess of wisdom	noun
veis	veis	dw0				FALSE	veis						pron.	S-207	‘we’			Since AD.				wei-s-																	probable_new_entry	no_match							veis	we	pron
veistvō	veistvō	dw0				FALSE	veistvō						pron.	S-207	‘we two, the two of us, the speaker and listener only’			Since OD, a compound of veis ‘we’ and dvō ‘two’.				wei-du-																	probable_new_entry	low_match	55	dúvō	two	canonical	0.67	55:dúvō:two (0.67) | 58:dvṓ:two (0.67)	veistvō	we two, the two of us, the speaker and listener only	pron
veits, -des	veits, -des	old1_only	REVIEW:old1-only										n. c m.		‘seer, oracle, priest(ess)’			From EAD.				weit-						weits > wīts > wīs?											probable_new_entry	low_match	383	βātus	oracle, pronouncement	canonical	1.52	383:βātus:oracle, pronouncement (1.52) | 373:vātís:seer, poet, prophet (1.46) | 353:danvivéits:well-watcher, well-priest, guardian of the sacred precinct (1.35)	veits; -des	seer, oracle, priest(ess)	noun
vēkis	vēkis	dw0				FALSE	vēkis						n. ? ?		‘village, settlement’			Since OD, from AD veikis.																					probable_merge	partial_gloss	300	véikos	settlement	canonical	3.00	300:véikos:settlement (3.00) | 350:veikspotís:village headman, settlement lord (2.50) | 301:véiks:village, household (1.92) | 135:kóimos:settlement, camp; home (1.75)	vēkis	village, settlement	noun
vēks	vēks	dw0				FALSE	vēks						n. c f.		‘household, home’			Since OD, from AD veiks.							PIE *u̯ei̯k-														probable_new_entry	low_match	301	véiks	village, household	unresolved	1.92	301:véiks:village, household (1.92) | 135:kóimos:settlement, camp; home (1.75) | 221:potís:husband, head of household (1.75)	vēks	household, home	noun
vektis	vektis	exact				FALSE	wektis ~ wekteis		vektis, -eis	vektis ~ vekteis	βeśtiz ~ βeśtīri		n. i m.		‘entity, being, ghost; thing, monster’			Since AD.														EDPG 578: wehti-.							probable_new_entry	low_match	125	keitis	sea monster	canonical	1.43	125:keitis:sea monster (1.43) | 43:ðṓmos:thing, object (1.43) | 19:anɣvís:serpent, dragon, monster (1.39) | 252:skválos:large fish or whale; sea monster (1.32) | 66:ɣamṓ:person, human being, (lit.) earthling (1.32)	vektis	entity, being, ghost; thing, monster	noun
vereza	vereza	dw0				FALSE	vereza						n. a f.		‘Summer’			Since OD, an a-stem derivative of the oblique of AD weros, weresos ‘id.’				wer- ~ wor-			PIE *gʱwér- > *gʱwéros, *gʱwéresos.														probable_new_entry	no_match							vereza	summer	noun
vēris		old2_only				FALSE	vēris						n. i f.		‘truth’			Since AD.																					probable_new_entry	no_match							vēris	truth	noun
verman, -s	verman, -s	dw0				FALSE	verman, -s						n. n n.		‘warmth’			Since OD, from AD werman ~ warmens.				wer- ~ wor-			PIE *gʱwér- > *gʱwéros, *gʱwéresos.														probable_new_entry	no_match							verman; -s	warmth	noun
vērotāts ~ vērotātes		old2_only		*weh₁-	*weh₁-r-o-teh₂ts	FALSE			vērotāts ~ vērotātes				n. ? ?																										probable_new_entry	no_match							vērotāts; vērotātes		noun
vērtā	vēris	gloss	REVIEW:gloss-match	*weh₁-	*weh₁-ro-teh₂	FALSE	wērtā		vērtā, -ās				n. a f.		‘truth’			Since AD.																				old-1 form was 'vēris'	probable_new_entry	no_match							vērtā; vēris	truth	noun
vesus	vesus	old1_only	REVIEW:old1-only										adj. u		‘(archaic) good, eɣcellent’			Since AD but relegated to formulae and poetry by OD.	comp. vestaros, spl. vestamos																				probable_merge	partial_gloss	309	vezús	good	canonical	2.58	309:vezús:good (2.58) | 388:déru:tree (archaic) (0.17) | 404:sāval:sun (archaic, religious register) (0.00)	vesus	(archaic) good, eɣcellent	adj
vētis	vētis	dw0				FALSE	vētis						n. i f.		‘hatred’			Since OD, from AD dvētis.																					probable_merge	gloss_exact	111	kā́dos	hatred	canonical	7.50	111:kā́dos:hatred (7.50)	vētis	hatred	noun
vīnom	vīnom	dw0				FALSE	vīnom						n. o n.		‘wine’		vinic.	From EAD.				wī-n-					PIE												probable_new_entry	no_match							vīnom	wine	noun
vitsonðos	vitsonðos	gloss	REVIEW:gloss-match			FALSE	vitsonðos						n. o m.		‘bison’		fauna	From EAD vitsomƀos, vitsonđos. with the former falling out of use in favor of the latter by OD.				?					PreGm. uisond⁽ʰ⁾- < wi- + dzomb⁽ʰ⁾- ~ dzond⁽ʰ⁾- ~ tsomb⁽ʰ⁾	vitsomƀos > vissomƀos > vissomps ?										old-1 form was 'vitsonðos'	probable_merge	gloss_exact	308	vezonts	bison	canonical	7.50	308:vezonts:bison (7.50)	vitsonðos	bison	noun
vodan, -s	vodan, -s	dw0				FALSE	vodan, -s						n. r/n n.	S-207, SY	‘water (inanimate)’			Since OD, from AD wodar ~ wedans.				wod-ar/n-		r/n				vodar, vodans > vodan, -s											probable_merge	partial_gloss	284	udṓr	water	canonical	3.00	284:udṓr:water (3.00) | 314:vódar:water (3.00) | 351:dā́nu:flowing water, river (1.75) | 352:dā́nvī:feminine water-spirit, water-nymph (1.65)	vodan; -s	water (inanimate)	noun
voks	voks	dw0				FALSE	voks						n. c f.		‘voice’			Since OD, from AD voks, gen.s. vokves.																					probable_new_entry	no_match							voks	voice	noun
voktis	voktis	dw0				FALSE	voktis						n. i f.		‘language’			Since OD.		volktī teutom ‘in the language of (our/the) peoples’, a common phrase in religious formulae attested since AD		wolk																	probable_merge	gloss_exact	67	ɣandvā́	tongue; language	canonical	6.50	67:ɣandvā́:tongue; language (6.50)	voktis	language	noun
vokvis		old2_only		*wekʷ-	*wṓkʷs ~ *wókʷm̥ ~ *wókʷs ~ *wókʷ(i)	FALSE	wōks ~ wokʷam ~ woks ~ wokʷi		vokvis /wɔkʷis/	vokvā /wɔkʷaː/	vośiz /vɔʃiz/		adj. i																										probable_new_entry	no_match							vokvis		adj
vordos	vordos	old1_only	REVIEW:old1-only										adj. a/o		‘dirty, stained; dark’			Since OD, from AD svordos.	comp. vorsaros, superl. worsamos			swo-r-d- ?																	probable_merge	partial_gloss	267	svórdos	dirty	canonical	2.58	267:svórdos:dirty (2.58) | 57:ðuzvos:dark (of a color) (1.67) | 54:ðuskos:dark, dusky (of a person or object) (1.50)	vordos	dirty, stained; dark	adj
vormos	vornos	gloss	REVIEW:gloss-match			FALSE	wormos		vormos, -om, -ā				adj. a/o	S-207	‘warm’			Since OD, from AD vormos, with m > n from assimilation in the comp. and spl. forms.	comp. vorntaros, superl. vorntamos			wer- ~ wor-			PIE *gʱwér- >  *gʱwormos.													old-1 form was 'vornos'	probable_new_entry	no_match							vormos; vornos	warm	adj
wamβom	wamβom	old1_only	REVIEW:old1-only										n. o n.		‘mushroom’																								probable_merge	gloss_exact	104	ɣvónɣvom	mushroom	canonical	7.50	104:ɣvónɣvom:mushroom (7.50)	wamβom	mushroom	noun
wangwom	wangwom	old1_only	REVIEW:old1-only										n. o n.		‘mushroom’																								probable_merge	gloss_exact	104	ɣvónɣvom	mushroom	canonical	7.50	104:ɣvónɣvom:mushroom (7.50)	wangwom	mushroom	noun
waslis	vaslis	gloss	REVIEW:gloss-match			FALSE	waslis						n. a f.		‘apple (of a type from the eastern mountain region)’		agric.	From EAD.				was-l-					Proto-Kartvelian per EDKL 50: *wašl-.											old-1 form was 'vaslis'	probable_merge	partial_gloss	393	ábōl	apple	candidate	2.38	393:ábōl:apple (2.38) | 115:kalnís:mountain (hill) (1.52) | 162:malom:apple, pear (1.52)	waslis; vaslis	apple (of a type from the eastern mountain region)	noun
wits		old2_only		*weyd-	**wid-s ~ wid-es ~ wid(i)	FALSE	wits, wides	wits, wides	wits, wides	wits, wites	widos		n. c m.		‘scholar, priest’			From EAD.				weit-						weits > wīts > wīs?											probable_new_entry	low_match	353	danvivéits	well-watcher, well-priest, guardian of the sacred precinct	canonical	1.54	353:danvivéits:well-watcher, well-priest, guardian of the sacred precinct (1.54)	wits	scholar, priest	noun
wosara	vosara	gloss	REVIEW:gloss-match			FALSE	wosara						n. a f.		‘Spring (season)’			Since OD, an a-stem derivation of an n-stem reanalysis of OD vosar, vesans.				wes-ar-																old-1 form was 'vosara'	probable_merge	gloss_exact	381	vozrā	Spring (season)	canonical	7.50	381:vozrā:Spring (season) (7.50)	wosara; vosara	spring (season)	noun
βussos		old2_only		*bʰewdʰ-	*bʰudʰtós	FALSE	βussos		βussos, -om, -ā	ɸussos	buttoz		adj. a/o		‘awake’																								probable_new_entry	no_match							βussos	awake	adj
		old2_only		*h₂egʰ-	*h₂egʰ-ó-m	FALSE																																	too_incomplete_to_import	no_term_no_gloss									
		old2_only				FALSE							n. ? ?		‘lady, woman’										wanderwort		Eur. subs. PGm. *edis ‘lady’												probable_merge	partial_gloss	95	gvénā	woman	canonical	3.00	95:gvénā:woman (3.00) | 96:gvénī:lady (woman of moral or social standing) (2.30) | 149:leuðertā:freed-woman (1.92)		lady, woman	noun
		old2_only				FALSE		kunos, -ōs					n. c n.		‘male dog, letch (derogatory)’																								probable_merge	partial_gloss	144	kvṓ	dog	canonical	2.38	144:kvṓ:dog (2.38)		male dog, letch (derogatory)	noun
		old2_only				FALSE								S-207	‘big, great, powerful, large’			Since AD.	comp. magnios superl. magnitamos is irregular, using the comparative stem, to prevent a -gnt- sequence.			mag-n-								EDL 358: magnus < PIt. magnos < mǵ-no- from Schrijver’s RDC- > RaDC-.	EDPC 253: *magyos < *méǵh₂-.	"EDPG 361: *mekila- < *meǵ-el-. “Unlike the other IE languages,  Germanic added a suffiɣ *-ila- ( < *-eli-?) to
the root *meǵ-."							probable_new_entry	low_match	206	pánts	large predatory cat	canonical	0.46	206:pánts:large predatory cat (0.46) | 208:párts:large predatory cat (0.46) | 146:kvoinā́:blood-money, ransom, great cost (0.38) | 252:skválos:large fish or whale; sea monster (0.38) | 279:tigrís:large, striped, predatory cat of forest environs (0.35)		big, great, powerful, large	
		old2_only				FALSE							?	S-207	‘forest’		fauna	nemos, nemoses; silva;																					probable_new_entry	low_match	279	tigrís	large, striped, predatory cat of forest environs	canonical	1.58	279:tigrís:large, striped, predatory cat of forest environs (1.58)		forest	
