section,pdf_page,column,form,refs,entry,raw
ancient,804,1,ἄγαν,362,"ἄγαν, 362","äyav, 362"
ancient,804,1,ἀγείρω,312,"ἀγείρω, 312","ἀγείρω, 312"
ancient,804,1,ἄγκος,28,"ἄγκος, 28","ἄγκος, 28"
ancient,804,1,ἀγκύλη,29,"ἀγκύλη, 29","ἀγκύλη, 29"
ancient,804,1,ἀγκύλος,29,"ἀγκύλος, 29","ἀγκύλος, 29"
ancient,804,1,ἀγκών,28,"ἀγκών, 28","ἀγκών, 28"
ancient,804,1,ἄγνυμι,569,"ἄγνυμι, 569","ἄγνυμι, 569"
ancient,804,1,ἀγρός,18,"ἀγρός, 18","ἀγρός, 18"
ancient,804,1,ἄγχω,28,"ἄγχω, 28","ἄγχω, 28"
ancient,804,1,ἄγω,18,"ἄγω, 18","ἄγω, 18"
ancient,804,1,ἁδήν,"xxvii, 270","ἁδήν, xxvii, 270","ἁδήν, xxvii, 270"
ancient,804,1,ἀδίκη,384,"ἀδίκη, 384","ἀδίκη, 384"
ancient,804,1,ἀείρω,574,"ἀείρω, 574","ἀείρω, 574"
ancient,804,1,ἀέλιοι,498,"ἀέλιοι, 498","ἀέλιοι, 498"
ancient,804,1,ἀέλιος,"xxvi, 46","ἀέλιος, xxvi, 46","ἀέλιος, xxvi, 46"
ancient,804,1,ἀέξω,566,"ἀέξω, 566","ἀέξω, 566"
ancient,804,1,ἄζω,38,"ἄζω, 38","ἄζω, 38"
ancient,804,1,ἄημι,576,"ἄημι, 576","ἄημι, 576"
ancient,804,1,αἰγίλωψ,9,"αἰγίλωψ, 9","αἰγίλωι!, 9"
ancient,804,2,αἰγίς,10,"αἰγίς, 10","αἰγίς, 10"
ancient,804,2,αἴδομαι,14,"αἴδομαι, 14","αἴδομαι, 14"
ancient,804,2,αἰετός,590,"αἰετός, 590","αἰετός, 590"
ancient,804,2,αἰθός,8,"αἰθός, 8","αἰϑός, 8"
ancient,804,2,αἶθος,"xxiii, xl, 8","αἶθος, xxiii, xl, 8","αἶϑος, xxiii, xl, 8"
ancient,804,2,αἶκλοι,9,"αἶκλοι, 9","αἶκλοι, 9"
ancient,804,2,αἴξ,239,"αἴξ, 239","αἴξ, 239"
ancient,804,2,αἰσθάνομαι,45,"αἰσθάνομαι, 45","αἰσϑάνομαι, 45"
ancient,804,2,ἄιστος,"xxxiii, 588","ἄιστος, xxxiii, 588","ἄιστος, xxxiii, | 588"
ancient,804,2,αἶσχος,16,"αἶσχος, 16","αἶσχος, 16"
ancient,804,2,αἰχμή,9,"αἰχμή, 9","αἰχμή, 9"
ancient,804,2,ἁΐω,44,"ἁΐω, 44","diw, 44"
ancient,804,2,αἰών,16,"αἰών, 16","aiwv, 16"
ancient,804,2,ἀκή,5,"ἀκή, 5","ἀκή, 5"
ancient,804,2,ἄκμων,220,"ἄκμων, 220","ἄκμων, 220"
ancient,804,2,ἀκούω,217,"ἀκούω, 217","ἀκούω, 217"
ancient,804,2,ἄκων,5,"ἄκων, 5","ἄκων, 5"
ancient,804,2,ἀλέξω,21,"ἀλέξω, 21","ἀλέξω, 21"
ancient,804,2,ἀλίνειν,324,"ἀλίνειν, 324","ἀλίνειν, 324."
ancient,804,2,ἄλλος,23,"ἄλλος, 23","ἄλλος, 23"
ancient,804,2,ἄλς,425,"ἄλς, 425","ἄλς, 425"
ancient,804,2,ἄμαθος,426,"ἄμαθος, 426","ἄμαϑος, 426"
ancient,804,2,ἁμάω,360,"ἁμάω, 360","ἁμάω, 360"
ancient,804,2,ἀμβλύς,"xxxviii, 67, 69","ἀμβλύς, xxxviii, 67, 69","ἀμβλύς, xxxviii, | 67, 69"
ancient,804,2,ἀμέλγω,364,"ἀμέλγω, 364","ἀμέλγω, 364"
ancient,804,2,ἁμο-,"xx, 491","ἁμο-, xx, 491","ἁμο-, xx, 491"
ancient,804,2,ἀμφί,"xv, xvi, 559","ἀμφί, xv, xvi, 559","ἀμφί, xv, xvi, 55"
ancient,804,2,ἄμφω,46,"ἄμφω, 46","ἄμφω, 46"
ancient,804,2,ἀνά,26,"ἀνά, 26","ἀνά, 26"
ancient,804,2,ἀνακῶς,218,"ἀνακῶς, 218","ἀνακῶς, 218"
ancient,804,2,ἄνευ,118,"ἄνευ, 118","ἄνευ, 118"
ancient,804,2,ἄνθος,27,"ἄνθος, 27","ἄνϑος, 27"
ancient,804,2,ἀντίος,27,"ἀντίος, 27","ἀντίος, 27"
ancient,804,2,ἄντλος,560,"ἄντλος, 560","ἄντλος, 560"
ancient,804,2,ἀξίνη,19,"ἀξίνη, 19","ἀξίνη, 19"
ancient,804,2,ἄξων,6,"ἄξων, 6","ἄξων, 6"
ancient,804,2,ἄπαστος,150,"ἄπαστος, 150","ἄπαστος, 150"
ancient,804,2,ἄπειρος,394,"ἄπειρος, 394","ἄπειρος, 394."
ancient,804,2,ἅπερρος,394,"ἅπερρος, 394","ἅπερρος, 394"
ancient,804,2,ἀπ-έφρυσεν,,"ἀπ-έφρυσεν,","ἀπ-έφρυσεν,"
ancient,804,2,χγχυ,,χγχυ,χγχυ
ancient,804,3,ἀπό,"xvii, 1, 125","ἀπό, xvii, 1, 125","ἀπό, xvii, 1, 125"
ancient,804,3,ἀπο-λαύω,329,"ἀπο-λαύω, 329","ἀπο-λαύω, 329"
ancient,804,3,ἀπόλλυμι,125,"ἀπόλλυμι, 125","ἀπόλλυμι, 125"
ancient,804,3,ἀπ-όνητο,560,"ἀπ-όνητο, 560","ἀπ-όνητο, 560"
ancient,804,3,ἀργός,18,"ἀργός, 18","ἀργός, 18"
ancient,804,3,ἀρήγω,415,"ἀρήγω, 415","ἀρήγω, 415"
ancient,804,3,ἀριθμός,413,"ἀριθμός, 413","ἀριϑμός, 413"
ancient,804,3,ἀρκέω,128,"ἀρκέω, 128","ἀρκέω, 128"
ancient,804,3,ἄρκτος,"21, 54","ἄρκτος, 21, 54","ἄρκτος, 21, 54."
ancient,804,3,ἄροτρον,36,"ἄροτρον, 36","ἄροτρον, 36"
ancient,804,3,ἀρόω,34,"ἀρόω, 34","ἀρόω, 34"
ancient,804,3,ἀρωγή,415,"ἀρωγή, 415","ἀρωγή, 415"
ancient,804,3,ἀσκηθής,441,"ἀσκηθής, 441","ἀσκηϑής, 441"
ancient,804,3,ἀστεμβής,480,"ἀστεμβής, 480","ἀστεμβής, 480"
ancient,804,3,ἀστεμφής,480,"ἀστεμφής, 480","ἀστεμφής, 480"
ancient,804,3,ἀστήρ,"xxxv, 478","ἀστήρ, xxxv, 478","ἀστήρ, χχχν, 478"
ancient,804,3,ἀστραλός,475,"ἀστραλός, 475","ἀστραλός, 475"
ancient,804,3,ἄττα,39,"ἄττα, 39","ἄττα, 39"
ancient,804,3,αὖ,"xxiii, 42","αὖ, xxiii, 42","αὖ, xxiii, 42"
ancient,804,3,αὐδή,319,"αὐδή, 319","αὐδή, 319"
ancient,804,3,αὐλός,42,"αὐλός, 42","αὐλός, 42"
ancient,804,3,αὔξω,566,"αὔξω, 566","αὔξω, 566"
ancient,804,3,αὖος,428,"αὖος, 428","αὖος, 428"
ancient,804,3,αὔσιος,43,"αὔσιος, 43","αὔσιος, 43"
ancient,804,3,αὔω,563,"αὔω, 563","αὔω, 563"
ancient,804,3,ἄφακος,55,"ἄφακος, 55","ἄφακος, 55"
ancient,804,3,ἄχνυμαι,4,"ἄχνυμαι, 4","ἄχνυμαι, 4."
ancient,804,3,ἄχομαι,3,"ἄχομαι, 3","ἄχομαι, 3"
ancient,804,3,ἄχος,4,"ἄχος, 4","ἄχος, 4"
ancient,804,3,ἄωρος,593,"ἄωρος, 593","ἄωρος, 593"
ancient,804,3,βαίνω,316,"βαίνω, 316","βαίνω, 316"
ancient,804,3,βάκτρον,395,"βάκτρον, 395","βάκτρον, 395"
ancient,804,3,βάπτω,315,"βάπτω, 315","βάπτω, 315"
ancient,804,3,βαρύς,312,"βαρύς, 312","βαρύς, 312"
ancient,804,3,βάσκω,316,"βάσκω, 316","βάσκω, 316"
ancient,804,3,βιβρώσκω,318,"βιβρώσκω, 318","βιβρώσκω, 318"
ancient,804,3,βλαδύς,374,"βλαδύς, 374","βλαδύς, 374."
ancient,804,3,βλίτον,351,"βλίτον, 351","βλίτον, 351"
ancient,804,3,βλίττω,363,"βλίττω, 363","βλίττω, 363"
ancient,804,3,βόσκω,"299, 309","βόσκω, 299, 309","βόσκω, 299, 309"
ancient,804,3,βοῦς,299,"βοῦς, 299","βοῦς, 299"
ancient,804,3,βραγός,73,"βραγός, 73","βραγός, 73"
ancient,804,3,βράκανα,378,"βράκανα, 378",Rodrkava 378
ancient,805,1,βραχύς,377,"βραχύς, 377","βραχύς, 377"
ancient,805,1,βρεχμός,73,"βρεχμός, 73","βρεχμός, 73"
ancient,805,1,βρῦτος,62,"βρῦτος, 62","βρῦτος, 62"
ancient,805,1,βρύω,303,"βρύω, 303","βρύω, 303"
ancient,805,1,βῶν,391,"βῶν, 391","βῶν, 391"
ancient,805,1,γέμω,310,"γέμω, 310","γέμω, 310"
ancient,805,1,γένεσις,288,"γένεσις, 288","γένεσις, 288"
ancient,805,1,γένυς,288,"γένυς, 288","γένυς, 288"
ancient,805,1,γέρανος,301,"γέρανος, 301","γέρανος, 301"
ancient,805,1,γέρων,285,"γέρων, 285","γέρων, 285"
ancient,805,1,γεύομαι,"xxiii, 286","γεύομαι, xxiii, 286","γεύομαι, xxiii, | 286"
ancient,805,1,γῆρυς,281,"γῆρυς, 281","γῆρυς, 281"
ancient,805,1,γιγνώσκω,311,"γιγνώσκω, 311","γιγνώσκω, 311"
ancient,805,1,γλάσσα,525,"γλάσσα, 525","γλάσσα, 525"
ancient,805,1,γλαφυρός,572,"γλαφυρός, 572","γλαφυρός, 572"
ancient,805,1,γλάφω,194,"γλάφω, 194","γλάφω, 194"
ancient,805,1,γλοιός,291,"γλοιός, 291","γλοιός, 291"
ancient,805,1,γλουτός,292,"γλουτός, 292","γλουτός, 292"
ancient,805,1,γλύφω,292,"γλύφω, 292","γλύφω, 292"
ancient,805,1,γλῶσσα,525,"γλῶσσα, 525","γλῶσσα, 525"
ancient,805,1,γλῶχες,525,"γλῶχες, 525","γλῶχες, 525"
ancient,805,1,γοάω,"282, 310","γοάω, 282, 310","γοάω, 282, 310"
ancient,805,1,γόμφος,279,"γόμφος, 279","γόμφος, 279"
ancient,805,1,γόνυ,"xxvii, 296","γόνυ, xxvii, 296","γόνυ, xxvii, 296"
ancient,805,1,γόος,282,"γόος, 282","γόος, 282"
ancient,805,1,γράφω,"285, 302","γράφω, 285, 302","γράφω, 285, 30"
ancient,805,1,γυμνός,382,"γυμνός, 382","γυμνός, 382"
ancient,805,1,γυνή,"xxi, 317","γυνή, xxi, 317","γυνή, xxi, 317"
ancient,805,1,γύπη,308,"γύπη, 308","γύπη, 308"
ancient,805,1,δᾶήρ,506,"δᾶήρ, 506","δᾶήρ, 506"
ancient,805,1,δαίομαι,"516, 520","δαίομαι, 516, 520","δαίομαι, 516, | 520"
ancient,805,1,δαίω,528,"δαίω, 528","δαίω, 528"
ancient,805,1,δάκνω,518,"δάκνω, 518","δάκνω, 518"
ancient,805,1,δάκρυ,504,"δάκρυ, 504","δάκρυ, 504"
ancient,805,1,δάλτος,512,"δάλτος, 512","δάλτος, 512"
ancient,805,1,δάμνημι,508,"δάμνημι, 508","δάμνημι, 508"
ancient,805,1,δαπάνη,504,"δαπάνη, 504","δαπάνη, 504"
ancient,805,1,δά-πεδον,525,"δά-πεδον, 525","δά-πεδον, 525"
ancient,805,1,δάπτω,504,"δάπτω, 504","δάπτω, 504."
ancient,805,1,δάρσις,527,"δάρσις, 527","δάρσις, 527"
ancient,805,1,δεῖπνον,516,"δεῖπνον, 516","δεῖπνον, 516"
ancient,805,2,δέκα,512,"δέκα, 512","δέκα, 512"
ancient,805,2,δέλεαρ,284,"δέλεαρ, 284","δέλεαρ, 284"
ancient,805,2,δέλτος,512,"δέλτος, 512","δέλτος, 512"
ancient,805,2,δελφύς,278,"δελφύς, 278","δελφύς, 278"
ancient,805,2,δέμω,"513, 517","δέμω, 513, 517","δέμω, 513, 517"
ancient,805,2,δερίαι,317,"δερίαι, 317","δερίαι, 317"
ancient,805,2,δέρκομαι,510,"δέρκομαι, 510","δέρκομαι, 510"
ancient,805,2,δέρω,513,"δέρω, 513","δέρω, 513"
ancient,805,2,δέω,"511, 515","δέω, 511, 515","δέω, 511, 515"
ancient,805,2,δίδημι,511,"δίδημι, 511","δίδημι, 511"
ancient,805,2,διδράσκω,519,"διδράσκω, 519","διδράσκω, 519"
ancient,805,2,δίζα,516,"δίζα, 516","δίζα, 516"
ancient,805,2,διπλόος,"126, 530","διπλόος, 126, 530","διπλόος, 126, | 530"
ancient,805,2,δίς,530,"δίς, 530","δίς, 530"
ancient,805,2,δνόφος,386,"δνόφος, 386","δνόφος, 386"
ancient,805,2,δολιχός,525,"δολιχός, 525","δολιχός, 525"
ancient,805,2,δόλος,508,"δόλος, 508","δόλος, 508"
ancient,805,2,δόρξ,270,"δόρξ, 270","δόρξ, 270"
ancient,805,2,δόρυ,522,"δόρυ, 522","δόρυ, 522"
ancient,805,2,δραμεῖν,522,"δραμεῖν, 522","δραμεῖν, 522"
ancient,805,2,δρυμά,524,"δρυμά, 524","δρυμά, 524"
ancient,805,2,δύη,528,"δύη, 528","δύη, 528"
ancient,805,2,δύναμαι,511,"δύναμαι, 511","δύναμαι, 511"
ancient,805,2,δυσ-,529,"δυσ-, 529","δυσ-, 529"
ancient,805,2,ἕ,496,"ἕ, 496","ἕ, 496"
ancient,805,2,ἑάλων,569,"ἑάλων, 569","ἑάλων, 569"
ancient,805,2,ἔαρ,575,"ἔαρ,575","ἔαρ,575"
ancient,805,2,ἔβροξε,300,"ἔβροξε, 300","ἔβροξε, 300"
ancient,805,2,ἐγείρω,"281, 306","ἐγείρω, 281, 306","ἐγείρω, 281, 30"
ancient,805,2,έγω,116,"έγω, 116","έγω, 116"
ancient,805,2,ἕδνον,583,"ἕδνον, 583","ἕδνον, 583"
ancient,805,2,ἔδω,xix,"ἔδω, xix","ἔδω, xix"
ancient,805,2,ἕεδνα,583,"ἕεδνα, 583","ἕεδνα, 583"
ancient,805,2,ἕζομαι,434,"ἕζομαι, 434","ἕζομαι, 434"
ancient,805,2,ἔθος,435,"ἔθος, 435","ἔϑος, 435"
ancient,805,2,εἶ,xxxiii,"εἶ, xxxiii","εἶ, xxxiii"
ancient,805,2,εἰδίω,502,"εἰδίω, 502","εἰδίω, 502"
ancient,805,2,εἴδομαι,589,"εἴδομαι, 589","εἴδομαι, 589"
ancient,805,2,εἶδος,502,"εἶδος, 502","εἶδος, 502"
ancient,805,2,εἰλέω,571,"εἰλέω, 571","εἰλέω, 571"
ancient,805,2,εἴλη,498,"εἴλη, 498","εἴλη, 498"
ancient,805,2,εἶμαι 576,,εἶμαι 576,εἶμαι 576
ancient,805,3,εἰμί,"xxxvi, 582","εἰμί, xxxvi, 582","εἰμί, xxxvi, 582"
ancient,805,3,εἴνατος,390,"εἴνατος, 390","εἴνατος, 390"
ancient,805,3,εἶπον,565,"εἶπον, 565","εἶπον, 565"
ancient,805,3,εἴρω,427,"εἴρω, 427","εἴρω, 427"
ancient,805,3,ἑκατόν,256,"ἑκατόν, 256","ἑκατόν, 256"
ancient,805,3,ἑκυρός,498,"ἑκυρός, 498","ἑκυρός, 498"
ancient,805,3,ἔλαφος,"21, 325","ἔλαφος, 21, 325","ἔλαφος, 21, 325"
ancient,805,3,ἐλαφρός,344,"ἐλαφρός, 344","ἐλαφρός, 344"
ancient,805,3,ἐλαχύς,338,"ἐλαχύς, 338","ἐλαχύς, 338"
ancient,805,3,ἑλεῖν,424,"ἑλεῖν, 424","ἑλεῖν, 424."
ancient,805,3,ἐλελίζω,323,"ἐλελίζω, 323","ἐλελίζω, 323"
ancient,805,3,ἐλεύθερος,332,"ἐλεύθερος, 332","ἐλεύϑερος, 332"
ancient,805,3,ἑλίκη,424,"ἑλίκη, 424","ἑλίκη, 424"
ancient,805,3,ἕλκω,491,"ἕλκω, 491","ἕλκω, 491"
ancient,805,3,ἔλπος,424,"ἔλπος, 424","ἔλπος, 424."
ancient,805,3,ἕλωρ,424,"ἕλωρ, 424","ἕλωρ, 424"
ancient,805,3,ἐμπίς,117,"ἐμπίς, 117","ἐμπίς, 117"
ancient,805,3,ἔν,269,"ἔν, 269","ἔν, 269"
ancient,805,3,ἔνατος,390,"ἔνατος, 390","ἔνατος, 390"
ancient,805,3,ἔνεροι,393,"ἔνεροι, 393","ἔνεροι, 393"
ancient,805,3,ἑνέρτερος,393,"ἑνέρτερος, 393","ἑνέρτερος, 393"
ancient,805,3,ἐνηής,43,"ἐνηής, 43","ἐνηής, 43"
ancient,805,3,ἐνθεῖν,27,"ἐνθεῖν, 27","ἐνϑεῖν, 27"
ancient,805,3,ἐννέα,389,"ἐννέα, 389","ἐννέα, 389"
ancient,805,3,ἐν(ν]έπω,"xxxii, 420","ἐν(ν]έπω, xxxii, 420","ἐν(ν]έπω, xxxii, | 420"
ancient,805,3,ἕνος,433,"ἕνος, 433","ἕνος, 433"
ancient,805,3,ἔντερα,270,"ἔντερα, 270","ἔντερα, 270"
ancient,805,3,ἕξ,"μέξ, 431","ἕξ, μέξ, 431","ἕξ, µέξ, 431"
ancient,805,3,ἔορ,500,"ἔορ, 500","ἔορ, 500"
ancient,805,3,ἔπι,xxix,"ἔπι, xxix","ἔπι, xxix"
ancient,805,3,ἐπί-κουρος,260,"ἐπί-κουρος, 260","ἐπί-κουρος, 260"
ancient,805,3,ἔπνευσε,149,"ἔπνευσε, 149","ἔπνευσε, 149"
ancient,805,3,ἔπομαι,431,"ἔπομαι, 431","ἔπομαι, 431"
ancient,805,3,ἑπτά,429,"ἑπτά, 429","ἑπτά, 429"
ancient,805,3,ἔπω,419,"ἔπω, 419","ἔπω, 419"
ancient,805,3,ἔρα,118,"ἔρα, 118","ἔρα, 118"
ancient,805,3,ἔργον,580,"ἔργον, 580","ἔργον, 580"
ancient,805,3,ἔρδω,600,"ἔρδω, 600","ἔρδω, 600"
ancient,805,3,ἐρέβινθος,"24, 3","ἐρέβινθος, 24, 3","ἐρέβινϑος, 24, 3"
ancient,805,3,ἔρεβος,409,"ἔρεβος, 409","ἔρεβος, 409"
ancient,805,3,ἐρείπω,412,"ἐρείπω, 412","ἐρείπω, 412"
ancient,805,3,ἐορεύθω,410,"ἐορεύθω, 410","ἐορεύϑω, 410"
ancient,805,4,ἐρέφω,407,"ἐρέφω, 407","ἐρέφω, 407"
ancient,805,4,ἐρῆμος,415,"ἐρῆμος, 415","ἐρῆμος, 415"
ancient,805,4,ἔριφος,118,"ἔριφος, 118","ἔριφος, 118"
ancient,805,4,ἐρῳδιός,36,"ἐρῳδιός, 36","ἐρῳδιός, 36"
ancient,805,4,ἐρωή,415,"ἐρωή, 415","ἐρωή, 415"
ancient,805,4,ἕσπερος,582,"ἕσπερος, 582","ἕσπερος, 582"
ancient,805,4,ἐστί,xxxvi,"ἐστί, xxxvi","ἐστί, χκχνί"
ancient,805,4,ἔταλον,584,"ἔταλον, 584","ἔἕταλον, 584."
ancient,805,4,ἔτι,114,"ἔτι, 114","ἔτι, 114:"
ancient,805,4,ἔτος,138,"ἔτος, 138","ἔτος, 138"
ancient,805,4,εὕω,563,"εὕω, 563","εὕω, 563"
ancient,805,4,ἐχῖνος,115,"ἐχῖνος, 115","ἐχῖνος, 115"
ancient,805,4,ἔχω,430,"ἔχω, 430","ἔχω, 430"
ancient,805,4,ἕως,43,"ἕως, 43","ἕως, 43"
ancient,805,4,Ζεύς,"xxiv, 519","Ζεύς, xxiv, 519","Ζεύς, xxiv, 519"
ancient,805,4,ζέω,273,"ζέω, 273","ζέω, 273"
ancient,805,4,ζυγόν,274,"ζυγόν, 274","ζυγόν, 274"
ancient,805,4,ζύμη,275,"ζύμη, 275","ζύμη, 275"
ancient,805,4,ζώω,320,"ζώω,320","ζώω,320"
ancient,805,4,ἡγέομαι,464,"ἡγέομαι, 464","ἡγέομαι, 464."
ancient,805,4,ἡδύς,503,"ἡδύς, 503","ἡδύς, 503"
ancient,805,4,ἠέριος,12,"ἠέριος, 12","ἠέριος, 12"
ancient,805,4,ἠΐθεος,585,"ἠΐθεος, 585","ἠΐϑεος, 585"
ancient,805,4,ἠι-κανός,"xviii, 207","ἠι-κανός, xviii, 207","ἠι-κανός, xviii, | 207"
ancient,805,4,ἦκα,491,"ἦκα, 491","ἦκα, 491"
ancient,805,4,ἥλιος,"xxvi, 464","ἥλιος, xxvi, 464","ἥλιος, xxvi, 464."
ancient,805,4,ἧλος,572,"ἧλος, 572","λος, 572"
ancient,805,4,ἤλυθον,332,"ἤλυθον, 332","ἤλυϑον, 332"
ancient,805,4,ἡνία,30,"ἡνία, 30","ἡνία, 30"
ancient,805,4,ἧπαρ,336,"ἧπαρ, 336","ἧπαρ, 336"
ancient,805,4,ἤπειρος,394,"ἤπειρος, 394","ἤπειρος, 394"
ancient,805,4,ἠρέμα,409,"ἠρέμα, 409","ἠρέμα, 409"
ancient,805,4,ἦρι,12,"ἦρι, 12",ἦρυ12
ancient,805,4,ἦτορ,120,"ἦτορ, 120","ἦτορ, 120"
ancient,805,4,ἠώς,43,"ἠώς, 43","ἠώς, 43"
ancient,805,4,θαιρός,"89,110","θαιρός, 89,110","ϑαιρός, 89,110"
ancient,805,4,θαλάμη,87,"θαλάμη, 87","ϑαλάμη, 87"
ancient,805,4,θαλία,108,"θαλία, 108","ϑαλία, 108"
ancient,805,4,θάλλω,108,"θάλλω, 108","ϑάλλω, 108"
ancient,805,4,θάρσος,111,"θάρσος, 111","ϑάρσος, 111"
ancient,805,4,θαῦμα,91,"θαῦμα, 91","ϑαῦμα, 91"
ancient,805,4,θέναο,93,"θέναο, 93","ϑέναο, 93"
ancient,806,1,θερμός,"xxviii, 575","θερμός, xxviii, 575","ϑερμός, xxviii, | 575"
ancient,806,1,θέσις,92,"θέσις, 92","ϑέσις, 92"
ancient,806,1,θέω,90,"θέω, 90","ϑέω, 90"
ancient,806,1,θηλή,"xx, 93","θηλή, xx, 93","ϑηλή, χχ, 93"
ancient,806,1,θήρ,"xxix, 60","θήρ, xxix, 60","ϑήρ, xxix, 60"
ancient,806,1,θῆσθαι,95,"θῆσθαι, 95","ϑῆσϑαι, 95"
ancient,806,1,θιγγάνω,"95, 96","θιγγάνω, 95, 96","ϑιγγάνω, 95, 96"
ancient,806,1,θυγάτηρ,107,"θυγάτηρ, 107","ϑυγάτηρ, 107"
ancient,806,1,θυοσκόος,442,"θυοσκόος, 442","ϑυοσκόος, 442"
ancient,806,1,θύρα,110,"θύρα, 110","ϑύρα, 110"
ancient,806,1,θύσανος,106,"θύσανος, 106","ϑύσανος, 106"
ancient,806,1,θύω,107,"θύω, 107","ϑύω, 107"
ancient,806,1,θωή,xxii,"θωή, xxii","ϑωή, xxii"
ancient,806,1,ἰάλλω,23,"ἰάλλω, 23","ἰάλλω, 23"
ancient,806,1,ἰαύω,582,"ἰαύω, 582","ἰαύω, 582"
ancient,806,1,ἵζω,434,"ἵζω, 434","ἵζω, 434."
ancient,806,1,ἰθαρός,268,"ἰθαρός, 268","ἰϑαρός, 268"
ancient,806,1,ἰκμάς,435,"ἰκμάς, 435","ἰκμάς, 435"
ancient,806,1,ἴονθος,76,"ἴονθος, 76","ἴονϑος, 76"
ancient,806,1,ἴορκες,270,"ἴορκες, 270","ἴορκες, 270"
ancient,806,1,ἱπνός,557,"ἱπνός, 557","ἱπνός, 557"
ancient,806,1,ἵππος,"115, 116","ἵππος, 115, 116","ἵππος, 115, 116"
ancient,806,1,ἴσατις,"567, 568","ἴσατις, 567, 568","ἴσατις, 567, 568"
ancient,806,1,ἴσχω,430,"ἴσχω, 430","ἴσχω, 430"
ancient,806,1,ἰτάω,"xxxix, 269","ἰτάω, xxxix, 269","ἰτάω, xxxix, 269"
ancient,806,1,ἰχανάω,271,"ἰχανάω, 271","ixaváw, 271"
ancient,806,1,κακός,256,"κακός, 256","κακός, 256"
ancient,806,1,κάλαμος,204,"κάλαμος, 204","κάλαμος, 204."
ancient,806,1,καλέω,205,"καλέω, 205","καλέω, 205"
ancient,806,1,κάμαξ,206,"κάμαξ, 206","κάμαξ, 206"
ancient,806,1,καμάρα,207,"καμάρα, 207","καμάρα, 207"
ancient,806,1,κάμαρος,"219, 254","κάμαρος, 219, 254","κάμαρος, 219, | 254"
ancient,806,1,κάμνω,93,"κάμνω, 93","κάμνω, 93"
ancient,806,1,κάμπτω,"207, 257","κάμπτω, 207, 257","κάμπτω, 207, | 257"
ancient,806,1,κανθύλος,196,"κανθύλος, 196","κανϑύλος, 196"
ancient,806,1,κάνναβις,"xix, 209","κάνναβις, xix, 209","κάνναβις, xix, | 209"
ancient,806,1,καπνός,263,"καπνός, 263","καπνός, 263"
ancient,806,1,κᾶπος,238,"κᾶπος, 238","κᾶπος, 238"
ancient,806,1,εώπττωως viy 1Ωΐ,,εώπττωως viy 1Ωΐ,.εώπττωως viy 1Ωΐ
ancient,806,2,κάπτω,198,"κάπτω, 198","κάπτω, 198"
ancient,806,2,κάρᾶ,221,"κάρᾶ, 221","κάρᾶ, 221"
ancient,806,2,κάραβος,"254, 300","κάραβος, 254, 300","κάραβος, 254, | 300"
ancient,806,2,καρπός,"210, 266","καρπός, 210, 266","καρπός, 210, 2έ"
ancient,806,2,καρταίποδα,248,"καρταίποδα, 248","καρταίποδα, 24"
ancient,806,2,κάρτην,248,"κάρτην, 248","κάρτην, 248"
ancient,806,2,κάχληξ,199,"κάχληξ, 199","κάχληξ, 199"
ancient,806,2,κέγκει,256,"κέγκει, 256","κέγκει, 256"
ancient,806,2,κεῖμαι,201,"κεῖμαι, 201","κεῖμαι, 201"
ancient,806,2,κείρω,213,"κείρω, 213","κείρω, 213"
ancient,806,2,κεμάς,226,"κεμάς, 226","κεμάς, 226"
ancient,806,2,κεντέω,210,"κεντέω, 210","κεντέω, 210"
ancient,806,2,κεραός,223,"κεραός, 223","κεραός, 223"
ancient,806,2,κεύθω,260,"κεύθω, 260","κεύϑω, 260"
ancient,806,2,κεφαλή,173,"κεφαλή, 173","κεφαλή, 173"
ancient,806,2,κῆδος,214,"κῆδος, 214","κῆδος, 214"
ancient,806,2,κηλέω,239,"κηλέω, 239","κηλέω, 239"
ancient,806,2,κήλη,216,"κήλη, 216","κήλη, 216"
ancient,806,2,κῆπος,"31, 238","κῆπος, 31, 238","κῆπος, 31, 238"
ancient,806,2,κῆρ,222,"κῆρ, 222","κῆρ, 222"
ancient,806,2,κίχημι,174,"κίχημι, 174","κίχημι, 174."
ancient,806,2,κλάδος,254,"κλάδος, 254","κλάδος, 254"
ancient,806,2,κλέπτω,230,"κλέπτω, 230","κλέπτω, 230"
ancient,806,2,κλίβανος,228,"κλίβανος, 228","κλίβανος, 228"
ancient,806,2,κλίνω,231,"κλίνω, 231","κλίνω, 231"
ancient,806,2,κλόνις,229,"κλόνις, 229","κλόνις, 229"
ancient,806,2,-κναίω,237,"-κναίω, 237","-κναίω, 237"
ancient,806,2,κνάπτω,237,"κνάπτω, 237","κνάπτω, 237"
ancient,806,2,κνῆκος,255,"κνῆκος, 255","κνῆκος, 255"
ancient,806,2,κνίζω,236,"κνίζω, 236","κνίζω, 236"
ancient,806,2,κνίσση,236,"κνίσση, 236","κνίσση, 236"
ancient,806,2,κνύθος,235,"κνύθος, 235","κνύϑος, 235"
ancient,806,2,κνύω,235,"κνύω, 235","κνύω, 235"
ancient,806,2,κοέω,"215, 217","κοέω, 215, 217","κοέω, 215, 217"
ancient,806,2,κοῖλος,253,"κοῖλος, 253","κοῖλος, 253"
ancient,806,2,κοῖλυ,200,"κοῖλυ, 200","κοῖλυ, 200"
ancient,806,2,κοιμάω,201,"κοιμάω, 201","κοιμάω, 201"
ancient,806,2,κοίρανος,212,"κοίρανος, 212","κοίρανος, 212"
ancient,806,2,κόλπος,262,"κόλπος, 262","κόλπος, 262"
ancient,806,2,κονίς,236,"κονίς, 236","κονίς, 236"
ancient,806,2,κορέννυμι,222,"κορέννυμι, 222","κορέννυμι, 222"
ancient,806,3,κότος,214,"κότος, 214","κότος, 214"
ancient,806,3,κοῦσπα,313,"κοῦσπα, 313","κοῦσπα, 313"
ancient,806,3,κραδάω,243,"κραδάω, 243","κραδάω, 243"
ancient,806,3,κράτος,211,"κράτος, 211","κράτος, 211"
ancient,806,3,κρατύς,211,"κρατύς, 211","κρατύς, 211"
ancient,806,3,κρέας,242,"κρέας, 242","κρέας, 242"
ancient,806,3,κρέμυον,242,"κρέμυον, 242","κρέμυον, 242"
ancient,806,3,κρέτος,211,"κρέτος, 211","κρέτος, 211"
ancient,806,3,κρηπίς,244,"κρηπίς, 244","κρηπίς, 244"
ancient,806,3,κριθή,175,"κριθή, 175","κριϑή, 175"
ancient,806,3,κρίκος,247,"κρίκος, 247","κρίκος, 247"
ancient,806,3,κρίνω,"241, 245","κρίνω, 241, 245","κρίνω, 241, 245"
ancient,806,3,κρόμμυον,242,"κρόμμυον, 242","κρόμμυον, 242"
ancient,806,3,κρόσσαι,244,"κρόσσαι, 244","κρόσσαι, 244"
ancient,806,3,κροῦμαι,251,"κροῦμαι, 251","κροῦμαι, 251"
ancient,806,3,κρώζω,248,"κρώζω, 248","κρώζω, 248"
ancient,806,3,κύβος,257,"κύβος, 257","κύβος, 257"
ancient,806,3,κυέω,255,"κυέω, 255","κυέω, 255"
ancient,806,3,κύκλος,264,"κύκλος, 264","κύκλος, 264"
ancient,806,3,κύμβος,310,"κύμβος, 310","κύμβος, 310"
ancient,806,3,κυνέω,313,"κυνέω, 313","κυνέω, 313"
ancient,806,3,κύων,256,"κύων, 256","κύων, 256"
ancient,806,3,λαγαρός,"xvii, 452","λαγαρός, xvii, 452","λαγαρός, xvii, | 452"
ancient,806,3,λάζομαι,"xvii, 32","λάζομαι, xvii, 32","λάζομαι, xvii, 32"
ancient,806,3,λᾶίᾶ,329,"λᾶίᾶ, 329","λᾶίᾶ, 329"
ancient,806,3,λαῖον,335,"λαῖον, 335","λαῖον, 335"
ancient,806,3,λάκκος,322,"λάκκος, 322","λάκκος, 322"
ancient,806,3,λαμβάνω,325,"λαμβάνω, 325","λαμβάνω, 325"
ancient,806,3,λάπτω,327,"λάπτω, 327","λάπτω, 327"
ancient,806,3,λάσκω,322,"λάσκω, 322","λάσκω, 322"
ancient,806,3,λεία,329,"λεία, 329","λεία, 329"
ancient,806,3,λείμαξ,455,"λείμαξ, 455","λείμαξ, 455"
ancient,806,3,λείπω,336,"λείπω, 336","λείπω, 336"
ancient,806,3,λείχω,337,"λείχω, 337","λείχω, 337"
ancient,806,3,λέχομαι,330,"λέχομαι, 330","λέχομαι, 330"
ancient,806,3,λέω,578,"λέω, 578","λέω, 578"
ancient,806,3,ληδεῖν,"xvii, 332","ληδεῖν, xvii, 332","ληδεῖν, xvii, 332"
ancient,806,3,λῆνος,598,"λῆνος, 598","λῆνος, 598"
ancient,806,3,λίαρος,452,"λίαρος, 452","λίαρος, 452"
ancient,806,3,λιλαίομαι,345,"λιλαίομαι, 345","λιλαίομαι, 345"
ancient,806,3,λιπαρός,335,"λιπαρός, 335","λιπαρός, 335"
ancient,806,4,λοετρόν,584,"λοετρόν, 584","λοετρόν, 584"
ancient,806,4,λοίτη,340,"λοίτη, 340","λοίτη, 340"
ancient,806,4,λουτρόν,329,"λουτρόν, 329","λουτρόν, 329"
ancient,806,4,λούω,329,"λούω, 329","λούω, 329"
ancient,806,4,λύγξ,342,"λύγξ, 342","λύγξ, 342"
ancient,806,4,λύγος,"334, 343","λύγος, 334, 343","λύγος, 334, 343"
ancient,806,4,λύκος,598,"λύκος, 598","λύκος, 598"
ancient,806,4,λύω,334,"λύω, 334","λύω, 334."
ancient,806,4,μαδάω,358,"μαδάω, 358","μαδάω, 358"
ancient,806,4,μαίνη,376,"μαίνη, 376","μαίνη, 376"
ancient,806,4,μακρός,"xviii, xxix, 347","μακρός, xviii, xxix, 347","μακρός, xviii, | xxix, 347"
ancient,806,4,μαλακός,375,"μαλακός, 375","μαλακός, 375"
ancient,806,4,μαλθακός,362,"μαλθακός, 362","μαλϑακός, 362"
ancient,806,4,μᾶνύω,376,"μᾶνύω, 376","μᾶνύω, 376"
ancient,806,4,μάρη,"375, 376","μάρη, 375, 376","μάρη, 375, 376"
ancient,806,4,μαρμαίρω,366,"μαρμαίρω, 366","μαρμαίρω, 366"
ancient,806,4,μάσαομαι,377,"μάσαομαι, 377","μάσαομαι, 377"
ancient,806,4,μάσσω,350,"μάσσω, 350","μάσσω, 350"
ancient,806,4,μέγας,361,"μέγας, 361","μέγας, 361"
ancient,806,4,μέθυ,361,"μέθυ, 361","μέϑυ, 361"
ancient,806,4,μεῖον,349,"μεῖον, 349","μεῖον, 349"
ancient,806,4,μείων,369,"μείων, 369","μείων, 369"
ancient,806,4,μέλας,362,"μέλας, 362","μέλας, 362"
ancient,806,4,μέλδομαι,457,"μέλδομαι, 457","μέλδομαι, 457"
ancient,806,4,μέλι,363,"μέλι, 363","μέλι, 363"
ancient,806,4,μέμφομαι,375,"μέμφομαι, 375","μέμφομαι, 375"
ancient,806,4,μέσος,360,"μέσος, 360","μέσος, 360"
ancient,806,4,μεστός,358,"μεστός, 358","μεστός, 358"
ancient,806,4,μέτα,360,"μέτα, 360","μέτα, 360"
ancient,806,4,μέτρον,367,"μέτρον, 367","μέτρον, 367"
ancient,806,4,μήδομαι,367,"μήδομαι, 367","μήδομαι, 367"
ancient,806,4,μήκων,"xviii, 371","μήκων, xviii, 371","μήκων, xviii, 371"
ancient,806,4,μῆλον,"32, 456","μῆλον, 32, 456","μῆλον, 32, 456"
ancient,806,4,μήν,365,"μήν, 365","μήν, 365"
ancient,806,4,μηνύω,376,"μηνύω, 376","μηνύω, 376"
ancient,806,4,μήτηρ,"xxii, 371","μήτηρ, xxii, 371","μήτηρ, xxii, 371"
ancient,806,4,μήτρα,372,"μήτρα, 372","μήτρα, 372"
ancient,806,4,μίδας,"24, 370","μίδας, 24, 370","μίδας, 24, 370"
ancient,806,4,μινύθω,369,"μινύθω, 369","μινύϑω, 369"
ancient,806,4,μίσγω,370,"μίσγω, 370","μίσγω, 370"
ancient,806,4,μισθός,370,"μισθός, 370","μισϑός, 370"
ancient,807,1,Μοῖραι,41,"Μοῖραι, 41","Μοῖραι, 41"
ancient,807,1,μολγός,351,"μολγός, 351","μολγός, 351"
ancient,807,1,μόλυβδος,"69, 328","μόλυβδος, 69, 328","μόλυβδος, 69, | 328"
ancient,807,1,μομφή,375,"μομφή, 375","μομφή, 375"
ancient,807,1,μυῖα,379,"μυῖα, 379","μυῖα, 379"
ancient,807,1,μύκων,373,"μύκων, 373","μύκων, 373"
ancient,807,1,μύλλον,374,"μύλλον, 374","μύλλον, 374"
ancient,807,1,μύρμηξ,359,"μύρμηξ, 359","μύρμπῤ, 359"
ancient,807,1,μῦς,xxii,"μῦς, xxii","μῦς, xxii"
ancient,807,1,μῶλος,371,"μῶλος, 371","μῶλος, 371"
ancient,807,1,μῶσθαι,371,"μῶσθαι, 371","μῶσϑαι, 371"
ancient,807,1,ναῦς,"xxv, 391","ναῦς, xxv, 391","ναῦς, xxv, 391"
ancient,807,1,νεῖος,389,"νεῖος, 389","νεῖος, 389"
ancient,807,1,νείφει,462,"νείφει, 462","νείᾳφει, 462"
ancient,807,1,νέμω,387,"νέμω, 387","νέμω, 387"
ancient,807,1,νέομαι,387,"νέομαι, 387","νέομαι, 387"
ancient,807,1,νέος,389,"νέος, 389","νέος, 389"
ancient,807,1,νευρά,433,"νευρά, 433","νευρά, 433"
ancient,807,1,νεφέλη,386,"νεφέλη, 386","νειρέλη, 386"
ancient,807,1,νέφος,386,"νέφος, 386","νέφος, 386"
ancient,807,1,νεφροί,389,"νεφροί, 389","νεφροί, 389"
ancient,807,1,νέω,385,"νέω, 385","νέω, 385"
ancient,807,1,νήριτος,413,"νήριτος, 413","νήριτος, 413"
ancient,807,1,νῆσσα,26,"νῆσσα, 26","νῆσσα, 26"
ancient,807,1,νηῦς,"xxv, 391","νηῦς, xxv, 391","νηῦς, xxv, 391"
ancient,807,1,νίζω,390,"νίζω, 390","νίζω, 390"
ancient,807,1,νόστος,387,"νόστος, 387","νόστος, 387"
ancient,807,1,νῦν,392,"νῦν, 392","νῦν, 392"
ancient,807,1,νύξ,381,"νύξ, 381","νύξ, 381"
ancient,807,1,νυός,463,"νυός, 463","νυός, 463"
ancient,807,1,νώ,589,"νώ, 589","νώ, 589"
ancient,807,1,νωλεμές,326,"νωλεμές, 326","νωλεμές, 326"
ancient,807,1,νῶτον,392,"νῶτον, 392","νῶτον, 392"
ancient,807,1,ὄα,271,"ὄα, 271","ὄα, 271"
ancient,807,1,ὄγδοος,7,"ὄγδοος, 7","ὄγδοος, 7"
ancient,807,1,ὄγκος,28,"ὄγκος, 28","ὄγκος, 28"
ancient,807,1,ὀδύνη,515,"ὀδύνη, 515","ὀδύνη, 515"
ancient,807,1,οἴαξ,13,"οἴαξ, 13","οἴαξ, 13"
ancient,807,1,οἴγνυμι,586,"οἴγνυμι, 586","οἴγνυμι, 586"
ancient,807,1,οἴγω,586,"οἴγω, 586","οἴγω, 586"
ancient,807,1,οἰδέω,14,"οἰδέω, 14","οἰδέω, 14"
ancient,807,2,οἰκτρός,9,"οἰκτρός, 9","οἰκτρός, 9"
ancient,807,2,οἰνή,11,"οἰνή, 11","οἰνή, 11"
ancient,807,2,ὄκνος,6,"ὄκνος, 6","ὄκνος, 6"
ancient,807,2,ὀκτώ,"xxv, 6","ὀκτώ, xxv, 6","ὀκτώ, XXV, 6"
ancient,807,2,ὄλλυμι,126,"ὄλλυμι, 126","ὄλλυμι, 126"
ancient,807,2,ὀμείχω,368,"ὀμείχω, 368","ὀμείχω, 368"
ancient,807,2,ὄμνυμι,25,"ὄμνυμι, 25","ὄμνυμι, 25"
ancient,807,2,ὁμός,425,"ὁμός, 425","ὁμός, 425"
ancient,807,2,ὀμφαλός,380,"ὀμφαλός, 380","ὀμφαλός, 380"
ancient,807,2,ὀμφή,"xxviii, 437","ὀμφή, xxviii, 437","ὀμφή, xxviii, 43"
ancient,807,2,ὀνίνημι,560,"ὀνίνημι, 560","ὀνίνημι, 560"
ancient,807,2,ὄνομα,"xviii, 29, 382","ὄνομα, xviii, 29, 382","ὄνομα, xviii, 29"
ancient,807,2,ὄνομαι,29,"ὄνομαι, 29","ὄνομαι, 29"
ancient,807,2,ὄνυξ,381,"ὄνυξ, 381","ὄνυξ, 381"
ancient,807,2,ὀξίνα,4,"ὀξίνα, 4","ὀξίνα, 4"
ancient,807,2,ὀπώρα,46,"ὀπώρα, 46","ὀπώρα, 46"
ancient,807,2,ὀρέγω,409,"ὀρέγω, 409","ὀρέγω, 409"
ancient,807,2,ὀρεκτός,408,"ὀρεκτός, 408","ὀρεκτός, 408"
ancient,807,2,ὀρθός,33,"ὀρθός, 33","ὀρϑός, 33"
ancient,807,2,ὀρίνω,414,"ὀρίνω, 414","ὀρίνω, 414"
ancient,807,2,ὄρνις,32,"ὄρνις, 32","ὄρνις, 32"
ancient,807,2,ὄροβος,37,"ὄροβος, 37","ὄροβος, 37"
ancient,807,2,ὄροφος,407,"ὄροφος, 407","ὄροφος, 407"
ancient,807,2,ὄρρος,35,"ὄρρος, 35","ὄρρος, 35"
ancient,807,2,ὄρυζα,416,"ὄρυζα, 416","ὄρυζα, 416"
ancient,807,2,ὀρύσσω,417,"ὀρύσσω, 417","ὀρύσσω, 417"
ancient,807,2,ὀρφανός,32,"ὀρφανός, 32","ὀρφανός, 32"
ancient,807,2,ὀρφνός,118,"ὀρφνός, 118","ὀρφνός, 118"
ancient,807,2,ὅς,496,"ὅς, 496","ὅς, 496"
ancient,807,2,ὄσσε,41,"ὄσσε, 41","ὄσσε, 41"
ancient,807,2,οὖθαρ,"xxiii, 120","οὖθαρ, xxiii, 120","οὖϑαρ, xxiii, 12"
ancient,807,2,οὐλή,569,"οὐλή, 569","οὐλή, 569"
ancient,807,2,οὗλος,598,"οὗλος, 598","οὗλος, 598"
ancient,807,2,οὖς,44,"οὖς, 44","οὖς, 44."
ancient,807,2,ὀφνίς,565,"ὀφνίς, 565","ὀφνίς, 565"
ancient,807,2,ὀφρῦς,"χν, 79","ὀφρῦς, χν, 79","ὀφρῦς, χν, 79"
ancient,807,2,ὀχέω,565,"ὀχέω, 565","ὀχέω, 565"
ancient,807,2,παλάμη,159,"παλάμη, 159","παλάμη, 159"
ancient,807,2,πάρ,161,"πάρ, 161","πάρ, 161"
ancient,807,2,πάρος,XX,"πάρος, XX","πάρος, XX"
ancient,807,2,πατέομαι,150,"πατέομαι, 150","πατέομαι, 150"
ancient,807,3,πατήρ,"xvii, xxix, 121","πατήρ, xvii, xxix, 121","πατήρ, xvii, xxi»"
ancient,807,3,πάτος,142,"πάτος, 142","πάτος, 142"
ancient,807,3,πάτρως,122,"πάτρως, 122","πάτρως, 122"
ancient,807,3,παῦρος,132,"παῦρος, 132","παῦρος, 132"
ancient,807,3,πέδη,138,"πέδη, 138","πέδη, 138"
ancient,807,3,πείθομαι,"47, 65","πείθομαι, 47, 65","πείϑομαι, 47, 65"
ancient,807,3,πείρω,128,"πείρω, 128","πείρω, 128"
ancient,807,3,πεῖσμα,64,"πεῖσμα, 64","πεῖσμα, 64"
ancient,807,3,πέκος,122,"πέκος, 122","πέκος, 122"
ancient,807,3,πέκτω,134,"πέκτω, 134","πέκτω, 134"
ancient,807,3,πέκω,123,"πέκω, 123","πέκω, 123"
ancient,807,3,πέλλα,159,"πέλλα, 159","πέλλα, 159"
ancient,807,3,πελλίς,159,"πελλίς, 159","πελλίς, 159"
ancient,807,3,πελλοράφος,135,"πελλοράφος, 135","πελλοράφος, 1:"
ancient,807,3,πέλμα,135,"πέλμα, 135","πέλμα, 135"
ancient,807,3,πέμπτος,140,"πέμπτος, 140","πέμπτος, 140"
ancient,807,3,πέντε,140,"πέντε, 140","πέντε, 140"
ancient,807,3,πέος,138,"πέος, 138","πέος, 138"
ancient,807,3,πέρδω,137,"πέρδω, 137","πέρδω, 137"
ancient,807,3,περκνός,130,"περκνός, 130","περκνός, 130"
ancient,807,3,πέρυσι,137,"πέρυσι, 137","πέρυσι, 137"
ancient,807,3,πετάννυμι,132,"πετάννυμι, 132","πετάννυμι, 132"
ancient,807,3,πέτομαι,139,"πέτομαι, 139","πέτομαι, 139"
ancient,807,3,πεύθω,61,"πεύθω, 61","πεύϑω, 61"
ancient,807,3,πεύκη,139,"πεύκη, 139","πεύκη, 139"
ancient,807,3,πήγνυμι,"124, 131","πήγνυμι, 124, 131","πήγνυμι, 124, | 131"
ancient,807,3,πῆμα,132,"πῆμα, 132","πῆμα, 132"
ancient,807,3,πήνη,127,"πήνη, 127","πήνη, 127"
ancient,807,3,πήσσω,150,"πήσσω, 150","πήσσω, 150"
ancient,807,3,πῆχυς,"xxxvii, 71","πῆχυς, xxxvii, 71","πῆχυς, xxxvii, 7"
ancient,807,3,πλάγια,144,"πλάγια, 144","πλάγια, 144"
ancient,807,3,πλάγιος,144,"πλάγιος, 144","πλάγιος, 144"
ancient,807,3,πλάζω,144,"πλάζω, 144","πλάζω, 144"
ancient,807,3,πλάξ,143,"πλάξ, 143","πλάξ, 143"
ancient,807,3,πλατύς,144,"πλατύς, 144","πλατύς, 144."
ancient,807,3,πλείων,143,"πλείων, 143","πλείων, 143"
ancient,807,3,πλέκω,146,"πλέκω, 146","πλέκω, 146"
ancient,807,3,πλέω,145,"πλέω, 145","πλέω, 145"
ancient,807,3,πληγή,148,"πληγή, 148","πληγή, 148"
ancient,807,3,πλήσσω,148,"πλήσσω, 148","πλήσσω, 148"
ancient,807,4,πλόος,145,"πλόος, 145","πλόος, 145"
ancient,807,4,πλώαω,147,"πλώαω, 147","πλώαω, 147"
ancient,807,4,πνέω,149,"πνέω, 149","πνέω, 149"
ancient,807,4,ποθέω,"xxviii, 57","ποθέω, xxviii, 57","ποϑέω, xxviii, 57"
ancient,807,4,ποικίλος,123,"ποικίλος, 123","ποικίλος, 123"
ancient,807,4,πόκος,122,"πόκος, 122","πόκος, 122"
ancient,807,4,πόλος,264,"πόλος, 264","πόλος, 264."
ancient,807,4,πολύς,136,"πολύς, 136","πολύς, 136"
ancient,807,4,πόρις,151,"πόρις, 151","πόρις, 151"
ancient,807,4,πόρκος,129,"πόρκος, 129","πόρκος, 129"
ancient,807,4,πόρος,129,"πόρος, 129","πόρος, 129"
ancient,807,4,πόσις,"xvii, 121","πόσις, xvii, 121","πόσις, xvii, 121"
ancient,807,4,ποτάομαι,139,"ποτάομαι, 139","ποτάομαι, 139"
ancient,807,4,πότερος,"xxvii, 264","πότερος, xxvii, 264","πότερος, χχνίϊ, | 264"
ancient,807,4,πούς,xxii,"πούς, xxii","πούς, xxii"
ancient,807,4,πράμος,157,"πράμος, 157","πράμος, 157"
ancient,807,4,πραπίς,244,"πραπίς, 244","πραπίς, 244"
ancient,807,4,πρίων,399,"πρίων, 399","πρίων, 399"
ancient,807,4,πρωί,156,"πρωί, 156","πρωί, 156"
ancient,807,4,πρώιος,156,"πρώιος, 156","πρώιος, 156"
ancient,807,4,πτελέα,136,"πτελέα, 136","πτελέα, 136"
ancient,807,4,πτερίς,130,"πτερίς, 130","πτερίς, 130"
ancient,807,4,πτέρνη,"xxv, 137","πτέρνη, xxv, 137","πτέρνη, χχν, 137"
ancient,807,4,πτέρον,139,"πτέρον, 139","πτέρον, 139"
ancient,807,4,πτισάνη,138,"πτισάνη, 138","πτισάνη, 138"
ancient,807,4,πτίσσω,"130, 138","πτίσσω, 130, 138","πτίσσω, 130, 138"
ancient,807,4,πτύω,468,"πτύω, 468","πτύω, 468"
ancient,807,4,πυθμήν,"xxxiv, 82","πυθμήν, xxxiv, 82","πυϑμήν, xxxiv, 82"
ancient,807,4,πυνθάνομαι,61,"πυνθάνομαι, 61","πυνϑάνομαι, 61"
ancient,807,4,πῦρ,151,"πῦρ, 151","πῦρ, 151"
ancient,807,4,πῶλος,"xx, 158","πῶλος, xx, 158","πῶλος, xx, 158"
ancient,807,4,ῥάδιξ,601,"ῥάδιξ, 601","ῥάδιξ, 601"
ancient,807,4,ῥαιβός,593,"ῥαιβός, 593","ῥαιβός, 593"
ancient,807,4,ῥάπυς,415,"ῥάπυς, 415","ῥάπυς, 415"
ancient,807,4,ῥέθος,412,"ῥέθος, 412","ῥέϑος, 412"
ancient,807,4,ῥέμβομαι,581,"ῥέμβομαι, 581","ῥέμβομαι, 581"
ancient,807,4,ῥεῦμα,483,"ῥεῦμα, 483","ῥεῦμα, 483"
ancient,807,4,ῥέω,485,"ῥέω, 485","ῥέω, 485"
ancient,807,4,ῥίζα,601,"ῥίζα, 601","ῥίζα, 601"
ancient,807,4,ῥόθος,484,"ῥόθος, 484","ῥόϑος, 484"
ancient,807,4,ῥοικός,593,"ῥοικός, 593","ῥοικός, 593"
ancient,808,1,ῥόμος,600,"ῥόμος, 600","ῥόμος, 600"
ancient,808,1,σαίρω,552,"σαίρω, 552","σαίρω, 552"
ancient,808,1,σάσσω,551,"σάσσω, 551","σάσσω, 551"
ancient,808,1,σάττω,551,"σάττω, 551","σάττω, 551"
ancient,808,1,σβέννυμι,320,"σβέννυμι, 320","σβέννυμι, 320"
ancient,808,1,σῆτες,225,"σῆτες, 225","σῆτες, 225"
ancient,808,1,σϊγάω,501,"σϊγάω, 501","σϊγάω, 501"
ancient,808,1,σιωπάω,501,"σιωπάω, 501","σιωπάω, 501"
ancient,808,1,σκάζω,"226, 446","σκάζω, 226, 446","σκάζω, 226, 44"
ancient,808,1,σκάλλω,443,"σκάλλω, 443","σκάλλω, 443"
ancient,808,1,σκαμβός,439,"σκαμβός, 439","σκαμβός, 439"
ancient,808,1,σκάπτω,438,"σκάπτω, 438","σκάπτω, 438"
ancient,808,1,σκέλος,450,"σκέλος, 450","σκέλος, 450"
ancient,808,1,σκιά,"445, 451","σκιά, 445, 451","σκιά, 445, 451"
ancient,808,1,σκότος,438,"σκότος, 438","σκότος, 438"
ancient,808,1,σκύφος,446,"σκύφος, 446","σκύφος, 446"
ancient,808,1,σκώπτω,450,"σκώπτω, 450","σκώπτω, 450"
ancient,808,1,σκῶρ,"xxvi, 440","σκῶρ, xxvi, 440","σκῶρ, χκχνὶ, 4.4"
ancient,808,1,σμερδνός,457,"σμερδνός, 457","σμερδνός, 457"
ancient,808,1,σμικρός,456,"σμικρός, 456","σμικρός, 456"
ancient,808,1,σμίλη,460,"σμίλη, 460","opin, 460"
ancient,808,1,σμύχω,458,"σμύχω, 458","σμύχω, 458"
ancient,808,1,σπάθη,464,"σπάθη, 464","σπάϑη, 464"
ancient,808,1,σπαίρω,471,"σπαίρω, 471","σπαίρω, 471"
ancient,808,1,σπάω,464,"σπάω, 464","σπάω, 464."
ancient,808,1,σπέρχω,470,"σπέρχω, 470","σπέρχω, 470"
ancient,808,1,σπεύδω,467,"σπεύδω, 467","σπεύδω, 467"
ancient,808,1,σπίγγος,467,"σπίγγος, 467","σπίγγος, 467"
ancient,808,1,σπίζω,467,"σπίζω, 467","σπίζω, 467"
ancient,808,1,σπόγγος,495,"σπόγγος, 495","σπόγγος, 495"
ancient,808,1,στάσις,472,"στάσις, 472","στάσις, 472"
ancient,808,1,στάχυς,480,"στάχυς, 480","στάχυς, 480"
ancient,808,1,στέγνος,537,"στέγνος, 537","στέγνος, 537"
ancient,808,1,στέγος,532,"στέγος, 532","στέγος, 532"
ancient,808,1,στέγω,532,"στέγω, 532","στέγω, 532"
ancient,808,1,στεῖρα,478,"στεῖρα, 478","στεῖρα, 478"
ancient,808,1,στείχω,"xxii, 47","στείχω, xxii, 47","στείχω, xxii, 47"
ancient,808,1,στέμβω,473,"στέμβω, 473","στέμβω, 473"
ancient,808,1,στερεός,488,"στερεός, 488","στερεός, 488"
ancient,808,1,στερέω,476,"στερέω, 476","στερέω, 476"
ancient,808,1,στέρφνιος,477,"στέρφνιος, 477","στέρφνιος, 477"
ancient,808,1,στήνιον,466,"στήνιον, 466","στήνιον, 466"
ancient,808,2,στοίχος,479,"στοίχος, 479","στοίχος, 479"
ancient,808,2,στόμα,"xxxvi, 480","στόμα, xxxvi, 480","στόμα, XXXVİ, 4"
ancient,808,2,στόρθη,486,"στόρθη, 486","στόρϑη, 486"
ancient,808,2,στόρνῦμι,483,"στόρνῦμι, 483","στόρνῦμι, 483"
ancient,808,2,στόχος,472,"στόχος, 472","στόχος, 472"
ancient,808,2,στρεύγομαι,484,"στρεύγομαι, 484","στρεύγομαι, 48"
ancient,808,2,στρέφω,"484, 486","στρέφω, 484, 486","στρέφω, 484, | 486"
ancient,808,2,στυφελίζω,478,"στυφελίζω, 478","στυφελίζω, 47!"
ancient,808,2,σύ,549,"σύ, 549","σύ, 549"
ancient,808,2,σφαραγέομαι,469,"σφαραγέομαι, 469","σφαραγέομαι, | 469"
ancient,808,2,σχίζω,446,"σχίζω, 446","σχίζω, 446"
ancient,808,2,σῶς,539,"σῶς, 539","σῶς, 539"
ancient,808,2,ταναός,"xxxviii, 552","ταναός, xxxviii, 552","ταναός, xxxviii, | 552"
ancient,808,2,τάνυμαι,533,"τάνυμαι, 533","τάνυμαι, 533"
ancient,808,2,ταῦρος,540,"ταῦρος, 540","ταῦρος, 540"
ancient,808,2,τέγγω,551,"τέγγω, 551","τέγγω, 551"
ancient,808,2,τέκνον,536,"τέκνον, 536","τέκνον, 536"
ancient,808,2,τέλθος,174,"τέλθος, 174","τέλϑος, 174"
ancient,808,2,τενθρήνη,101,"τενθρήνη, 101","τενϑρήνη, 101"
ancient,808,2,τέρπω,552,"τέρπω, 552","τέρπω, 552"
ancient,808,2,τέρσομαι,539,"τέρσομαι, 539","τέρσομαι, 539"
ancient,808,2,τεταγών,507,"τεταγών, 507","τεταγών, 507"
ancient,808,2,τέταρτος,139,"τέταρτος, 139","τέταρτος, 139"
ancient,808,2,τετραίνω,546,"τετραίνω, 546","τετραίνω, 546"
ancient,808,2,τέτραξ,535,"τέτραξ, 535","τέτραξ, 535"
ancient,808,2,τήγανον,532,"τήγανον, 532","τήγανον, 532"
ancient,808,2,τίθημι,98,"τίθημι, 98","τίϑημι, 98"
ancient,808,2,τίς,261,"τίς, 261","τίς, 261"
ancient,808,2,τιταίνω,533,"τιταίνω, 533","τιταίνω, 533"
ancient,808,2,τιτθός,519,"τιτθός, 519","τιτϑός, 519"
ancient,808,2,τοῖχος,"xl, 95","τοῖχος, xl, 95","τοῖχος, xl, 95"
ancient,808,2,τράμις,535,"τράμις, 535","τράμις, 535"
ancient,808,2,τραπέω,545,"τραπέω, 545","τραπέω, 545"
ancient,808,2,τράχω,544,"τράχω, 544","τράχω, 544"
ancient,808,2,τρεῖς,547,"τρεῖς, 547","τρεῖς, 547"
ancient,808,2,τρέφω,"98, 99","τρέφω, 98, 99","τρέφω, 98, 99"
ancient,808,2,τρέχω,"99, 544","τρέχω, 99, 544","τρέχω, 99, 544."
ancient,808,2,τροφαλίς,99,"τροφαλίς, 99","τροφαλίς, 99"
ancient,808,2,τρόφις,99,"τρόφις, 99","τρόφις, 99"
ancient,808,3,τυγχάνω,107,"τυγχάνω, 107","τυγχάνω, 107"
ancient,808,3,τύκος,550,"τύκος, 550","τύκος, 550"
ancient,808,3,τύλος,550,"τύλος, 550","τύλος, 550"
ancient,808,3,τύρβη,553,"τύρβη, 553","τύρβη, 553"
ancient,808,3,τυφλός,90,"τυφλός, 90","τυφλός, 90"
ancient,808,3,ὑγρός,569,"ὑγρός, 569","ὑγρός, 569"
ancient,808,3,ὕδρα,562,"ὕδρα, 562","ὕδρα, 562"
ancient,808,3,υἱός,493,"υἱός, 493","υἱός, 493"
ancient,808,3,ὑμήν,427,"ὑμήν, 427","ὑμήν, 427"
ancient,808,3,ὕπαρ,497,"ὕπαρ, 497","ὕπαρ, 497"
ancient,808,3,ὕπερ,557,"ὕπερ, 557","ὕπερ, 557"
ancient,808,3,ὑπέρ-ἄντλος,560,"ὑπέρ-ἄντλος, 560","ὑπέρ-αντλος, | 560"
ancient,808,3,ὕπνος,497,"ὕπνος, 497","ὕπνος, 497"
ancient,808,3,ὕπο,557,"ὕπο, 557","ὕπο, 557"
ancient,808,3,ὕρον,503,"ὕρον, 503","ὕρον, 503"
ancient,808,3,ὗς,"xxii, 490","ὗς, xxii, 490","ὗς, xxii, 490"
ancient,808,3,ὑφαίνω,576,"ὑφαίνω, 576","ὑφαίνω, 576"
ancient,808,3,φαίνω,72,"φαίνω, 72","φαίνω, 72"
ancient,808,3,φάκελος,396,"φάκελος, 396","φάκελος, 396"
ancient,808,3,φακός,55,"φακός, 55","φακός, 55"
ancient,808,3,φαληρίς,50,"φαληρίς, 50","φαληρίς, 50"
ancient,808,3,φαλλός,"50, 83","φαλλός, 50, 83","φαλλός, 50, 83"
ancient,808,3,φάρυγξ,53,"φάρυγξ, 53","φάρυγξ, 53"
ancient,808,3,φείδομαι,65,"φείδομαι, 65","φείδομαι, 65"
ancient,808,3,φέρω,"xix, 599","φέρω, xix, 599","φέρω, xix, 59, 7"
ancient,808,3,φηγός,72,"φηγός, 72","φηγός, 72"
ancient,808,3,φημί,52,"φημί, 52","φημί, 52"
ancient,808,3,φθίνω,112,"φθίνω, 112","φϑίνω, 112"
ancient,808,3,φίλος,64,"φίλος, 64","φίλος, 64."
ancient,808,3,φλυδαρός,67,"φλυδαρός, 67","φλυδαρός, 67"
ancient,808,3,φλυδάω,67,"φλυδάω, 67","φλυδάω, 67"
ancient,808,3,φρέαρ,80,"φρέαρ, 80","φρέαρ, 80"
ancient,808,3,φύομαι,"xxv, 71","φύομαι, xxv, 71","φύομαι, χχν, 71"
ancient,808,3,φώγω,"xvii, 49","φώγω, xvii, 49","φώγω, xvii, 49"
ancient,808,3,χαίνω,166,"χαίνω, 166","χαίνω, 166"
ancient,808,3,χαῖος,164,"χαῖος, 164","χαῖος, 164."
ancient,808,3,χαίρω,"175, 187","χαίρω, 175, 187","χαίρω, 175, 187"
ancient,808,3,χανδάνω,176,"χανδάνω, 176","χανδάνω, 176"
ancient,808,3,χάνδον,168,"χάνδον, 168","χάνδον, 168"
ancient,808,3,χάος,166,"χάος, 166","χάος, 166"
ancient,808,3,χάσκω,166,"χάσκω, 166","χάσκω, 166"
ancient,808,3,χέζω,170,"χέζω, 170","νέ7,ι 17N"
ancient,808,4,χέω,177,"χέω, 177","χέω, 177"
ancient,808,4,χήν,168,"χήν, 168","χήν, 168"
ancient,808,4,χθές,176,"χθές, 176","χϑές, 176"
ancient,808,4,χιών,184,"χιών, 184","χιών, 184."
ancient,808,4,χλεύη,180,"χλεύη, 180","χλεύη, 180"
ancient,808,4,χλωρός,174,"χλωρός, 174","χλωρός, 174."
ancient,808,4,χνίει,183,"χνίει, 183","χνίει, 183"
ancient,808,4,χολέρα,165,"χολέρα, 165","χολέρα, 165"
ancient,808,4,χόλος,165,"χόλος, 165","χόλος, 165"
ancient,808,4,-χραύω,188,"-χραύω, 188","-χραύω, 188"
ancient,808,4,χρίω,189,"χρίω, 189","χρίω, 189"
ancient,808,4,χυτὴ,194,"χυτὴ, 194","χυτὴ, 194"
ancient,808,4,χωλός,185,"χωλός, 185","χωλός, 185"
ancient,808,4,ψάμμος,425,"ψάμμος, 425","ψάμμος, 425"
ancient,808,4,ψάρ,466,"ψάρ, 466","ψάρ, 466"
ancient,808,4,ψύλλα,145,"ψύλλα, 145","ψύλλα, 145"
ancient,808,4,ὠλένη,"XX, 22","ὠλένη, XX, 22","ὠλένη, XX, 22"
ancient,808,4,ὠλήν,22,"ὠλήν, 22","ὠλήν, 22"
ancient,808,4,ὦμος,25,"ὦμος, 25","ὦμος, 25"
ancient,808,4,ὠμός,"25, 117","ὠμός, 25, 117","ὠμός, 25, 117"
ancient,808,4,ᾠόν,"χχί, xl, 17","ᾠόν, χχί, xl, 17","ᾠόν, χχί, xl, 17"
ancient,808,4,ὥρα,273,"ὥρα, 273","ὥρα, 273"
ancient,808,4,ὦρος,593,"ὦρος, 593","ὦρος, 593"
modern,808,4,βάλτος,398,"βάλτος, 398","βάλτος, 398"
modern,808,4,νυφίτσα,356,"νυφίτσα, 356","νυφίτσα, 356"
